Instrument Name,DustTrak DRX
Model Number,8534
Serial Number,8534203806
Firmware Version,3.7
Calibration Date,22/02/2024
Test Name,ESJB_dt02_001
Test Start Time,05:04:05 PM
Test Start Date,28/10/2024
Test Length [D:H:M],2:23:57
Test Interval [M:S],1:0
PM1 Average [mg/m3],0.022
PM1 Minimum [mg/m3],0.010
PM1 Maximum [mg/m3],0.073
PM1 TWA [mg/m3],0.017
PM2.5 Average [mg/m3],0.022
PM2.5 Minimum [mg/m3],0.010
PM2.5 Maximum [mg/m3],0.073
PM2.5 TWA [mg/m3],0.017
PM4 Average [mg/m3],0.023
PM4 Minimum [mg/m3],0.011
PM4 Maximum [mg/m3],0.077
PM4 TWA [mg/m3],0.017
PM10 Average [mg/m3],0.035
PM10 Minimum [mg/m3],0.011
PM10 Maximum [mg/m3],0.152
PM10 TWA [mg/m3],0.022
TOTAL Average [mg/m3],0.047
TOTAL Minimum [mg/m3],0.011
TOTAL Maximum [mg/m3],0.284
TOTAL TWA [mg/m3],0.024
Photometric User Cal,1.00
Size Correction User Cal,1.00
Flow User Cal,0.00
Errors,
Number of Samples,4317

Elapsed Time [s],PM1 [mg/m3],PM2.5 [mg/m3],PM4 [mg/m3],PM10 [mg/m3],TOTAL [mg/m3],Alarms,Errors
60,0.026,0.026,0.027,0.045,0.066,,
120,0.020,0.020,0.022,0.041,0.057,,
180,0.024,0.024,0.025,0.044,0.067,,
240,0.021,0.021,0.023,0.044,0.067,,
300,0.018,0.018,0.020,0.036,0.050,,
360,0.020,0.020,0.022,0.040,0.062,,
420,0.020,0.020,0.022,0.040,0.058,,
480,0.023,0.023,0.024,0.043,0.061,,
540,0.021,0.021,0.023,0.040,0.057,,
600,0.019,0.019,0.021,0.039,0.056,,
660,0.020,0.020,0.021,0.040,0.053,,
720,0.020,0.020,0.022,0.041,0.058,,
780,0.019,0.019,0.020,0.036,0.051,,
840,0.019,0.019,0.020,0.036,0.050,,
900,0.017,0.017,0.019,0.033,0.047,,
960,0.020,0.020,0.022,0.037,0.055,,
1020,0.020,0.020,0.022,0.039,0.057,,
1080,0.020,0.020,0.022,0.039,0.053,,
1140,0.018,0.018,0.020,0.035,0.049,,
1200,0.019,0.019,0.021,0.035,0.049,,
1260,0.019,0.019,0.021,0.034,0.049,,
1320,0.018,0.018,0.020,0.033,0.052,,
1380,0.018,0.018,0.020,0.035,0.047,,
1440,0.018,0.018,0.020,0.036,0.050,,
1500,0.019,0.019,0.021,0.039,0.060,,
1560,0.021,0.021,0.023,0.041,0.072,,
1620,0.021,0.021,0.023,0.041,0.067,,
1680,0.019,0.019,0.020,0.038,0.055,,
1740,0.021,0.021,0.022,0.039,0.062,,
1800,0.017,0.017,0.019,0.034,0.044,,
1860,0.019,0.019,0.021,0.038,0.055,,
1920,0.018,0.018,0.020,0.038,0.053,,
1980,0.018,0.018,0.020,0.035,0.049,,
2040,0.017,0.017,0.019,0.036,0.044,,
2100,0.018,0.018,0.020,0.035,0.047,,
2160,0.018,0.018,0.020,0.032,0.044,,
2220,0.017,0.017,0.019,0.034,0.044,,
2280,0.017,0.017,0.018,0.032,0.041,,
2340,0.018,0.018,0.020,0.036,0.046,,
2400,0.019,0.019,0.020,0.035,0.048,,
2460,0.017,0.017,0.019,0.032,0.043,,
2520,0.016,0.016,0.018,0.033,0.039,,
2580,0.017,0.017,0.018,0.033,0.042,,
2640,0.017,0.017,0.018,0.031,0.037,,
2700,0.017,0.017,0.018,0.031,0.040,,
2760,0.016,0.016,0.018,0.032,0.040,,
2820,0.016,0.016,0.018,0.029,0.038,,
2880,0.016,0.016,0.018,0.029,0.037,,
2940,0.015,0.015,0.016,0.028,0.033,,
3000,0.015,0.015,0.016,0.027,0.030,,
3060,0.014,0.014,0.016,0.027,0.031,,
3120,0.016,0.016,0.018,0.030,0.036,,
3180,0.015,0.015,0.016,0.028,0.033,,
3240,0.016,0.016,0.017,0.028,0.034,,
3300,0.016,0.016,0.017,0.029,0.035,,
3360,0.019,0.019,0.020,0.030,0.039,,
3420,0.016,0.016,0.017,0.028,0.036,,
3480,0.016,0.016,0.017,0.028,0.039,,
3540,0.017,0.017,0.018,0.030,0.043,,
3600,0.016,0.016,0.017,0.028,0.040,,
3660,0.017,0.017,0.018,0.030,0.043,,
3720,0.017,0.017,0.018,0.027,0.035,,
3780,0.016,0.016,0.017,0.028,0.035,,
3840,0.015,0.015,0.016,0.026,0.035,,
3900,0.014,0.014,0.016,0.026,0.030,,
3960,0.016,0.016,0.018,0.027,0.035,,
4020,0.015,0.015,0.016,0.026,0.033,,
4080,0.015,0.015,0.016,0.027,0.033,,
4140,0.015,0.015,0.016,0.025,0.032,,
4200,0.014,0.014,0.016,0.024,0.029,,
4260,0.015,0.015,0.016,0.027,0.032,,
4320,0.015,0.015,0.017,0.027,0.032,,
4380,0.015,0.015,0.017,0.030,0.036,,
4440,0.015,0.015,0.016,0.025,0.031,,
4500,0.015,0.015,0.016,0.027,0.033,,
4560,0.014,0.014,0.015,0.024,0.027,,
4620,0.014,0.014,0.015,0.025,0.029,,
4680,0.014,0.014,0.015,0.024,0.028,,
4740,0.015,0.015,0.016,0.026,0.034,,
4800,0.015,0.015,0.016,0.027,0.035,,
4860,0.014,0.014,0.015,0.023,0.026,,
4920,0.015,0.015,0.016,0.026,0.032,,
4980,0.014,0.014,0.016,0.026,0.029,,
5040,0.014,0.014,0.015,0.024,0.028,,
5100,0.014,0.014,0.015,0.025,0.028,,
5160,0.014,0.014,0.015,0.026,0.028,,
5220,0.014,0.014,0.015,0.024,0.027,,
5280,0.014,0.014,0.016,0.024,0.029,,
5340,0.014,0.014,0.015,0.024,0.028,,
5400,0.015,0.015,0.016,0.025,0.028,,
5460,0.015,0.015,0.017,0.025,0.031,,
5520,0.016,0.016,0.017,0.027,0.032,,
5580,0.014,0.014,0.015,0.023,0.027,,
5640,0.014,0.014,0.015,0.023,0.027,,
5700,0.014,0.014,0.015,0.023,0.025,,
5760,0.014,0.014,0.015,0.025,0.027,,
5820,0.015,0.015,0.016,0.028,0.032,,
5880,0.015,0.015,0.016,0.026,0.028,,
5940,0.015,0.015,0.016,0.025,0.028,,
6000,0.015,0.015,0.016,0.025,0.029,,
6060,0.015,0.015,0.017,0.028,0.034,,
6120,0.017,0.017,0.018,0.027,0.031,,
6180,0.015,0.015,0.016,0.025,0.028,,
6240,0.015,0.015,0.016,0.025,0.028,,
6300,0.015,0.015,0.017,0.026,0.032,,
6360,0.015,0.015,0.016,0.024,0.027,,
6420,0.015,0.015,0.016,0.024,0.025,,
6480,0.014,0.014,0.015,0.023,0.026,,
6540,0.015,0.015,0.016,0.024,0.026,,
6600,0.014,0.014,0.015,0.025,0.026,,
6660,0.015,0.015,0.016,0.024,0.027,,
6720,0.015,0.015,0.016,0.024,0.026,,
6780,0.015,0.015,0.016,0.023,0.025,,
6840,0.014,0.014,0.015,0.022,0.023,,
6900,0.015,0.015,0.016,0.023,0.026,,
6960,0.014,0.014,0.016,0.023,0.025,,
7020,0.014,0.014,0.015,0.023,0.024,,
7080,0.014,0.014,0.015,0.022,0.023,,
7140,0.016,0.016,0.017,0.024,0.027,,
7200,0.015,0.015,0.016,0.025,0.026,,
7260,0.014,0.014,0.015,0.023,0.025,,
7320,0.014,0.014,0.015,0.022,0.023,,
7380,0.014,0.014,0.015,0.023,0.026,,
7440,0.014,0.014,0.015,0.023,0.024,,
7500,0.014,0.014,0.015,0.021,0.022,,
7560,0.014,0.014,0.015,0.021,0.021,,
7620,0.014,0.014,0.015,0.022,0.023,,
7680,0.014,0.014,0.016,0.022,0.024,,
7740,0.014,0.014,0.015,0.022,0.024,,
7800,0.014,0.014,0.015,0.021,0.021,,
7860,0.014,0.014,0.015,0.020,0.023,,
7920,0.014,0.014,0.015,0.022,0.024,,
7980,0.014,0.014,0.015,0.021,0.022,,
8040,0.014,0.014,0.015,0.020,0.021,,
8100,0.014,0.014,0.015,0.022,0.023,,
8160,0.014,0.014,0.015,0.020,0.021,,
8220,0.014,0.014,0.015,0.021,0.022,,
8280,0.014,0.014,0.015,0.021,0.023,,
8340,0.015,0.015,0.016,0.022,0.022,,
8400,0.014,0.014,0.015,0.020,0.022,,
8460,0.015,0.015,0.016,0.021,0.022,,
8520,0.014,0.014,0.015,0.019,0.020,,
8580,0.014,0.014,0.015,0.019,0.020,,
8640,0.014,0.014,0.015,0.020,0.021,,
8700,0.014,0.014,0.015,0.019,0.021,,
8760,0.014,0.014,0.014,0.020,0.020,,
8820,0.014,0.014,0.015,0.020,0.021,,
8880,0.014,0.014,0.015,0.020,0.021,,
8940,0.014,0.014,0.015,0.020,0.021,,
9000,0.014,0.014,0.015,0.020,0.020,,
9060,0.014,0.014,0.014,0.018,0.019,,
9120,0.014,0.014,0.015,0.020,0.022,,
9180,0.014,0.014,0.015,0.020,0.021,,
9240,0.014,0.014,0.015,0.020,0.021,,
9300,0.014,0.014,0.015,0.019,0.019,,
9360,0.014,0.014,0.014,0.019,0.019,,
9420,0.014,0.014,0.015,0.019,0.019,,
9480,0.014,0.014,0.015,0.020,0.020,,
9540,0.013,0.013,0.014,0.018,0.018,,
9600,0.014,0.014,0.014,0.018,0.019,,
9660,0.014,0.014,0.015,0.020,0.021,,
9720,0.014,0.014,0.015,0.019,0.019,,
9780,0.013,0.013,0.014,0.019,0.019,,
9840,0.013,0.013,0.014,0.018,0.018,,
9900,0.014,0.014,0.015,0.020,0.021,,
9960,0.014,0.014,0.014,0.018,0.019,,
10020,0.013,0.013,0.014,0.018,0.018,,
10080,0.013,0.013,0.014,0.017,0.017,,
10140,0.014,0.014,0.014,0.018,0.019,,
10200,0.014,0.014,0.014,0.018,0.019,,
10260,0.013,0.013,0.014,0.017,0.017,,
10320,0.013,0.013,0.014,0.018,0.019,,
10380,0.013,0.013,0.014,0.018,0.018,,
10440,0.013,0.013,0.014,0.018,0.018,,
10500,0.013,0.013,0.014,0.018,0.018,,
10560,0.014,0.014,0.014,0.018,0.018,,
10620,0.014,0.014,0.014,0.017,0.018,,
10680,0.013,0.013,0.014,0.018,0.018,,
10740,0.013,0.013,0.014,0.017,0.017,,
10800,0.014,0.014,0.014,0.018,0.018,,
10860,0.014,0.014,0.014,0.018,0.019,,
10920,0.013,0.013,0.014,0.018,0.018,,
10980,0.013,0.013,0.014,0.017,0.017,,
11040,0.013,0.013,0.014,0.017,0.017,,
11100,0.013,0.013,0.014,0.017,0.017,,
11160,0.014,0.014,0.014,0.018,0.018,,
11220,0.014,0.014,0.014,0.018,0.018,,
11280,0.014,0.014,0.014,0.017,0.017,,
11340,0.014,0.014,0.014,0.017,0.018,,
11400,0.014,0.014,0.014,0.017,0.018,,
11460,0.013,0.013,0.014,0.016,0.016,,
11520,0.013,0.013,0.014,0.017,0.017,,
11580,0.013,0.013,0.014,0.017,0.017,,
11640,0.014,0.014,0.014,0.018,0.018,,
11700,0.013,0.013,0.014,0.017,0.017,,
11760,0.014,0.014,0.014,0.017,0.018,,
11820,0.014,0.014,0.014,0.018,0.019,,
11880,0.014,0.014,0.014,0.017,0.017,,
11940,0.014,0.014,0.014,0.017,0.017,,
12000,0.013,0.013,0.014,0.017,0.017,,
12060,0.014,0.014,0.015,0.018,0.019,,
12120,0.014,0.014,0.014,0.017,0.017,,
12180,0.014,0.014,0.014,0.017,0.017,,
12240,0.014,0.014,0.014,0.017,0.017,,
12300,0.013,0.013,0.014,0.017,0.017,,
12360,0.014,0.014,0.014,0.017,0.017,,
12420,0.014,0.014,0.014,0.017,0.018,,
12480,0.013,0.013,0.014,0.016,0.016,,
12540,0.013,0.013,0.014,0.017,0.017,,
12600,0.014,0.014,0.014,0.017,0.017,,
12660,0.013,0.013,0.014,0.017,0.017,,
12720,0.014,0.014,0.014,0.017,0.017,,
12780,0.014,0.014,0.014,0.017,0.017,,
12840,0.013,0.013,0.014,0.017,0.017,,
12900,0.013,0.013,0.014,0.016,0.016,,
12960,0.013,0.013,0.014,0.016,0.016,,
13020,0.013,0.013,0.014,0.017,0.017,,
13080,0.014,0.014,0.014,0.017,0.017,,
13140,0.013,0.013,0.014,0.016,0.016,,
13200,0.014,0.014,0.014,0.017,0.017,,
13260,0.013,0.013,0.014,0.016,0.017,,
13320,0.013,0.013,0.014,0.015,0.015,,
13380,0.013,0.013,0.014,0.016,0.016,,
13440,0.013,0.013,0.014,0.016,0.016,,
13500,0.014,0.014,0.014,0.016,0.016,,
13560,0.014,0.014,0.014,0.016,0.016,,
13620,0.013,0.013,0.014,0.016,0.016,,
13680,0.013,0.013,0.014,0.016,0.016,,
13740,0.014,0.014,0.014,0.016,0.016,,
13800,0.014,0.014,0.014,0.016,0.016,,
13860,0.014,0.014,0.014,0.017,0.017,,
13920,0.014,0.014,0.014,0.016,0.017,,
13980,0.013,0.013,0.014,0.016,0.016,,
14040,0.014,0.014,0.014,0.016,0.017,,
14100,0.014,0.014,0.014,0.016,0.017,,
14160,0.014,0.014,0.014,0.017,0.017,,
14220,0.013,0.013,0.014,0.016,0.017,,
14280,0.013,0.013,0.014,0.015,0.015,,
14340,0.014,0.014,0.014,0.016,0.016,,
14400,0.014,0.014,0.014,0.017,0.017,,
14460,0.014,0.014,0.014,0.016,0.016,,
14520,0.014,0.014,0.014,0.017,0.017,,
14580,0.014,0.014,0.014,0.017,0.017,,
14640,0.014,0.014,0.015,0.017,0.017,,
14700,0.015,0.015,0.015,0.018,0.018,,
14760,0.015,0.015,0.015,0.017,0.017,,
14820,0.014,0.014,0.015,0.017,0.017,,
14880,0.014,0.014,0.014,0.016,0.016,,
14940,0.014,0.014,0.015,0.016,0.017,,
15000,0.014,0.014,0.015,0.017,0.018,,
15060,0.015,0.015,0.015,0.017,0.018,,
15120,0.014,0.014,0.015,0.017,0.017,,
15180,0.014,0.014,0.015,0.017,0.017,,
15240,0.014,0.014,0.015,0.017,0.017,,
15300,0.014,0.014,0.015,0.017,0.017,,
15360,0.015,0.015,0.015,0.017,0.017,,
15420,0.014,0.014,0.015,0.016,0.016,,
15480,0.015,0.015,0.015,0.017,0.017,,
15540,0.015,0.015,0.015,0.017,0.017,,
15600,0.015,0.015,0.015,0.016,0.017,,
15660,0.014,0.014,0.015,0.017,0.017,,
15720,0.015,0.015,0.015,0.017,0.018,,
15780,0.014,0.014,0.015,0.016,0.016,,
15840,0.014,0.014,0.015,0.017,0.017,,
15900,0.015,0.015,0.015,0.017,0.017,,
15960,0.014,0.014,0.015,0.017,0.017,,
16020,0.014,0.014,0.015,0.017,0.017,,
16080,0.015,0.015,0.015,0.017,0.017,,
16140,0.014,0.014,0.015,0.016,0.016,,
16200,0.014,0.014,0.015,0.016,0.016,,
16260,0.015,0.015,0.015,0.017,0.018,,
16320,0.014,0.014,0.014,0.016,0.017,,
16380,0.015,0.015,0.015,0.016,0.016,,
16440,0.014,0.014,0.015,0.016,0.016,,
16500,0.015,0.015,0.015,0.017,0.017,,
16560,0.015,0.015,0.015,0.017,0.017,,
16620,0.014,0.014,0.015,0.016,0.016,,
16680,0.014,0.014,0.015,0.016,0.016,,
16740,0.014,0.014,0.015,0.016,0.016,,
16800,0.015,0.015,0.015,0.016,0.016,,
16860,0.015,0.015,0.015,0.016,0.016,,
16920,0.014,0.014,0.015,0.016,0.016,,
16980,0.014,0.014,0.015,0.016,0.016,,
17040,0.015,0.015,0.015,0.017,0.017,,
17100,0.015,0.015,0.015,0.017,0.017,,
17160,0.015,0.015,0.015,0.017,0.017,,
17220,0.015,0.015,0.015,0.017,0.017,,
17280,0.014,0.014,0.015,0.016,0.016,,
17340,0.015,0.015,0.015,0.017,0.017,,
17400,0.014,0.014,0.015,0.016,0.016,,
17460,0.014,0.014,0.015,0.016,0.016,,
17520,0.015,0.015,0.015,0.017,0.017,,
17580,0.014,0.014,0.015,0.015,0.015,,
17640,0.015,0.015,0.015,0.016,0.017,,
17700,0.015,0.015,0.015,0.017,0.017,,
17760,0.014,0.014,0.014,0.016,0.016,,
17820,0.014,0.014,0.015,0.016,0.016,,
17880,0.014,0.014,0.015,0.016,0.016,,
17940,0.014,0.014,0.015,0.016,0.016,,
18000,0.014,0.014,0.015,0.016,0.016,,
18060,0.014,0.014,0.015,0.016,0.016,,
18120,0.014,0.014,0.015,0.016,0.016,,
18180,0.014,0.014,0.015,0.016,0.016,,
18240,0.014,0.014,0.015,0.016,0.017,,
18300,0.014,0.014,0.015,0.016,0.016,,
18360,0.015,0.015,0.015,0.016,0.016,,
18420,0.015,0.015,0.015,0.017,0.017,,
18480,0.015,0.015,0.015,0.016,0.016,,
18540,0.015,0.015,0.015,0.017,0.017,,
18600,0.015,0.015,0.015,0.017,0.017,,
18660,0.015,0.015,0.015,0.017,0.017,,
18720,0.015,0.015,0.015,0.017,0.017,,
18780,0.014,0.014,0.014,0.016,0.016,,
18840,0.015,0.015,0.015,0.016,0.016,,
18900,0.015,0.015,0.015,0.017,0.017,,
18960,0.015,0.015,0.015,0.016,0.016,,
19020,0.015,0.015,0.015,0.016,0.017,,
19080,0.015,0.015,0.015,0.016,0.016,,
19140,0.015,0.015,0.015,0.017,0.017,,
19200,0.015,0.015,0.015,0.017,0.017,,
19260,0.015,0.015,0.015,0.016,0.016,,
19320,0.015,0.015,0.015,0.016,0.016,,
19380,0.015,0.015,0.015,0.017,0.017,,
19440,0.015,0.015,0.015,0.016,0.016,,
19500,0.015,0.015,0.016,0.017,0.017,,
19560,0.015,0.015,0.015,0.016,0.016,,
19620,0.015,0.015,0.015,0.017,0.017,,
19680,0.015,0.015,0.016,0.017,0.017,,
19740,0.015,0.015,0.016,0.017,0.017,,
19800,0.015,0.015,0.015,0.017,0.017,,
19860,0.015,0.015,0.016,0.017,0.017,,
19920,0.015,0.015,0.016,0.017,0.017,,
19980,0.015,0.015,0.016,0.017,0.017,,
20040,0.015,0.015,0.016,0.017,0.017,,
20100,0.016,0.016,0.016,0.017,0.017,,
20160,0.016,0.016,0.016,0.018,0.018,,
20220,0.015,0.015,0.016,0.017,0.017,,
20280,0.015,0.015,0.016,0.018,0.018,,
20340,0.015,0.015,0.016,0.017,0.018,,
20400,0.016,0.016,0.016,0.017,0.018,,
20460,0.015,0.015,0.016,0.017,0.017,,
20520,0.016,0.016,0.016,0.017,0.017,,
20580,0.015,0.015,0.016,0.017,0.017,,
20640,0.016,0.016,0.016,0.017,0.018,,
20700,0.016,0.016,0.016,0.017,0.017,,
20760,0.016,0.016,0.016,0.018,0.018,,
20820,0.016,0.016,0.016,0.017,0.017,,
20880,0.016,0.016,0.016,0.017,0.017,,
20940,0.017,0.017,0.017,0.018,0.018,,
21000,0.018,0.018,0.018,0.020,0.021,,
21060,0.018,0.018,0.018,0.021,0.021,,
21120,0.018,0.018,0.018,0.021,0.021,,
21180,0.018,0.018,0.019,0.021,0.021,,
21240,0.018,0.018,0.018,0.020,0.020,,
21300,0.018,0.018,0.018,0.020,0.021,,
21360,0.018,0.018,0.018,0.020,0.020,,
21420,0.018,0.018,0.018,0.020,0.020,,
21480,0.018,0.018,0.019,0.021,0.021,,
21540,0.019,0.019,0.019,0.020,0.020,,
21600,0.018,0.018,0.018,0.021,0.021,,
21660,0.019,0.019,0.019,0.022,0.022,,
21720,0.020,0.020,0.020,0.022,0.023,,
21780,0.019,0.019,0.020,0.022,0.023,,
21840,0.019,0.019,0.019,0.021,0.022,,
21900,0.019,0.019,0.019,0.021,0.022,,
21960,0.019,0.019,0.019,0.021,0.021,,
22020,0.019,0.019,0.019,0.021,0.021,,
22080,0.019,0.019,0.019,0.021,0.021,,
22140,0.019,0.019,0.019,0.021,0.021,,
22200,0.019,0.019,0.019,0.021,0.021,,
22260,0.019,0.019,0.019,0.021,0.022,,
22320,0.019,0.019,0.020,0.022,0.022,,
22380,0.019,0.019,0.020,0.021,0.021,,
22440,0.019,0.019,0.020,0.022,0.022,,
22500,0.019,0.019,0.019,0.021,0.022,,
22560,0.019,0.019,0.020,0.022,0.022,,
22620,0.019,0.019,0.019,0.021,0.021,,
22680,0.019,0.019,0.020,0.022,0.022,,
22740,0.019,0.019,0.019,0.021,0.021,,
22800,0.019,0.019,0.020,0.021,0.021,,
22860,0.019,0.019,0.020,0.021,0.021,,
22920,0.020,0.020,0.020,0.022,0.023,,
22980,0.020,0.020,0.020,0.022,0.023,,
23040,0.020,0.020,0.020,0.022,0.022,,
23100,0.020,0.020,0.020,0.022,0.022,,
23160,0.019,0.019,0.020,0.021,0.021,,
23220,0.020,0.020,0.020,0.021,0.022,,
23280,0.019,0.019,0.020,0.021,0.022,,
23340,0.020,0.020,0.020,0.021,0.021,,
23400,0.019,0.019,0.020,0.021,0.021,,
23460,0.020,0.020,0.020,0.021,0.021,,
23520,0.020,0.020,0.020,0.022,0.022,,
23580,0.020,0.020,0.020,0.021,0.021,,
23640,0.020,0.020,0.020,0.021,0.022,,
23700,0.020,0.020,0.020,0.021,0.021,,
23760,0.020,0.020,0.020,0.021,0.021,,
23820,0.021,0.021,0.021,0.022,0.023,,
23880,0.020,0.020,0.020,0.022,0.022,,
23940,0.020,0.020,0.021,0.023,0.023,,
24000,0.020,0.020,0.020,0.022,0.022,,
24060,0.020,0.020,0.020,0.021,0.022,,
24120,0.020,0.020,0.020,0.022,0.022,,
24180,0.020,0.020,0.020,0.022,0.022,,
24240,0.020,0.020,0.020,0.021,0.021,,
24300,0.020,0.020,0.021,0.022,0.022,,
24360,0.020,0.020,0.021,0.022,0.023,,
24420,0.020,0.020,0.021,0.022,0.022,,
24480,0.020,0.020,0.021,0.022,0.022,,
24540,0.020,0.020,0.021,0.022,0.022,,
24600,0.021,0.021,0.021,0.023,0.024,,
24660,0.020,0.020,0.020,0.022,0.023,,
24720,0.020,0.020,0.021,0.022,0.022,,
24780,0.020,0.020,0.021,0.022,0.022,,
24840,0.020,0.020,0.021,0.022,0.022,,
24900,0.021,0.021,0.021,0.023,0.023,,
24960,0.021,0.021,0.021,0.022,0.022,,
25020,0.021,0.021,0.021,0.023,0.023,,
25080,0.020,0.020,0.021,0.022,0.022,,
25140,0.021,0.021,0.021,0.022,0.023,,
25200,0.021,0.021,0.021,0.022,0.022,,
25260,0.021,0.021,0.021,0.022,0.023,,
25320,0.020,0.020,0.021,0.022,0.022,,
25380,0.020,0.020,0.021,0.022,0.023,,
25440,0.021,0.021,0.021,0.023,0.023,,
25500,0.020,0.020,0.021,0.022,0.023,,
25560,0.021,0.021,0.021,0.022,0.023,,
25620,0.021,0.021,0.021,0.023,0.023,,
25680,0.021,0.021,0.021,0.022,0.022,,
25740,0.021,0.021,0.021,0.022,0.022,,
25800,0.021,0.021,0.021,0.023,0.023,,
25860,0.021,0.021,0.022,0.023,0.024,,
25920,0.021,0.021,0.022,0.023,0.023,,
25980,0.021,0.021,0.022,0.023,0.023,,
26040,0.022,0.022,0.022,0.024,0.024,,
26100,0.021,0.021,0.022,0.023,0.023,,
26160,0.021,0.021,0.022,0.024,0.024,,
26220,0.021,0.021,0.021,0.023,0.023,,
26280,0.022,0.022,0.022,0.024,0.024,,
26340,0.022,0.022,0.022,0.023,0.023,,
26400,0.023,0.023,0.023,0.025,0.025,,
26460,0.023,0.023,0.023,0.024,0.025,,
26520,0.023,0.023,0.024,0.026,0.026,,
26580,0.023,0.023,0.023,0.025,0.025,,
26640,0.022,0.022,0.022,0.024,0.024,,
26700,0.022,0.022,0.022,0.024,0.024,,
26760,0.022,0.022,0.022,0.023,0.023,,
26820,0.022,0.022,0.022,0.024,0.024,,
26880,0.022,0.022,0.022,0.023,0.024,,
26940,0.022,0.022,0.022,0.023,0.023,,
27000,0.022,0.022,0.022,0.023,0.023,,
27060,0.022,0.022,0.022,0.024,0.024,,
27120,0.022,0.022,0.023,0.025,0.025,,
27180,0.022,0.022,0.022,0.023,0.023,,
27240,0.022,0.022,0.022,0.024,0.024,,
27300,0.022,0.022,0.022,0.023,0.023,,
27360,0.022,0.022,0.022,0.024,0.024,,
27420,0.022,0.022,0.022,0.024,0.024,,
27480,0.022,0.022,0.022,0.024,0.024,,
27540,0.022,0.022,0.023,0.024,0.024,,
27600,0.022,0.022,0.022,0.024,0.024,,
27660,0.022,0.022,0.022,0.024,0.024,,
27720,0.022,0.022,0.023,0.023,0.023,,
27780,0.022,0.022,0.023,0.024,0.025,,
27840,0.022,0.022,0.023,0.024,0.024,,
27900,0.022,0.022,0.023,0.024,0.024,,
27960,0.022,0.022,0.023,0.024,0.024,,
28020,0.022,0.022,0.022,0.024,0.024,,
28080,0.022,0.022,0.022,0.023,0.023,,
28140,0.022,0.022,0.023,0.024,0.024,,
28200,0.022,0.022,0.023,0.024,0.024,,
28260,0.022,0.022,0.023,0.024,0.024,,
28320,0.022,0.022,0.023,0.024,0.024,,
28380,0.022,0.022,0.023,0.024,0.024,,
28440,0.023,0.023,0.023,0.024,0.024,,
28500,0.023,0.023,0.023,0.024,0.024,,
28560,0.023,0.023,0.023,0.024,0.024,,
28620,0.023,0.023,0.023,0.025,0.026,,
28680,0.023,0.023,0.023,0.024,0.025,,
28740,0.022,0.022,0.022,0.023,0.023,,
28800,0.022,0.022,0.023,0.023,0.023,,
28860,0.022,0.022,0.023,0.024,0.024,,
28920,0.022,0.022,0.023,0.024,0.024,,
28980,0.022,0.022,0.022,0.024,0.024,,
29040,0.022,0.022,0.022,0.023,0.023,,
29100,0.022,0.022,0.023,0.024,0.024,,
29160,0.022,0.022,0.022,0.023,0.023,,
29220,0.022,0.022,0.023,0.024,0.024,,
29280,0.023,0.023,0.023,0.025,0.025,,
29340,0.022,0.022,0.023,0.024,0.024,,
29400,0.023,0.023,0.023,0.024,0.024,,
29460,0.022,0.022,0.022,0.024,0.024,,
29520,0.022,0.022,0.023,0.024,0.024,,
29580,0.022,0.022,0.023,0.024,0.024,,
29640,0.022,0.022,0.023,0.024,0.024,,
29700,0.022,0.022,0.023,0.024,0.024,,
29760,0.023,0.023,0.023,0.025,0.025,,
29820,0.023,0.023,0.023,0.024,0.024,,
29880,0.022,0.022,0.023,0.024,0.024,,
29940,0.023,0.023,0.023,0.025,0.025,,
30000,0.022,0.022,0.023,0.024,0.024,,
30060,0.023,0.023,0.023,0.024,0.025,,
30120,0.023,0.023,0.023,0.024,0.024,,
30180,0.023,0.023,0.023,0.024,0.024,,
30240,0.022,0.022,0.023,0.023,0.024,,
30300,0.022,0.022,0.022,0.023,0.024,,
30360,0.022,0.022,0.023,0.024,0.024,,
30420,0.022,0.022,0.023,0.023,0.023,,
30480,0.022,0.022,0.023,0.024,0.024,,
30540,0.022,0.022,0.023,0.024,0.024,,
30600,0.022,0.022,0.023,0.024,0.024,,
30660,0.022,0.022,0.023,0.024,0.024,,
30720,0.023,0.023,0.023,0.024,0.025,,
30780,0.022,0.022,0.022,0.024,0.024,,
30840,0.022,0.022,0.022,0.024,0.024,,
30900,0.022,0.022,0.022,0.023,0.024,,
30960,0.022,0.022,0.022,0.024,0.024,,
31020,0.022,0.022,0.022,0.023,0.023,,
31080,0.022,0.022,0.022,0.024,0.024,,
31140,0.022,0.022,0.022,0.023,0.023,,
31200,0.022,0.022,0.022,0.024,0.024,,
31260,0.022,0.022,0.022,0.023,0.023,,
31320,0.022,0.022,0.022,0.023,0.024,,
31380,0.022,0.022,0.022,0.023,0.023,,
31440,0.022,0.022,0.022,0.023,0.023,,
31500,0.022,0.022,0.022,0.023,0.023,,
31560,0.022,0.022,0.022,0.023,0.023,,
31620,0.022,0.022,0.022,0.023,0.023,,
31680,0.021,0.021,0.022,0.022,0.022,,
31740,0.021,0.021,0.022,0.023,0.023,,
31800,0.021,0.021,0.022,0.023,0.023,,
31860,0.021,0.021,0.021,0.023,0.023,,
31920,0.021,0.021,0.022,0.023,0.023,,
31980,0.021,0.021,0.022,0.023,0.023,,
32040,0.021,0.021,0.021,0.022,0.023,,
32100,0.021,0.021,0.021,0.022,0.022,,
32160,0.021,0.021,0.021,0.022,0.023,,
32220,0.021,0.021,0.021,0.022,0.022,,
32280,0.021,0.021,0.021,0.022,0.022,,
32340,0.021,0.021,0.021,0.022,0.022,,
32400,0.021,0.021,0.021,0.022,0.023,,
32460,0.021,0.021,0.021,0.022,0.022,,
32520,0.021,0.021,0.021,0.022,0.022,,
32580,0.021,0.021,0.021,0.022,0.022,,
32640,0.021,0.021,0.021,0.022,0.022,,
32700,0.021,0.021,0.021,0.022,0.022,,
32760,0.021,0.021,0.021,0.022,0.022,,
32820,0.020,0.020,0.021,0.022,0.022,,
32880,0.020,0.020,0.021,0.021,0.021,,
32940,0.020,0.020,0.021,0.022,0.022,,
33000,0.020,0.020,0.020,0.021,0.022,,
33060,0.020,0.020,0.021,0.021,0.021,,
33120,0.020,0.020,0.020,0.021,0.021,,
33180,0.020,0.020,0.021,0.022,0.022,,
33240,0.020,0.020,0.020,0.021,0.021,,
33300,0.020,0.020,0.020,0.021,0.021,,
33360,0.020,0.020,0.020,0.021,0.021,,
33420,0.020,0.020,0.020,0.021,0.021,,
33480,0.020,0.020,0.020,0.021,0.021,,
33540,0.020,0.020,0.020,0.021,0.021,,
33600,0.020,0.020,0.021,0.022,0.022,,
33660,0.020,0.020,0.021,0.021,0.021,,
33720,0.020,0.020,0.021,0.021,0.021,,
33780,0.020,0.020,0.021,0.021,0.021,,
33840,0.020,0.020,0.020,0.021,0.021,,
33900,0.020,0.020,0.021,0.021,0.021,,
33960,0.020,0.020,0.020,0.021,0.021,,
34020,0.021,0.021,0.021,0.022,0.022,,
34080,0.020,0.020,0.020,0.021,0.021,,
34140,0.020,0.020,0.020,0.021,0.021,,
34200,0.020,0.020,0.020,0.021,0.021,,
34260,0.020,0.020,0.020,0.021,0.021,,
34320,0.020,0.020,0.020,0.021,0.021,,
34380,0.020,0.020,0.020,0.021,0.021,,
34440,0.020,0.020,0.021,0.021,0.021,,
34500,0.020,0.020,0.020,0.021,0.021,,
34560,0.020,0.020,0.021,0.021,0.021,,
34620,0.020,0.020,0.020,0.021,0.021,,
34680,0.020,0.020,0.020,0.021,0.021,,
34740,0.020,0.020,0.020,0.021,0.021,,
34800,0.020,0.020,0.020,0.021,0.021,,
34860,0.020,0.020,0.020,0.021,0.021,,
34920,0.020,0.020,0.020,0.021,0.021,,
34980,0.020,0.020,0.020,0.021,0.021,,
35040,0.020,0.020,0.020,0.021,0.022,,
35100,0.020,0.020,0.020,0.021,0.021,,
35160,0.020,0.020,0.020,0.020,0.020,,
35220,0.020,0.020,0.020,0.021,0.021,,
35280,0.020,0.020,0.020,0.021,0.021,,
35340,0.020,0.020,0.020,0.021,0.021,,
35400,0.020,0.020,0.020,0.021,0.021,,
35460,0.020,0.020,0.020,0.021,0.021,,
35520,0.020,0.020,0.020,0.021,0.021,,
35580,0.020,0.020,0.020,0.020,0.020,,
35640,0.020,0.020,0.020,0.021,0.021,,
35700,0.020,0.020,0.020,0.021,0.021,,
35760,0.020,0.020,0.020,0.021,0.021,,
35820,0.020,0.020,0.020,0.021,0.021,,
35880,0.020,0.020,0.020,0.020,0.020,,
35940,0.020,0.020,0.020,0.020,0.020,,
36000,0.020,0.020,0.020,0.021,0.021,,
36060,0.020,0.020,0.020,0.021,0.021,,
36120,0.020,0.020,0.020,0.020,0.020,,
36180,0.020,0.020,0.020,0.021,0.021,,
36240,0.020,0.020,0.020,0.020,0.020,,
36300,0.020,0.020,0.020,0.020,0.020,,
36360,0.020,0.020,0.020,0.020,0.020,,
36420,0.020,0.020,0.020,0.021,0.021,,
36480,0.020,0.020,0.020,0.020,0.020,,
36540,0.020,0.020,0.020,0.020,0.020,,
36600,0.020,0.020,0.020,0.021,0.021,,
36660,0.020,0.020,0.020,0.020,0.020,,
36720,0.020,0.020,0.020,0.021,0.021,,
36780,0.020,0.020,0.020,0.021,0.021,,
36840,0.020,0.020,0.020,0.020,0.020,,
36900,0.019,0.019,0.020,0.020,0.020,,
36960,0.020,0.020,0.020,0.020,0.020,,
37020,0.020,0.020,0.020,0.020,0.020,,
37080,0.020,0.020,0.020,0.020,0.020,,
37140,0.020,0.020,0.020,0.020,0.020,,
37200,0.020,0.020,0.020,0.020,0.020,,
37260,0.020,0.020,0.020,0.020,0.020,,
37320,0.020,0.020,0.020,0.021,0.021,,
37380,0.019,0.019,0.019,0.020,0.020,,
37440,0.020,0.020,0.020,0.020,0.020,,
37500,0.019,0.019,0.019,0.020,0.020,,
37560,0.019,0.019,0.019,0.020,0.020,,
37620,0.019,0.019,0.019,0.020,0.020,,
37680,0.019,0.019,0.020,0.020,0.020,,
37740,0.019,0.019,0.020,0.020,0.020,,
37800,0.020,0.020,0.020,0.021,0.021,,
37860,0.019,0.019,0.020,0.020,0.020,,
37920,0.019,0.019,0.019,0.020,0.020,,
37980,0.019,0.019,0.019,0.020,0.020,,
38040,0.019,0.019,0.019,0.020,0.020,,
38100,0.019,0.019,0.019,0.020,0.020,,
38160,0.019,0.019,0.020,0.020,0.020,,
38220,0.019,0.019,0.019,0.020,0.020,,
38280,0.019,0.019,0.019,0.020,0.020,,
38340,0.019,0.019,0.020,0.020,0.020,,
38400,0.019,0.019,0.019,0.020,0.020,,
38460,0.019,0.019,0.019,0.020,0.020,,
38520,0.019,0.019,0.019,0.020,0.020,,
38580,0.019,0.019,0.019,0.019,0.019,,
38640,0.019,0.019,0.019,0.019,0.019,,
38700,0.019,0.019,0.019,0.020,0.020,,
38760,0.019,0.019,0.019,0.020,0.020,,
38820,0.019,0.019,0.019,0.019,0.019,,
38880,0.019,0.019,0.019,0.020,0.020,,
38940,0.019,0.019,0.019,0.020,0.020,,
39000,0.018,0.018,0.019,0.019,0.019,,
39060,0.018,0.018,0.018,0.019,0.019,,
39120,0.018,0.018,0.019,0.019,0.019,,
39180,0.018,0.018,0.018,0.019,0.019,,
39240,0.018,0.018,0.019,0.019,0.019,,
39300,0.018,0.018,0.019,0.019,0.019,,
39360,0.018,0.018,0.018,0.019,0.019,,
39420,0.018,0.018,0.018,0.019,0.019,,
39480,0.018,0.018,0.018,0.019,0.019,,
39540,0.018,0.018,0.018,0.019,0.019,,
39600,0.018,0.018,0.018,0.019,0.019,,
39660,0.018,0.018,0.018,0.019,0.019,,
39720,0.018,0.018,0.018,0.019,0.019,,
39780,0.018,0.018,0.018,0.019,0.019,,
39840,0.018,0.018,0.018,0.019,0.019,,
39900,0.018,0.018,0.018,0.019,0.019,,
39960,0.018,0.018,0.018,0.019,0.019,,
40020,0.018,0.018,0.018,0.019,0.019,,
40080,0.018,0.018,0.018,0.019,0.019,,
40140,0.018,0.018,0.018,0.019,0.019,,
40200,0.018,0.018,0.018,0.019,0.019,,
40260,0.018,0.018,0.018,0.019,0.019,,
40320,0.018,0.018,0.018,0.018,0.018,,
40380,0.018,0.018,0.018,0.018,0.019,,
40440,0.018,0.018,0.018,0.018,0.018,,
40500,0.017,0.017,0.018,0.018,0.018,,
40560,0.017,0.017,0.018,0.018,0.018,,
40620,0.017,0.017,0.018,0.018,0.018,,
40680,0.017,0.017,0.018,0.018,0.018,,
40740,0.017,0.017,0.017,0.018,0.018,,
40800,0.017,0.017,0.017,0.018,0.018,,
40860,0.017,0.017,0.017,0.018,0.018,,
40920,0.017,0.017,0.017,0.018,0.018,,
40980,0.017,0.017,0.017,0.018,0.018,,
41040,0.017,0.017,0.017,0.018,0.018,,
41100,0.017,0.017,0.017,0.018,0.018,,
41160,0.017,0.017,0.017,0.017,0.017,,
41220,0.017,0.017,0.017,0.017,0.017,,
41280,0.017,0.017,0.017,0.018,0.018,,
41340,0.017,0.017,0.017,0.017,0.017,,
41400,0.017,0.017,0.017,0.018,0.018,,
41460,0.017,0.017,0.017,0.018,0.018,,
41520,0.017,0.017,0.017,0.017,0.018,,
41580,0.017,0.017,0.017,0.017,0.017,,
41640,0.017,0.017,0.017,0.018,0.018,,
41700,0.017,0.017,0.017,0.017,0.017,,
41760,0.016,0.016,0.017,0.017,0.017,,
41820,0.017,0.017,0.017,0.017,0.017,,
41880,0.017,0.017,0.017,0.017,0.017,,
41940,0.016,0.016,0.017,0.017,0.017,,
42000,0.017,0.017,0.017,0.017,0.017,,
42060,0.016,0.016,0.016,0.017,0.017,,
42120,0.016,0.016,0.016,0.017,0.017,,
42180,0.016,0.016,0.017,0.017,0.017,,
42240,0.016,0.016,0.016,0.017,0.017,,
42300,0.016,0.016,0.016,0.017,0.017,,
42360,0.016,0.016,0.017,0.017,0.018,,
42420,0.016,0.016,0.016,0.017,0.017,,
42480,0.016,0.016,0.016,0.017,0.017,,
42540,0.016,0.016,0.016,0.017,0.017,,
42600,0.016,0.016,0.016,0.017,0.017,,
42660,0.016,0.016,0.016,0.017,0.017,,
42720,0.016,0.016,0.016,0.017,0.017,,
42780,0.016,0.016,0.016,0.017,0.017,,
42840,0.016,0.016,0.016,0.016,0.016,,
42900,0.016,0.016,0.016,0.017,0.017,,
42960,0.016,0.016,0.016,0.017,0.017,,
43020,0.016,0.016,0.016,0.017,0.017,,
43080,0.016,0.016,0.016,0.017,0.017,,
43140,0.016,0.016,0.016,0.016,0.016,,
43200,0.016,0.016,0.016,0.016,0.016,,
43260,0.015,0.015,0.016,0.016,0.016,,
43320,0.016,0.016,0.016,0.016,0.016,,
43380,0.015,0.015,0.016,0.016,0.016,,
43440,0.015,0.015,0.016,0.016,0.016,,
43500,0.015,0.015,0.015,0.016,0.016,,
43560,0.015,0.015,0.015,0.016,0.016,,
43620,0.015,0.015,0.015,0.016,0.016,,
43680,0.015,0.015,0.015,0.016,0.016,,
43740,0.015,0.015,0.015,0.016,0.016,,
43800,0.015,0.015,0.015,0.016,0.016,,
43860,0.015,0.015,0.015,0.016,0.016,,
43920,0.015,0.015,0.015,0.015,0.015,,
43980,0.015,0.015,0.015,0.016,0.016,,
44040,0.015,0.015,0.015,0.016,0.016,,
44100,0.015,0.015,0.015,0.015,0.015,,
44160,0.015,0.015,0.015,0.015,0.015,,
44220,0.015,0.015,0.015,0.015,0.015,,
44280,0.015,0.015,0.015,0.016,0.016,,
44340,0.015,0.015,0.015,0.015,0.015,,
44400,0.015,0.015,0.015,0.015,0.015,,
44460,0.015,0.015,0.015,0.015,0.015,,
44520,0.015,0.015,0.015,0.015,0.015,,
44580,0.015,0.015,0.015,0.015,0.015,,
44640,0.015,0.015,0.015,0.015,0.015,,
44700,0.015,0.015,0.015,0.015,0.015,,
44760,0.015,0.015,0.015,0.016,0.016,,
44820,0.014,0.014,0.015,0.015,0.015,,
44880,0.014,0.014,0.014,0.015,0.015,,
44940,0.014,0.014,0.015,0.015,0.015,,
45000,0.015,0.015,0.015,0.015,0.015,,
45060,0.014,0.014,0.014,0.015,0.015,,
45120,0.014,0.014,0.015,0.015,0.015,,
45180,0.014,0.014,0.014,0.015,0.015,,
45240,0.014,0.014,0.014,0.015,0.015,,
45300,0.014,0.014,0.014,0.015,0.015,,
45360,0.014,0.014,0.014,0.015,0.015,,
45420,0.014,0.014,0.014,0.014,0.014,,
45480,0.014,0.014,0.014,0.014,0.014,,
45540,0.014,0.014,0.014,0.015,0.015,,
45600,0.014,0.014,0.014,0.015,0.015,,
45660,0.014,0.014,0.014,0.015,0.015,,
45720,0.014,0.014,0.014,0.015,0.015,,
45780,0.014,0.014,0.014,0.015,0.015,,
45840,0.014,0.014,0.014,0.015,0.015,,
45900,0.014,0.014,0.014,0.014,0.014,,
45960,0.014,0.014,0.014,0.014,0.014,,
46020,0.014,0.014,0.014,0.015,0.015,,
46080,0.014,0.014,0.014,0.014,0.014,,
46140,0.014,0.014,0.014,0.014,0.014,,
46200,0.014,0.014,0.014,0.015,0.015,,
46260,0.014,0.014,0.014,0.014,0.014,,
46320,0.014,0.014,0.014,0.014,0.014,,
46380,0.014,0.014,0.014,0.014,0.014,,
46440,0.014,0.014,0.014,0.014,0.014,,
46500,0.014,0.014,0.014,0.014,0.015,,
46560,0.014,0.014,0.014,0.015,0.015,,
46620,0.014,0.014,0.014,0.014,0.014,,
46680,0.014,0.014,0.014,0.014,0.014,,
46740,0.013,0.013,0.014,0.014,0.014,,
46800,0.013,0.013,0.013,0.014,0.014,,
46860,0.013,0.013,0.014,0.014,0.014,,
46920,0.014,0.014,0.014,0.014,0.014,,
46980,0.013,0.013,0.014,0.014,0.014,,
47040,0.014,0.014,0.014,0.014,0.014,,
47100,0.013,0.013,0.013,0.014,0.014,,
47160,0.013,0.013,0.013,0.014,0.014,,
47220,0.013,0.013,0.013,0.014,0.014,,
47280,0.013,0.013,0.013,0.014,0.014,,
47340,0.013,0.013,0.013,0.014,0.014,,
47400,0.013,0.013,0.013,0.014,0.014,,
47460,0.013,0.013,0.013,0.014,0.014,,
47520,0.013,0.013,0.013,0.014,0.014,,
47580,0.013,0.013,0.013,0.013,0.013,,
47640,0.013,0.013,0.013,0.014,0.014,,
47700,0.013,0.013,0.013,0.013,0.013,,
47760,0.013,0.013,0.013,0.014,0.014,,
47820,0.013,0.013,0.013,0.013,0.013,,
47880,0.013,0.013,0.013,0.013,0.013,,
47940,0.013,0.013,0.013,0.013,0.013,,
48000,0.013,0.013,0.013,0.013,0.013,,
48060,0.013,0.013,0.013,0.013,0.013,,
48120,0.013,0.013,0.013,0.013,0.013,,
48180,0.013,0.013,0.013,0.013,0.013,,
48240,0.013,0.013,0.013,0.013,0.013,,
48300,0.013,0.013,0.013,0.013,0.013,,
48360,0.013,0.013,0.013,0.013,0.013,,
48420,0.012,0.012,0.013,0.013,0.013,,
48480,0.012,0.012,0.013,0.013,0.013,,
48540,0.012,0.012,0.013,0.013,0.013,,
48600,0.012,0.012,0.013,0.013,0.013,,
48660,0.012,0.012,0.012,0.013,0.013,,
48720,0.012,0.012,0.013,0.013,0.013,,
48780,0.012,0.012,0.012,0.013,0.013,,
48840,0.012,0.012,0.012,0.013,0.013,,
48900,0.012,0.012,0.012,0.013,0.013,,
48960,0.012,0.012,0.012,0.013,0.013,,
49020,0.012,0.012,0.012,0.013,0.013,,
49080,0.012,0.012,0.012,0.012,0.012,,
49140,0.012,0.012,0.012,0.013,0.013,,
49200,0.012,0.012,0.012,0.013,0.013,,
49260,0.012,0.012,0.012,0.013,0.013,,
49320,0.012,0.012,0.012,0.013,0.013,,
49380,0.012,0.012,0.012,0.012,0.012,,
49440,0.012,0.012,0.012,0.013,0.013,,
49500,0.012,0.012,0.012,0.012,0.012,,
49560,0.012,0.012,0.012,0.012,0.012,,
49620,0.012,0.012,0.012,0.012,0.012,,
49680,0.012,0.012,0.012,0.013,0.013,,
49740,0.012,0.012,0.012,0.012,0.012,,
49800,0.012,0.012,0.012,0.012,0.012,,
49860,0.012,0.012,0.012,0.013,0.013,,
49920,0.012,0.012,0.012,0.012,0.012,,
49980,0.012,0.012,0.012,0.012,0.012,,
50040,0.012,0.012,0.012,0.013,0.013,,
50100,0.012,0.012,0.012,0.012,0.012,,
50160,0.012,0.012,0.012,0.012,0.012,,
50220,0.012,0.012,0.012,0.012,0.012,,
50280,0.012,0.012,0.012,0.012,0.013,,
50340,0.012,0.012,0.012,0.012,0.012,,
50400,0.011,0.011,0.012,0.012,0.012,,
50460,0.011,0.011,0.012,0.012,0.012,,
50520,0.011,0.011,0.012,0.012,0.012,,
50580,0.011,0.011,0.012,0.012,0.012,,
50640,0.011,0.011,0.011,0.012,0.012,,
50700,0.011,0.011,0.012,0.012,0.012,,
50760,0.011,0.011,0.011,0.012,0.012,,
50820,0.011,0.011,0.011,0.012,0.012,,
50880,0.011,0.011,0.011,0.012,0.012,,
50940,0.011,0.011,0.012,0.012,0.012,,
51000,0.011,0.011,0.011,0.012,0.012,,
51060,0.011,0.011,0.011,0.012,0.012,,
51120,0.011,0.011,0.011,0.012,0.012,,
51180,0.011,0.011,0.011,0.011,0.011,,
51240,0.011,0.011,0.012,0.012,0.013,,
51300,0.011,0.011,0.011,0.012,0.012,,
51360,0.011,0.011,0.011,0.012,0.012,,
51420,0.011,0.011,0.011,0.012,0.012,,
51480,0.011,0.011,0.011,0.012,0.012,,
51540,0.011,0.011,0.011,0.012,0.012,,
51600,0.011,0.011,0.011,0.012,0.012,,
51660,0.011,0.011,0.011,0.011,0.011,,
51720,0.011,0.011,0.011,0.011,0.011,,
51780,0.011,0.011,0.011,0.011,0.011,,
51840,0.011,0.011,0.011,0.012,0.013,,
51900,0.011,0.011,0.011,0.012,0.012,,
51960,0.011,0.011,0.011,0.012,0.012,,
52020,0.011,0.011,0.011,0.011,0.011,,
52080,0.011,0.011,0.011,0.011,0.011,,
52140,0.011,0.011,0.011,0.011,0.011,,
52200,0.011,0.011,0.011,0.012,0.012,,
52260,0.011,0.011,0.011,0.011,0.011,,
52320,0.011,0.011,0.011,0.011,0.011,,
52380,0.011,0.011,0.011,0.011,0.011,,
52440,0.011,0.011,0.011,0.012,0.012,,
52500,0.011,0.011,0.011,0.011,0.011,,
52560,0.011,0.011,0.011,0.012,0.012,,
52620,0.011,0.011,0.011,0.012,0.012,,
52680,0.011,0.011,0.011,0.011,0.011,,
52740,0.011,0.011,0.011,0.011,0.011,,
52800,0.011,0.011,0.011,0.012,0.012,,
52860,0.011,0.011,0.011,0.011,0.011,,
52920,0.011,0.011,0.011,0.012,0.012,,
52980,0.011,0.011,0.011,0.011,0.011,,
53040,0.011,0.011,0.011,0.011,0.011,,
53100,0.011,0.011,0.011,0.012,0.012,,
53160,0.011,0.011,0.011,0.011,0.012,,
53220,0.011,0.011,0.011,0.012,0.012,,
53280,0.011,0.011,0.011,0.011,0.011,,
53340,0.011,0.011,0.011,0.011,0.011,,
53400,0.011,0.011,0.011,0.011,0.011,,
53460,0.011,0.011,0.011,0.011,0.011,,
53520,0.011,0.011,0.011,0.011,0.011,,
53580,0.011,0.011,0.011,0.011,0.011,,
53640,0.011,0.011,0.011,0.011,0.011,,
53700,0.011,0.011,0.011,0.011,0.011,,
53760,0.011,0.011,0.011,0.011,0.011,,
53820,0.011,0.011,0.011,0.011,0.011,,
53880,0.011,0.011,0.011,0.011,0.011,,
53940,0.011,0.011,0.011,0.011,0.011,,
54000,0.011,0.011,0.011,0.011,0.011,,
54060,0.011,0.011,0.011,0.011,0.011,,
54120,0.011,0.011,0.011,0.011,0.011,,
54180,0.011,0.011,0.011,0.011,0.011,,
54240,0.011,0.011,0.011,0.011,0.011,,
54300,0.011,0.011,0.011,0.011,0.011,,
54360,0.011,0.011,0.011,0.011,0.011,,
54420,0.011,0.011,0.011,0.011,0.011,,
54480,0.011,0.011,0.011,0.011,0.011,,
54540,0.011,0.011,0.011,0.011,0.011,,
54600,0.011,0.011,0.011,0.011,0.011,,
54660,0.011,0.011,0.011,0.011,0.011,,
54720,0.011,0.011,0.011,0.011,0.011,,
54780,0.012,0.012,0.012,0.013,0.016,,
54840,0.011,0.011,0.011,0.012,0.014,,
54900,0.011,0.011,0.011,0.012,0.012,,
54960,0.010,0.010,0.011,0.011,0.011,,
55020,0.013,0.013,0.013,0.013,0.016,,
55080,0.011,0.011,0.011,0.012,0.014,,
55140,0.011,0.011,0.011,0.012,0.015,,
55200,0.011,0.011,0.012,0.013,0.014,,
55260,0.011,0.011,0.011,0.013,0.014,,
55320,0.011,0.011,0.011,0.013,0.015,,
55380,0.011,0.011,0.011,0.013,0.015,,
55440,0.011,0.011,0.011,0.012,0.013,,
55500,0.011,0.011,0.011,0.013,0.016,,
55560,0.011,0.011,0.011,0.012,0.014,,
55620,0.011,0.011,0.011,0.013,0.014,,
55680,0.011,0.011,0.011,0.013,0.015,,
55740,0.011,0.011,0.012,0.013,0.017,,
55800,0.012,0.012,0.012,0.013,0.016,,
55860,0.012,0.012,0.012,0.014,0.017,,
55920,0.011,0.011,0.011,0.013,0.015,,
55980,0.011,0.011,0.011,0.013,0.014,,
56040,0.012,0.012,0.012,0.014,0.020,,
56100,0.011,0.011,0.011,0.013,0.016,,
56160,0.012,0.012,0.012,0.014,0.019,,
56220,0.011,0.011,0.011,0.012,0.014,,
56280,0.011,0.011,0.012,0.014,0.017,,
56340,0.014,0.014,0.014,0.016,0.017,,
56400,0.011,0.011,0.011,0.013,0.015,,
56460,0.011,0.011,0.011,0.013,0.015,,
56520,0.011,0.011,0.011,0.013,0.015,,
56580,0.012,0.012,0.012,0.014,0.017,,
56640,0.011,0.011,0.011,0.014,0.016,,
56700,0.012,0.012,0.012,0.015,0.020,,
56760,0.011,0.011,0.011,0.014,0.016,,
56820,0.011,0.011,0.012,0.014,0.017,,
56880,0.011,0.011,0.011,0.014,0.017,,
56940,0.012,0.012,0.012,0.016,0.022,,
57000,0.012,0.012,0.012,0.017,0.022,,
57060,0.013,0.013,0.013,0.018,0.025,,
57120,0.013,0.013,0.013,0.018,0.025,,
57180,0.013,0.013,0.013,0.019,0.024,,
57240,0.013,0.013,0.014,0.018,0.025,,
57300,0.013,0.013,0.014,0.020,0.026,,
57360,0.014,0.014,0.014,0.021,0.029,,
57420,0.016,0.016,0.017,0.027,0.042,,
57480,0.018,0.018,0.020,0.038,0.056,,
57540,0.023,0.023,0.024,0.047,0.081,,
57600,0.024,0.024,0.026,0.056,0.095,,
57660,0.028,0.028,0.030,0.062,0.110,,
57720,0.028,0.028,0.030,0.059,0.113,,
57780,0.027,0.027,0.029,0.063,0.118,,
57840,0.028,0.028,0.029,0.061,0.106,,
57900,0.026,0.026,0.028,0.054,0.095,,
57960,0.027,0.027,0.029,0.058,0.110,,
58020,0.026,0.026,0.028,0.057,0.107,,
58080,0.025,0.025,0.027,0.055,0.096,,
58140,0.027,0.027,0.029,0.056,0.105,,
58200,0.025,0.025,0.027,0.052,0.091,,
58260,0.028,0.028,0.030,0.059,0.113,,
58320,0.024,0.024,0.026,0.051,0.088,,
58380,0.023,0.023,0.024,0.048,0.082,,
58440,0.021,0.021,0.023,0.045,0.077,,
58500,0.021,0.021,0.023,0.045,0.073,,
58560,0.024,0.024,0.025,0.050,0.086,,
58620,0.023,0.023,0.024,0.046,0.076,,
58680,0.021,0.021,0.022,0.044,0.071,,
58740,0.022,0.022,0.024,0.047,0.079,,
58800,0.024,0.024,0.025,0.047,0.081,,
58860,0.022,0.022,0.024,0.048,0.082,,
58920,0.023,0.023,0.024,0.049,0.083,,
58980,0.025,0.025,0.026,0.047,0.084,,
59040,0.022,0.022,0.023,0.044,0.077,,
59100,0.021,0.021,0.023,0.044,0.077,,
59160,0.023,0.023,0.024,0.045,0.079,,
59220,0.021,0.021,0.022,0.045,0.074,,
59280,0.021,0.021,0.022,0.045,0.080,,
59340,0.024,0.024,0.026,0.048,0.088,,
59400,0.023,0.023,0.025,0.048,0.091,,
59460,0.027,0.027,0.028,0.054,0.097,,
59520,0.025,0.025,0.027,0.052,0.099,,
59580,0.025,0.025,0.027,0.055,0.094,,
59640,0.027,0.027,0.029,0.057,0.104,,
59700,0.026,0.026,0.028,0.057,0.104,,
59760,0.024,0.024,0.026,0.052,0.089,,
59820,0.027,0.027,0.028,0.052,0.095,,
59880,0.027,0.027,0.028,0.054,0.099,,
59940,0.026,0.026,0.027,0.053,0.104,,
60000,0.025,0.025,0.027,0.052,0.096,,
60060,0.028,0.028,0.029,0.057,0.114,,
60120,0.028,0.028,0.030,0.059,0.112,,
60180,0.027,0.027,0.029,0.053,0.108,,
60240,0.024,0.024,0.025,0.054,0.086,,
60300,0.026,0.026,0.027,0.050,0.096,,
60360,0.024,0.024,0.025,0.050,0.089,,
60420,0.025,0.025,0.027,0.054,0.099,,
60480,0.024,0.024,0.026,0.054,0.085,,
60540,0.025,0.025,0.027,0.051,0.090,,
60600,0.024,0.024,0.026,0.051,0.090,,
60660,0.023,0.023,0.025,0.049,0.087,,
60720,0.025,0.025,0.027,0.053,0.103,,
60780,0.027,0.027,0.029,0.056,0.102,,
60840,0.023,0.023,0.025,0.049,0.094,,
60900,0.026,0.026,0.028,0.055,0.101,,
60960,0.024,0.024,0.026,0.052,0.095,,
61020,0.027,0.027,0.028,0.054,0.097,,
61080,0.026,0.026,0.027,0.052,0.099,,
61140,0.026,0.026,0.027,0.052,0.097,,
61200,0.025,0.025,0.027,0.051,0.096,,
61260,0.029,0.029,0.030,0.059,0.107,,
61320,0.026,0.026,0.027,0.054,0.103,,
61380,0.027,0.027,0.029,0.058,0.107,,
61440,0.027,0.027,0.029,0.055,0.107,,
61500,0.026,0.026,0.027,0.052,0.093,,
61560,0.025,0.025,0.027,0.052,0.100,,
61620,0.025,0.025,0.026,0.051,0.089,,
61680,0.025,0.025,0.027,0.051,0.092,,
61740,0.027,0.027,0.029,0.056,0.102,,
61800,0.025,0.025,0.026,0.047,0.096,,
61860,0.023,0.023,0.025,0.049,0.088,,
61920,0.024,0.024,0.026,0.049,0.087,,
61980,0.026,0.026,0.028,0.052,0.091,,
62040,0.025,0.025,0.027,0.051,0.093,,
62100,0.023,0.023,0.024,0.047,0.079,,
62160,0.023,0.023,0.025,0.050,0.088,,
62220,0.027,0.027,0.029,0.056,0.106,,
62280,0.023,0.023,0.024,0.049,0.081,,
62340,0.025,0.025,0.027,0.054,0.101,,
62400,0.025,0.025,0.027,0.053,0.097,,
62460,0.026,0.026,0.027,0.052,0.101,,
62520,0.025,0.025,0.026,0.052,0.097,,
62580,0.028,0.028,0.030,0.058,0.113,,
62640,0.032,0.032,0.034,0.064,0.122,,
62700,0.030,0.030,0.032,0.061,0.110,,
62760,0.027,0.027,0.029,0.057,0.108,,
62820,0.026,0.026,0.028,0.056,0.104,,
62880,0.028,0.028,0.030,0.058,0.103,,
62940,0.026,0.026,0.028,0.057,0.108,,
63000,0.030,0.030,0.032,0.061,0.117,,
63060,0.026,0.026,0.028,0.057,0.101,,
63120,0.028,0.028,0.030,0.058,0.108,,
63180,0.026,0.026,0.028,0.055,0.097,,
63240,0.024,0.024,0.026,0.052,0.092,,
63300,0.027,0.027,0.029,0.055,0.106,,
63360,0.026,0.026,0.028,0.056,0.099,,
63420,0.026,0.026,0.028,0.053,0.093,,
63480,0.025,0.025,0.027,0.053,0.093,,
63540,0.021,0.021,0.023,0.046,0.072,,
63600,0.024,0.024,0.026,0.051,0.079,,
63660,0.022,0.022,0.024,0.045,0.071,,
63720,0.020,0.020,0.022,0.044,0.067,,
63780,0.020,0.020,0.021,0.042,0.071,,
63840,0.021,0.021,0.023,0.042,0.070,,
63900,0.020,0.020,0.021,0.040,0.063,,
63960,0.019,0.019,0.020,0.038,0.057,,
64020,0.020,0.020,0.021,0.039,0.055,,
64080,0.018,0.018,0.019,0.035,0.053,,
64140,0.018,0.018,0.019,0.035,0.052,,
64200,0.017,0.017,0.018,0.032,0.047,,
64260,0.017,0.017,0.018,0.036,0.047,,
64320,0.018,0.018,0.019,0.032,0.048,,
64380,0.016,0.016,0.017,0.032,0.044,,
64440,0.016,0.016,0.017,0.029,0.035,,
64500,0.017,0.017,0.018,0.030,0.042,,
64560,0.016,0.016,0.017,0.031,0.039,,
64620,0.016,0.016,0.017,0.032,0.041,,
64680,0.015,0.015,0.016,0.028,0.034,,
64740,0.017,0.017,0.018,0.033,0.047,,
64800,0.016,0.016,0.018,0.031,0.039,,
64860,0.016,0.016,0.017,0.030,0.040,,
64920,0.016,0.016,0.017,0.027,0.034,,
64980,0.015,0.015,0.017,0.029,0.039,,
65040,0.016,0.016,0.017,0.028,0.040,,
65100,0.015,0.015,0.016,0.028,0.036,,
65160,0.015,0.015,0.016,0.027,0.036,,
65220,0.014,0.014,0.015,0.025,0.033,,
65280,0.019,0.019,0.021,0.036,0.058,,
65340,0.019,0.019,0.020,0.038,0.062,,
65400,0.021,0.021,0.023,0.041,0.068,,
65460,0.024,0.024,0.025,0.044,0.072,,
65520,0.021,0.021,0.023,0.040,0.068,,
65580,0.021,0.021,0.022,0.042,0.072,,
65640,0.025,0.025,0.026,0.048,0.086,,
65700,0.023,0.023,0.024,0.043,0.080,,
65760,0.025,0.025,0.026,0.051,0.086,,
65820,0.022,0.022,0.023,0.044,0.076,,
65880,0.025,0.025,0.027,0.051,0.094,,
65940,0.026,0.026,0.028,0.056,0.102,,
66000,0.029,0.029,0.031,0.056,0.094,,
66060,0.023,0.023,0.024,0.047,0.083,,
66120,0.026,0.026,0.028,0.053,0.094,,
66180,0.028,0.028,0.030,0.057,0.103,,
66240,0.025,0.025,0.027,0.050,0.088,,
66300,0.026,0.026,0.028,0.049,0.084,,
66360,0.026,0.026,0.028,0.049,0.090,,
66420,0.024,0.024,0.026,0.051,0.082,,
66480,0.026,0.026,0.028,0.053,0.093,,
66540,0.028,0.028,0.030,0.059,0.099,,
66600,0.026,0.026,0.028,0.056,0.102,,
66660,0.025,0.025,0.027,0.053,0.083,,
66720,0.023,0.023,0.025,0.048,0.078,,
66780,0.024,0.024,0.026,0.050,0.092,,
66840,0.026,0.026,0.028,0.054,0.098,,
66900,0.028,0.028,0.029,0.055,0.096,,
66960,0.027,0.027,0.029,0.057,0.097,,
67020,0.025,0.025,0.027,0.051,0.091,,
67080,0.028,0.028,0.030,0.056,0.095,,
67140,0.027,0.027,0.029,0.057,0.096,,
67200,0.027,0.027,0.029,0.060,0.096,,
67260,0.027,0.027,0.029,0.056,0.095,,
67320,0.025,0.025,0.027,0.053,0.091,,
67380,0.033,0.033,0.035,0.061,0.100,,
67440,0.026,0.026,0.028,0.055,0.090,,
67500,0.025,0.025,0.027,0.052,0.088,,
67560,0.028,0.028,0.030,0.059,0.094,,
67620,0.025,0.025,0.026,0.051,0.090,,
67680,0.029,0.029,0.031,0.056,0.100,,
67740,0.025,0.025,0.027,0.052,0.088,,
67800,0.028,0.028,0.030,0.057,0.100,,
67860,0.025,0.025,0.027,0.052,0.092,,
67920,0.025,0.025,0.027,0.052,0.085,,
67980,0.027,0.027,0.029,0.054,0.089,,
68040,0.026,0.026,0.027,0.056,0.088,,
68100,0.026,0.026,0.028,0.057,0.093,,
68160,0.032,0.032,0.034,0.062,0.106,,
68220,0.028,0.028,0.030,0.057,0.102,,
68280,0.027,0.027,0.029,0.058,0.101,,
68340,0.031,0.031,0.033,0.058,0.100,,
68400,0.025,0.025,0.027,0.052,0.083,,
68460,0.027,0.027,0.029,0.056,0.091,,
68520,0.027,0.027,0.028,0.055,0.099,,
68580,0.026,0.026,0.027,0.053,0.086,,
68640,0.026,0.026,0.028,0.056,0.092,,
68700,0.026,0.026,0.028,0.056,0.092,,
68760,0.025,0.025,0.027,0.049,0.087,,
68820,0.029,0.029,0.031,0.058,0.104,,
68880,0.038,0.038,0.040,0.067,0.104,,
68940,0.028,0.028,0.030,0.061,0.105,,
69000,0.029,0.029,0.031,0.060,0.100,,
69060,0.029,0.029,0.031,0.062,0.108,,
69120,0.030,0.030,0.032,0.060,0.112,,
69180,0.027,0.027,0.030,0.060,0.106,,
69240,0.031,0.031,0.033,0.062,0.120,,
69300,0.028,0.028,0.030,0.053,0.097,,
69360,0.028,0.028,0.031,0.060,0.110,,
69420,0.025,0.025,0.027,0.052,0.087,,
69480,0.025,0.025,0.027,0.049,0.084,,
69540,0.025,0.025,0.027,0.052,0.083,,
69600,0.022,0.022,0.024,0.046,0.068,,
69660,0.023,0.023,0.025,0.045,0.070,,
69720,0.023,0.023,0.025,0.051,0.075,,
69780,0.023,0.023,0.025,0.043,0.075,,
69840,0.024,0.024,0.026,0.047,0.070,,
69900,0.023,0.023,0.025,0.046,0.072,,
69960,0.024,0.024,0.026,0.049,0.077,,
70020,0.022,0.022,0.024,0.041,0.065,,
70080,0.021,0.021,0.022,0.040,0.055,,
70140,0.023,0.023,0.025,0.043,0.063,,
70200,0.021,0.021,0.022,0.038,0.053,,
70260,0.020,0.020,0.022,0.037,0.057,,
70320,0.019,0.019,0.020,0.036,0.048,,
70380,0.020,0.020,0.021,0.035,0.045,,
70440,0.019,0.019,0.020,0.034,0.049,,
70500,0.019,0.019,0.020,0.035,0.045,,
70560,0.020,0.020,0.022,0.035,0.050,,
70620,0.019,0.019,0.021,0.034,0.045,,
70680,0.021,0.021,0.022,0.033,0.047,,
70740,0.019,0.019,0.020,0.034,0.044,,
70800,0.018,0.018,0.020,0.033,0.039,,
70860,0.018,0.018,0.019,0.031,0.040,,
70920,0.018,0.018,0.019,0.032,0.041,,
70980,0.018,0.018,0.019,0.031,0.038,,
71040,0.019,0.019,0.020,0.033,0.049,,
71100,0.020,0.020,0.021,0.035,0.052,,
71160,0.019,0.019,0.020,0.034,0.046,,
71220,0.019,0.019,0.020,0.033,0.043,,
71280,0.022,0.022,0.023,0.041,0.056,,
71340,0.021,0.021,0.022,0.038,0.053,,
71400,0.020,0.020,0.021,0.037,0.048,,
71460,0.019,0.019,0.020,0.032,0.040,,
71520,0.019,0.019,0.020,0.033,0.040,,
71580,0.019,0.019,0.020,0.033,0.043,,
71640,0.019,0.019,0.020,0.030,0.042,,
71700,0.019,0.019,0.020,0.033,0.041,,
71760,0.019,0.019,0.020,0.030,0.039,,
71820,0.019,0.019,0.021,0.033,0.041,,
71880,0.019,0.019,0.020,0.031,0.038,,
71940,0.018,0.018,0.019,0.030,0.036,,
72000,0.020,0.020,0.021,0.035,0.044,,
72060,0.020,0.020,0.021,0.033,0.042,,
72120,0.019,0.019,0.020,0.031,0.039,,
72180,0.018,0.018,0.020,0.030,0.037,,
72240,0.019,0.019,0.020,0.031,0.038,,
72300,0.019,0.019,0.021,0.033,0.042,,
72360,0.031,0.031,0.033,0.061,0.109,,
72420,0.029,0.029,0.031,0.053,0.090,,
72480,0.036,0.036,0.038,0.068,0.129,,
72540,0.030,0.030,0.032,0.061,0.104,,
72600,0.031,0.031,0.033,0.062,0.107,,
72660,0.035,0.035,0.036,0.063,0.112,,
72720,0.031,0.031,0.033,0.060,0.103,,
72780,0.030,0.030,0.032,0.058,0.097,,
72840,0.031,0.031,0.033,0.059,0.098,,
72900,0.029,0.029,0.031,0.060,0.094,,
72960,0.030,0.030,0.032,0.058,0.094,,
73020,0.029,0.029,0.031,0.058,0.096,,
73080,0.028,0.028,0.030,0.056,0.088,,
73140,0.032,0.032,0.034,0.060,0.098,,
73200,0.031,0.031,0.033,0.060,0.103,,
73260,0.033,0.033,0.035,0.066,0.113,,
73320,0.030,0.030,0.033,0.060,0.095,,
73380,0.029,0.029,0.031,0.059,0.087,,
73440,0.029,0.029,0.030,0.058,0.088,,
73500,0.028,0.028,0.031,0.061,0.097,,
73560,0.029,0.029,0.031,0.058,0.093,,
73620,0.029,0.029,0.031,0.059,0.095,,
73680,0.028,0.028,0.030,0.056,0.090,,
73740,0.031,0.031,0.034,0.063,0.097,,
73800,0.030,0.030,0.032,0.062,0.096,,
73860,0.029,0.029,0.031,0.064,0.094,,
73920,0.033,0.033,0.035,0.067,0.107,,
73980,0.030,0.030,0.032,0.068,0.105,,
74040,0.033,0.033,0.035,0.069,0.110,,
74100,0.031,0.031,0.033,0.063,0.096,,
74160,0.031,0.031,0.033,0.067,0.107,,
74220,0.031,0.031,0.034,0.066,0.110,,
74280,0.030,0.030,0.032,0.065,0.101,,
74340,0.034,0.034,0.037,0.071,0.121,,
74400,0.035,0.035,0.037,0.072,0.122,,
74460,0.031,0.031,0.034,0.066,0.111,,
74520,0.032,0.032,0.035,0.075,0.122,,
74580,0.037,0.037,0.040,0.080,0.142,,
74640,0.037,0.037,0.039,0.073,0.130,,
74700,0.038,0.038,0.041,0.079,0.147,,
74760,0.038,0.038,0.041,0.084,0.146,,
74820,0.035,0.035,0.038,0.078,0.135,,
74880,0.035,0.035,0.038,0.079,0.131,,
74940,0.037,0.037,0.040,0.080,0.140,,
75000,0.041,0.041,0.044,0.089,0.156,,
75060,0.035,0.035,0.037,0.078,0.134,,
75120,0.039,0.039,0.042,0.082,0.139,,
75180,0.036,0.036,0.039,0.074,0.121,,
75240,0.035,0.035,0.037,0.072,0.122,,
75300,0.031,0.031,0.034,0.067,0.111,,
75360,0.038,0.038,0.041,0.080,0.138,,
75420,0.036,0.036,0.039,0.074,0.120,,
75480,0.030,0.030,0.033,0.064,0.107,,
75540,0.031,0.031,0.034,0.070,0.105,,
75600,0.032,0.032,0.035,0.067,0.108,,
75660,0.031,0.031,0.034,0.070,0.114,,
75720,0.031,0.031,0.033,0.066,0.104,,
75780,0.030,0.030,0.033,0.066,0.099,,
75840,0.030,0.030,0.033,0.063,0.097,,
75900,0.030,0.030,0.032,0.062,0.093,,
75960,0.029,0.029,0.032,0.059,0.094,,
76020,0.031,0.031,0.033,0.066,0.104,,
76080,0.029,0.029,0.031,0.060,0.096,,
76140,0.028,0.028,0.030,0.058,0.087,,
76200,0.027,0.027,0.029,0.057,0.083,,
76260,0.029,0.029,0.031,0.058,0.093,,
76320,0.029,0.029,0.032,0.062,0.095,,
76380,0.033,0.033,0.036,0.074,0.117,,
76440,0.031,0.031,0.033,0.067,0.110,,
76500,0.030,0.030,0.032,0.063,0.103,,
76560,0.031,0.031,0.033,0.066,0.103,,
76620,0.031,0.031,0.033,0.065,0.100,,
76680,0.028,0.028,0.030,0.060,0.092,,
76740,0.033,0.033,0.035,0.068,0.122,,
76800,0.036,0.036,0.039,0.077,0.137,,
76860,0.034,0.034,0.037,0.072,0.127,,
76920,0.036,0.036,0.039,0.071,0.126,,
76980,0.040,0.040,0.043,0.082,0.131,,
77040,0.040,0.040,0.043,0.083,0.144,,
77100,0.034,0.034,0.038,0.074,0.121,,
77160,0.035,0.035,0.038,0.074,0.121,,
77220,0.034,0.034,0.037,0.076,0.122,,
77280,0.035,0.035,0.037,0.074,0.113,,
77340,0.040,0.040,0.044,0.081,0.134,,
77400,0.041,0.041,0.044,0.086,0.131,,
77460,0.040,0.040,0.043,0.079,0.132,,
77520,0.036,0.036,0.039,0.078,0.120,,
77580,0.035,0.035,0.038,0.075,0.120,,
77640,0.034,0.034,0.037,0.071,0.107,,
77700,0.034,0.034,0.037,0.070,0.105,,
77760,0.034,0.034,0.037,0.072,0.111,,
77820,0.036,0.036,0.039,0.076,0.116,,
77880,0.037,0.037,0.040,0.076,0.124,,
77940,0.036,0.036,0.039,0.074,0.119,,
78000,0.038,0.038,0.042,0.076,0.125,,
78060,0.036,0.036,0.039,0.075,0.121,,
78120,0.035,0.035,0.039,0.074,0.120,,
78180,0.038,0.038,0.041,0.077,0.124,,
78240,0.036,0.036,0.040,0.074,0.118,,
78300,0.036,0.036,0.039,0.077,0.126,,
78360,0.036,0.036,0.039,0.076,0.120,,
78420,0.035,0.035,0.039,0.071,0.120,,
78480,0.035,0.035,0.038,0.074,0.113,,
78540,0.036,0.036,0.039,0.072,0.115,,
78600,0.034,0.034,0.037,0.066,0.103,,
78660,0.038,0.038,0.041,0.075,0.132,,
78720,0.043,0.043,0.046,0.087,0.158,,
78780,0.040,0.040,0.043,0.082,0.148,,
78840,0.036,0.036,0.039,0.076,0.121,,
78900,0.035,0.035,0.038,0.072,0.113,,
78960,0.042,0.042,0.045,0.082,0.133,,
79020,0.039,0.039,0.042,0.083,0.139,,
79080,0.046,0.046,0.050,0.096,0.179,,
79140,0.045,0.045,0.048,0.098,0.162,,
79200,0.045,0.045,0.049,0.096,0.171,,
79260,0.049,0.049,0.053,0.104,0.196,,
79320,0.049,0.049,0.053,0.107,0.196,,
79380,0.048,0.048,0.052,0.109,0.184,,
79440,0.047,0.047,0.051,0.103,0.191,,
79500,0.063,0.063,0.067,0.129,0.243,,
79560,0.053,0.053,0.058,0.117,0.218,,
79620,0.060,0.060,0.064,0.127,0.243,,
79680,0.056,0.056,0.061,0.124,0.243,,
79740,0.053,0.053,0.057,0.123,0.230,,
79800,0.052,0.052,0.057,0.120,0.222,,
79860,0.057,0.057,0.062,0.125,0.239,,
79920,0.058,0.058,0.062,0.124,0.238,,
79980,0.054,0.054,0.059,0.124,0.233,,
80040,0.052,0.052,0.056,0.111,0.206,,
80100,0.073,0.073,0.077,0.141,0.251,,
80160,0.062,0.062,0.066,0.130,0.246,,
80220,0.053,0.053,0.057,0.118,0.220,,
80280,0.060,0.060,0.065,0.136,0.248,,
80340,0.056,0.056,0.062,0.129,0.225,,
80400,0.062,0.062,0.067,0.137,0.250,,
80460,0.055,0.055,0.060,0.130,0.232,,
80520,0.062,0.062,0.067,0.139,0.262,,
80580,0.053,0.053,0.058,0.120,0.211,,
80640,0.053,0.053,0.058,0.120,0.223,,
80700,0.052,0.052,0.057,0.114,0.213,,
80760,0.053,0.053,0.058,0.124,0.222,,
80820,0.048,0.048,0.052,0.110,0.183,,
80880,0.048,0.048,0.052,0.113,0.191,,
80940,0.051,0.051,0.056,0.115,0.201,,
81000,0.050,0.050,0.054,0.109,0.199,,
81060,0.049,0.049,0.053,0.110,0.188,,
81120,0.048,0.048,0.053,0.108,0.181,,
81180,0.041,0.041,0.045,0.096,0.154,,
81240,0.041,0.041,0.046,0.099,0.159,,
81300,0.040,0.040,0.044,0.094,0.158,,
81360,0.068,0.068,0.072,0.124,0.190,,
81420,0.036,0.036,0.040,0.083,0.129,,
81480,0.040,0.040,0.044,0.090,0.142,,
81540,0.042,0.042,0.045,0.093,0.154,,
81600,0.039,0.039,0.043,0.091,0.140,,
81660,0.037,0.037,0.041,0.084,0.134,,
81720,0.038,0.038,0.042,0.084,0.135,,
81780,0.034,0.034,0.038,0.080,0.119,,
81840,0.034,0.034,0.037,0.075,0.114,,
81900,0.033,0.033,0.037,0.073,0.111,,
81960,0.035,0.035,0.038,0.076,0.109,,
82020,0.030,0.030,0.033,0.067,0.099,,
82080,0.034,0.034,0.037,0.071,0.114,,
82140,0.031,0.031,0.035,0.068,0.100,,
82200,0.031,0.031,0.034,0.065,0.101,,
82260,0.031,0.031,0.034,0.066,0.097,,
82320,0.030,0.030,0.033,0.063,0.091,,
82380,0.032,0.032,0.035,0.067,0.101,,
82440,0.030,0.030,0.033,0.062,0.091,,
82500,0.030,0.030,0.033,0.063,0.091,,
82560,0.030,0.030,0.033,0.062,0.088,,
82620,0.030,0.030,0.033,0.062,0.084,,
82680,0.028,0.028,0.031,0.058,0.085,,
82740,0.029,0.029,0.032,0.061,0.084,,
82800,0.028,0.028,0.031,0.060,0.082,,
82860,0.028,0.028,0.031,0.059,0.081,,
82920,0.028,0.028,0.031,0.058,0.077,,
82980,0.029,0.029,0.031,0.057,0.080,,
83040,0.029,0.029,0.032,0.059,0.082,,
83100,0.027,0.027,0.030,0.054,0.078,,
83160,0.029,0.029,0.032,0.058,0.087,,
83220,0.027,0.027,0.030,0.055,0.078,,
83280,0.026,0.026,0.029,0.055,0.075,,
83340,0.028,0.028,0.030,0.056,0.080,,
83400,0.028,0.028,0.031,0.058,0.075,,
83460,0.026,0.026,0.029,0.054,0.071,,
83520,0.028,0.028,0.031,0.059,0.079,,
83580,0.027,0.027,0.030,0.058,0.080,,
83640,0.027,0.027,0.030,0.057,0.079,,
83700,0.027,0.027,0.030,0.055,0.076,,
83760,0.028,0.028,0.031,0.059,0.086,,
83820,0.027,0.027,0.030,0.057,0.082,,
83880,0.026,0.026,0.029,0.053,0.071,,
83940,0.027,0.027,0.029,0.054,0.074,,
84000,0.028,0.028,0.031,0.060,0.088,,
84060,0.030,0.030,0.032,0.057,0.088,,
84120,0.026,0.026,0.029,0.051,0.070,,
84180,0.028,0.028,0.030,0.055,0.078,,
84240,0.027,0.027,0.029,0.055,0.077,,
84300,0.027,0.027,0.030,0.057,0.080,,
84360,0.027,0.027,0.030,0.052,0.078,,
84420,0.027,0.027,0.030,0.054,0.072,,
84480,0.027,0.027,0.029,0.051,0.067,,
84540,0.027,0.027,0.029,0.053,0.075,,
84600,0.031,0.031,0.034,0.061,0.101,,
84660,0.034,0.034,0.037,0.072,0.121,,
84720,0.038,0.038,0.042,0.084,0.139,,
84780,0.036,0.036,0.039,0.078,0.129,,
84840,0.031,0.031,0.034,0.064,0.104,,
84900,0.030,0.030,0.033,0.062,0.094,,
84960,0.031,0.031,0.034,0.065,0.095,,
85020,0.031,0.031,0.034,0.064,0.097,,
85080,0.030,0.030,0.032,0.063,0.087,,
85140,0.028,0.028,0.031,0.059,0.086,,
85200,0.032,0.032,0.035,0.069,0.097,,
85260,0.031,0.031,0.034,0.070,0.106,,
85320,0.033,0.033,0.036,0.078,0.116,,
85380,0.032,0.032,0.035,0.070,0.102,,
85440,0.030,0.030,0.033,0.066,0.093,,
85500,0.032,0.032,0.035,0.072,0.103,,
85560,0.031,0.031,0.034,0.070,0.101,,
85620,0.030,0.030,0.034,0.066,0.091,,
85680,0.030,0.030,0.034,0.067,0.092,,
85740,0.029,0.029,0.032,0.064,0.085,,
85800,0.028,0.028,0.030,0.062,0.080,,
85860,0.027,0.027,0.030,0.060,0.076,,
85920,0.029,0.029,0.032,0.065,0.084,,
85980,0.028,0.028,0.031,0.062,0.085,,
86040,0.029,0.029,0.031,0.060,0.082,,
86100,0.028,0.028,0.031,0.060,0.084,,
86160,0.033,0.033,0.036,0.071,0.111,,
86220,0.037,0.037,0.041,0.082,0.127,,
86280,0.038,0.038,0.041,0.088,0.147,,
86340,0.045,0.045,0.048,0.101,0.165,,
86400,0.044,0.044,0.048,0.098,0.156,,
86460,0.039,0.039,0.043,0.090,0.143,,
86520,0.036,0.036,0.039,0.084,0.122,,
86580,0.034,0.034,0.037,0.074,0.110,,
86640,0.034,0.034,0.037,0.073,0.103,,
86700,0.032,0.032,0.035,0.069,0.098,,
86760,0.031,0.031,0.034,0.066,0.090,,
86820,0.030,0.030,0.032,0.064,0.092,,
86880,0.031,0.031,0.034,0.065,0.093,,
86940,0.028,0.028,0.031,0.059,0.078,,
87000,0.028,0.028,0.030,0.058,0.077,,
87060,0.027,0.027,0.029,0.054,0.074,,
87120,0.028,0.028,0.030,0.056,0.076,,
87180,0.027,0.027,0.029,0.054,0.072,,
87240,0.027,0.027,0.029,0.055,0.070,,
87300,0.028,0.028,0.030,0.055,0.071,,
87360,0.025,0.025,0.028,0.054,0.066,,
87420,0.026,0.026,0.028,0.052,0.064,,
87480,0.025,0.025,0.027,0.047,0.060,,
87540,0.025,0.025,0.027,0.048,0.062,,
87600,0.024,0.024,0.027,0.047,0.058,,
87660,0.025,0.025,0.027,0.047,0.062,,
87720,0.024,0.024,0.026,0.044,0.057,,
87780,0.024,0.024,0.026,0.044,0.054,,
87840,0.023,0.023,0.025,0.045,0.056,,
87900,0.023,0.023,0.025,0.044,0.054,,
87960,0.023,0.023,0.025,0.045,0.054,,
88020,0.023,0.023,0.024,0.042,0.051,,
88080,0.022,0.022,0.024,0.039,0.048,,
88140,0.023,0.023,0.025,0.041,0.049,,
88200,0.023,0.023,0.025,0.042,0.054,,
88260,0.022,0.022,0.024,0.039,0.047,,
88320,0.022,0.022,0.024,0.039,0.047,,
88380,0.022,0.022,0.023,0.039,0.045,,
88440,0.021,0.021,0.023,0.037,0.041,,
88500,0.021,0.021,0.022,0.037,0.042,,
88560,0.021,0.021,0.023,0.035,0.041,,
88620,0.022,0.022,0.023,0.038,0.045,,
88680,0.021,0.021,0.023,0.036,0.039,,
88740,0.021,0.021,0.022,0.035,0.040,,
88800,0.020,0.020,0.022,0.035,0.039,,
88860,0.020,0.020,0.022,0.034,0.040,,
88920,0.020,0.020,0.021,0.032,0.037,,
88980,0.020,0.020,0.021,0.031,0.035,,
89040,0.020,0.020,0.021,0.032,0.034,,
89100,0.020,0.020,0.022,0.032,0.036,,
89160,0.020,0.020,0.021,0.033,0.036,,
89220,0.020,0.020,0.021,0.033,0.035,,
89280,0.020,0.020,0.022,0.034,0.038,,
89340,0.021,0.021,0.022,0.033,0.040,,
89400,0.020,0.020,0.022,0.033,0.037,,
89460,0.020,0.020,0.022,0.034,0.038,,
89520,0.020,0.020,0.022,0.033,0.037,,
89580,0.019,0.019,0.020,0.030,0.032,,
89640,0.022,0.022,0.023,0.039,0.048,,
89700,0.023,0.023,0.024,0.044,0.054,,
89760,0.022,0.022,0.023,0.038,0.044,,
89820,0.020,0.020,0.022,0.033,0.037,,
89880,0.021,0.021,0.023,0.038,0.044,,
89940,0.020,0.020,0.022,0.035,0.042,,
90000,0.020,0.020,0.022,0.036,0.040,,
90060,0.021,0.021,0.022,0.034,0.041,,
90120,0.021,0.021,0.022,0.034,0.040,,
90180,0.020,0.020,0.022,0.034,0.041,,
90240,0.020,0.020,0.022,0.033,0.037,,
90300,0.021,0.021,0.022,0.034,0.042,,
90360,0.021,0.021,0.023,0.035,0.042,,
90420,0.020,0.020,0.022,0.036,0.041,,
90480,0.021,0.021,0.023,0.037,0.044,,
90540,0.023,0.023,0.024,0.042,0.055,,
90600,0.023,0.023,0.025,0.042,0.056,,
90660,0.022,0.022,0.024,0.041,0.050,,
90720,0.022,0.022,0.023,0.040,0.046,,
90780,0.022,0.022,0.024,0.039,0.046,,
90840,0.023,0.023,0.025,0.042,0.053,,
90900,0.022,0.022,0.024,0.042,0.051,,
90960,0.022,0.022,0.024,0.039,0.050,,
91020,0.022,0.022,0.024,0.039,0.048,,
91080,0.021,0.021,0.023,0.039,0.046,,
91140,0.022,0.022,0.023,0.040,0.050,,
91200,0.021,0.021,0.023,0.037,0.044,,
91260,0.021,0.021,0.023,0.039,0.044,,
91320,0.022,0.022,0.024,0.039,0.048,,
91380,0.022,0.022,0.024,0.041,0.049,,
91440,0.022,0.022,0.023,0.038,0.050,,
91500,0.021,0.021,0.023,0.035,0.045,,
91560,0.021,0.021,0.023,0.037,0.045,,
91620,0.021,0.021,0.023,0.036,0.043,,
91680,0.021,0.021,0.023,0.037,0.043,,
91740,0.020,0.020,0.022,0.035,0.039,,
91800,0.021,0.021,0.023,0.035,0.041,,
91860,0.021,0.021,0.022,0.036,0.042,,
91920,0.021,0.021,0.022,0.036,0.040,,
91980,0.022,0.022,0.023,0.037,0.045,,
92040,0.020,0.020,0.022,0.034,0.038,,
92100,0.020,0.020,0.021,0.034,0.038,,
92160,0.020,0.020,0.022,0.033,0.038,,
92220,0.019,0.019,0.021,0.032,0.035,,
92280,0.020,0.020,0.021,0.032,0.037,,
92340,0.019,0.019,0.021,0.031,0.035,,
92400,0.019,0.019,0.021,0.032,0.036,,
92460,0.020,0.020,0.021,0.033,0.036,,
92520,0.019,0.019,0.021,0.031,0.036,,
92580,0.020,0.020,0.021,0.032,0.038,,
92640,0.019,0.019,0.021,0.032,0.034,,
92700,0.019,0.019,0.020,0.030,0.031,,
92760,0.019,0.019,0.021,0.030,0.034,,
92820,0.020,0.020,0.022,0.034,0.037,,
92880,0.019,0.019,0.021,0.032,0.035,,
92940,0.019,0.019,0.020,0.031,0.033,,
93000,0.019,0.019,0.021,0.032,0.034,,
93060,0.020,0.020,0.021,0.031,0.032,,
93120,0.019,0.019,0.020,0.029,0.032,,
93180,0.020,0.020,0.022,0.033,0.037,,
93240,0.019,0.019,0.020,0.029,0.031,,
93300,0.020,0.020,0.021,0.032,0.038,,
93360,0.018,0.018,0.020,0.029,0.032,,
93420,0.019,0.019,0.020,0.031,0.033,,
93480,0.020,0.020,0.021,0.030,0.035,,
93540,0.019,0.019,0.020,0.029,0.030,,
93600,0.019,0.019,0.020,0.029,0.033,,
93660,0.018,0.018,0.020,0.029,0.031,,
93720,0.019,0.019,0.020,0.029,0.034,,
93780,0.019,0.019,0.020,0.029,0.031,,
93840,0.018,0.018,0.019,0.028,0.028,,
93900,0.018,0.018,0.020,0.027,0.028,,
93960,0.019,0.019,0.020,0.029,0.031,,
94020,0.018,0.018,0.020,0.027,0.029,,
94080,0.018,0.018,0.020,0.028,0.030,,
94140,0.018,0.018,0.019,0.027,0.029,,
94200,0.018,0.018,0.020,0.028,0.029,,
94260,0.018,0.018,0.020,0.029,0.030,,
94320,0.019,0.019,0.020,0.028,0.030,,
94380,0.018,0.018,0.019,0.027,0.028,,
94440,0.019,0.019,0.020,0.027,0.031,,
94500,0.018,0.018,0.019,0.027,0.030,,
94560,0.018,0.018,0.019,0.026,0.029,,
94620,0.017,0.017,0.019,0.025,0.026,,
94680,0.018,0.018,0.019,0.025,0.027,,
94740,0.018,0.018,0.019,0.028,0.029,,
94800,0.018,0.018,0.019,0.025,0.026,,
94860,0.018,0.018,0.019,0.026,0.028,,
94920,0.018,0.018,0.019,0.025,0.026,,
94980,0.018,0.018,0.019,0.025,0.026,,
95040,0.017,0.017,0.019,0.025,0.026,,
95100,0.017,0.017,0.019,0.025,0.026,,
95160,0.018,0.018,0.019,0.027,0.028,,
95220,0.018,0.018,0.019,0.025,0.027,,
95280,0.017,0.017,0.018,0.025,0.026,,
95340,0.017,0.017,0.018,0.023,0.025,,
95400,0.018,0.018,0.019,0.026,0.026,,
95460,0.017,0.017,0.019,0.025,0.027,,
95520,0.017,0.017,0.018,0.023,0.024,,
95580,0.017,0.017,0.018,0.025,0.026,,
95640,0.017,0.017,0.018,0.022,0.023,,
95700,0.017,0.017,0.019,0.024,0.026,,
95760,0.018,0.018,0.019,0.026,0.027,,
95820,0.017,0.017,0.019,0.024,0.024,,
95880,0.017,0.017,0.019,0.025,0.025,,
95940,0.018,0.018,0.019,0.025,0.026,,
96000,0.017,0.017,0.018,0.025,0.026,,
96060,0.017,0.017,0.018,0.024,0.025,,
96120,0.017,0.017,0.018,0.023,0.024,,
96180,0.017,0.017,0.019,0.024,0.025,,
96240,0.018,0.018,0.019,0.025,0.026,,
96300,0.017,0.017,0.018,0.025,0.025,,
96360,0.017,0.017,0.018,0.025,0.026,,
96420,0.018,0.018,0.019,0.025,0.027,,
96480,0.017,0.017,0.018,0.024,0.025,,
96540,0.017,0.017,0.018,0.023,0.024,,
96600,0.017,0.017,0.018,0.023,0.023,,
96660,0.018,0.018,0.019,0.025,0.027,,
96720,0.017,0.017,0.018,0.024,0.024,,
96780,0.017,0.017,0.019,0.025,0.026,,
96840,0.017,0.017,0.018,0.026,0.028,,
96900,0.017,0.017,0.018,0.023,0.024,,
96960,0.017,0.017,0.018,0.024,0.025,,
97020,0.017,0.017,0.018,0.023,0.023,,
97080,0.018,0.018,0.019,0.025,0.025,,
97140,0.017,0.017,0.018,0.025,0.025,,
97200,0.017,0.017,0.018,0.024,0.024,,
97260,0.017,0.017,0.018,0.022,0.023,,
97320,0.017,0.017,0.018,0.023,0.025,,
97380,0.017,0.017,0.018,0.024,0.025,,
97440,0.017,0.017,0.018,0.024,0.024,,
97500,0.017,0.017,0.018,0.023,0.024,,
97560,0.017,0.017,0.018,0.023,0.023,,
97620,0.017,0.017,0.018,0.023,0.023,,
97680,0.017,0.017,0.018,0.022,0.022,,
97740,0.017,0.017,0.018,0.022,0.023,,
97800,0.017,0.017,0.018,0.023,0.023,,
97860,0.017,0.017,0.018,0.023,0.023,,
97920,0.017,0.017,0.018,0.023,0.023,,
97980,0.017,0.017,0.018,0.023,0.024,,
98040,0.017,0.017,0.017,0.022,0.023,,
98100,0.017,0.017,0.018,0.023,0.024,,
98160,0.017,0.017,0.018,0.022,0.022,,
98220,0.016,0.016,0.017,0.021,0.022,,
98280,0.017,0.017,0.017,0.022,0.023,,
98340,0.017,0.017,0.018,0.022,0.022,,
98400,0.017,0.017,0.018,0.022,0.023,,
98460,0.016,0.016,0.017,0.022,0.022,,
98520,0.017,0.017,0.017,0.022,0.022,,
98580,0.017,0.017,0.017,0.022,0.023,,
98640,0.016,0.016,0.017,0.021,0.023,,
98700,0.017,0.017,0.018,0.022,0.023,,
98760,0.017,0.017,0.017,0.021,0.021,,
98820,0.016,0.016,0.017,0.021,0.022,,
98880,0.017,0.017,0.018,0.022,0.022,,
98940,0.017,0.017,0.018,0.021,0.022,,
99000,0.016,0.016,0.017,0.021,0.021,,
99060,0.016,0.016,0.017,0.020,0.021,,
99120,0.016,0.016,0.017,0.021,0.022,,
99180,0.016,0.016,0.017,0.021,0.021,,
99240,0.017,0.017,0.017,0.021,0.022,,
99300,0.016,0.016,0.017,0.020,0.020,,
99360,0.016,0.016,0.017,0.021,0.021,,
99420,0.016,0.016,0.016,0.019,0.019,,
99480,0.017,0.017,0.017,0.021,0.022,,
99540,0.016,0.016,0.017,0.020,0.021,,
99600,0.016,0.016,0.017,0.022,0.022,,
99660,0.016,0.016,0.017,0.021,0.021,,
99720,0.016,0.016,0.017,0.021,0.022,,
99780,0.016,0.016,0.017,0.021,0.021,,
99840,0.016,0.016,0.017,0.021,0.021,,
99900,0.016,0.016,0.017,0.021,0.021,,
99960,0.016,0.016,0.017,0.020,0.020,,
100020,0.016,0.016,0.017,0.020,0.020,,
100080,0.016,0.016,0.017,0.020,0.020,,
100140,0.016,0.016,0.017,0.020,0.020,,
100200,0.017,0.017,0.017,0.021,0.022,,
100260,0.016,0.016,0.016,0.019,0.020,,
100320,0.016,0.016,0.016,0.020,0.020,,
100380,0.016,0.016,0.017,0.020,0.020,,
100440,0.016,0.016,0.017,0.021,0.021,,
100500,0.016,0.016,0.017,0.020,0.020,,
100560,0.015,0.015,0.016,0.019,0.019,,
100620,0.016,0.016,0.016,0.019,0.020,,
100680,0.016,0.016,0.017,0.020,0.020,,
100740,0.016,0.016,0.016,0.019,0.019,,
100800,0.016,0.016,0.016,0.020,0.020,,
100860,0.016,0.016,0.017,0.020,0.021,,
100920,0.016,0.016,0.016,0.020,0.020,,
100980,0.016,0.016,0.017,0.020,0.020,,
101040,0.016,0.016,0.016,0.018,0.019,,
101100,0.016,0.016,0.017,0.020,0.021,,
101160,0.016,0.016,0.017,0.020,0.020,,
101220,0.016,0.016,0.016,0.019,0.019,,
101280,0.016,0.016,0.017,0.019,0.020,,
101340,0.016,0.016,0.016,0.019,0.019,,
101400,0.015,0.015,0.016,0.019,0.019,,
101460,0.015,0.015,0.016,0.019,0.019,,
101520,0.016,0.016,0.016,0.019,0.019,,
101580,0.016,0.016,0.017,0.020,0.020,,
101640,0.015,0.015,0.016,0.019,0.019,,
101700,0.016,0.016,0.017,0.020,0.020,,
101760,0.016,0.016,0.016,0.019,0.019,,
101820,0.016,0.016,0.016,0.019,0.019,,
101880,0.016,0.016,0.016,0.019,0.020,,
101940,0.015,0.015,0.016,0.019,0.019,,
102000,0.015,0.015,0.016,0.019,0.019,,
102060,0.015,0.015,0.016,0.018,0.018,,
102120,0.015,0.015,0.016,0.019,0.019,,
102180,0.015,0.015,0.016,0.018,0.019,,
102240,0.015,0.015,0.016,0.019,0.019,,
102300,0.015,0.015,0.016,0.019,0.019,,
102360,0.015,0.015,0.016,0.019,0.019,,
102420,0.015,0.015,0.016,0.019,0.020,,
102480,0.015,0.015,0.016,0.018,0.018,,
102540,0.015,0.015,0.016,0.017,0.018,,
102600,0.015,0.015,0.016,0.019,0.020,,
102660,0.015,0.015,0.016,0.018,0.018,,
102720,0.015,0.015,0.016,0.018,0.019,,
102780,0.015,0.015,0.015,0.017,0.017,,
102840,0.015,0.015,0.016,0.018,0.018,,
102900,0.015,0.015,0.016,0.018,0.018,,
102960,0.015,0.015,0.016,0.018,0.018,,
103020,0.015,0.015,0.016,0.018,0.018,,
103080,0.015,0.015,0.016,0.018,0.019,,
103140,0.015,0.015,0.016,0.018,0.018,,
103200,0.015,0.015,0.016,0.018,0.018,,
103260,0.015,0.015,0.016,0.018,0.018,,
103320,0.015,0.015,0.016,0.017,0.018,,
103380,0.015,0.015,0.016,0.018,0.018,,
103440,0.015,0.015,0.016,0.018,0.018,,
103500,0.015,0.015,0.015,0.017,0.018,,
103560,0.015,0.015,0.016,0.018,0.018,,
103620,0.015,0.015,0.015,0.018,0.018,,
103680,0.015,0.015,0.016,0.018,0.019,,
103740,0.015,0.015,0.016,0.017,0.018,,
103800,0.015,0.015,0.016,0.018,0.018,,
103860,0.015,0.015,0.015,0.017,0.017,,
103920,0.015,0.015,0.015,0.018,0.018,,
103980,0.015,0.015,0.015,0.018,0.018,,
104040,0.015,0.015,0.015,0.017,0.017,,
104100,0.015,0.015,0.015,0.018,0.018,,
104160,0.015,0.015,0.015,0.018,0.018,,
104220,0.015,0.015,0.015,0.017,0.017,,
104280,0.015,0.015,0.015,0.018,0.018,,
104340,0.015,0.015,0.015,0.018,0.018,,
104400,0.015,0.015,0.015,0.017,0.017,,
104460,0.015,0.015,0.015,0.017,0.017,,
104520,0.015,0.015,0.015,0.017,0.017,,
104580,0.015,0.015,0.015,0.017,0.017,,
104640,0.015,0.015,0.015,0.017,0.017,,
104700,0.015,0.015,0.015,0.017,0.018,,
104760,0.015,0.015,0.015,0.017,0.017,,
104820,0.015,0.015,0.015,0.017,0.017,,
104880,0.014,0.014,0.015,0.017,0.017,,
104940,0.015,0.015,0.015,0.018,0.018,,
105000,0.014,0.014,0.015,0.017,0.017,,
105060,0.014,0.014,0.015,0.016,0.016,,
105120,0.015,0.015,0.015,0.017,0.017,,
105180,0.014,0.014,0.015,0.016,0.016,,
105240,0.014,0.014,0.015,0.017,0.017,,
105300,0.014,0.014,0.015,0.017,0.017,,
105360,0.014,0.014,0.015,0.017,0.017,,
105420,0.014,0.014,0.015,0.017,0.017,,
105480,0.014,0.014,0.015,0.017,0.017,,
105540,0.014,0.014,0.015,0.017,0.017,,
105600,0.014,0.014,0.015,0.016,0.016,,
105660,0.014,0.014,0.014,0.016,0.016,,
105720,0.014,0.014,0.015,0.017,0.017,,
105780,0.015,0.015,0.015,0.017,0.017,,
105840,0.014,0.014,0.015,0.017,0.017,,
105900,0.014,0.014,0.015,0.017,0.017,,
105960,0.015,0.015,0.015,0.017,0.017,,
106020,0.014,0.014,0.015,0.017,0.017,,
106080,0.014,0.014,0.015,0.016,0.016,,
106140,0.014,0.014,0.015,0.016,0.016,,
106200,0.014,0.014,0.015,0.016,0.016,,
106260,0.014,0.014,0.015,0.017,0.017,,
106320,0.014,0.014,0.015,0.016,0.017,,
106380,0.014,0.014,0.015,0.016,0.016,,
106440,0.014,0.014,0.015,0.016,0.016,,
106500,0.014,0.014,0.015,0.016,0.016,,
106560,0.014,0.014,0.015,0.016,0.016,,
106620,0.014,0.014,0.014,0.016,0.016,,
106680,0.014,0.014,0.015,0.016,0.016,,
106740,0.014,0.014,0.015,0.017,0.017,,
106800,0.014,0.014,0.015,0.016,0.016,,
106860,0.014,0.014,0.015,0.016,0.016,,
106920,0.014,0.014,0.015,0.016,0.016,,
106980,0.014,0.014,0.015,0.017,0.017,,
107040,0.014,0.014,0.014,0.016,0.016,,
107100,0.014,0.014,0.015,0.016,0.016,,
107160,0.014,0.014,0.014,0.015,0.015,,
107220,0.014,0.014,0.014,0.015,0.016,,
107280,0.014,0.014,0.014,0.015,0.016,,
107340,0.014,0.014,0.014,0.016,0.016,,
107400,0.014,0.014,0.014,0.015,0.015,,
107460,0.014,0.014,0.014,0.015,0.015,,
107520,0.014,0.014,0.014,0.016,0.016,,
107580,0.014,0.014,0.014,0.016,0.016,,
107640,0.014,0.014,0.014,0.015,0.015,,
107700,0.014,0.014,0.014,0.016,0.016,,
107760,0.014,0.014,0.014,0.016,0.016,,
107820,0.014,0.014,0.014,0.016,0.016,,
107880,0.014,0.014,0.014,0.016,0.016,,
107940,0.014,0.014,0.014,0.016,0.016,,
108000,0.014,0.014,0.014,0.015,0.015,,
108060,0.014,0.014,0.015,0.016,0.016,,
108120,0.014,0.014,0.014,0.016,0.016,,
108180,0.014,0.014,0.014,0.016,0.016,,
108240,0.014,0.014,0.014,0.016,0.016,,
108300,0.014,0.014,0.014,0.015,0.016,,
108360,0.014,0.014,0.014,0.015,0.015,,
108420,0.014,0.014,0.014,0.016,0.016,,
108480,0.014,0.014,0.014,0.016,0.016,,
108540,0.014,0.014,0.014,0.016,0.016,,
108600,0.014,0.014,0.014,0.015,0.015,,
108660,0.014,0.014,0.014,0.015,0.015,,
108720,0.013,0.013,0.014,0.015,0.015,,
108780,0.014,0.014,0.014,0.016,0.016,,
108840,0.014,0.014,0.014,0.016,0.016,,
108900,0.014,0.014,0.014,0.015,0.015,,
108960,0.013,0.013,0.014,0.016,0.016,,
109020,0.014,0.014,0.014,0.016,0.016,,
109080,0.014,0.014,0.014,0.015,0.015,,
109140,0.014,0.014,0.014,0.015,0.016,,
109200,0.014,0.014,0.014,0.015,0.015,,
109260,0.014,0.014,0.014,0.016,0.016,,
109320,0.014,0.014,0.014,0.015,0.015,,
109380,0.013,0.013,0.014,0.014,0.014,,
109440,0.013,0.013,0.014,0.015,0.015,,
109500,0.014,0.014,0.014,0.016,0.016,,
109560,0.013,0.013,0.014,0.015,0.015,,
109620,0.014,0.014,0.014,0.015,0.016,,
109680,0.014,0.014,0.014,0.015,0.015,,
109740,0.014,0.014,0.014,0.016,0.016,,
109800,0.013,0.013,0.014,0.015,0.015,,
109860,0.014,0.014,0.014,0.016,0.016,,
109920,0.013,0.013,0.014,0.015,0.015,,
109980,0.013,0.013,0.014,0.014,0.015,,
110040,0.014,0.014,0.014,0.015,0.015,,
110100,0.013,0.013,0.014,0.015,0.015,,
110160,0.013,0.013,0.014,0.015,0.015,,
110220,0.013,0.013,0.014,0.014,0.014,,
110280,0.014,0.014,0.015,0.016,0.016,,
110340,0.013,0.013,0.014,0.015,0.015,,
110400,0.013,0.013,0.014,0.015,0.015,,
110460,0.013,0.013,0.014,0.015,0.015,,
110520,0.013,0.013,0.014,0.015,0.015,,
110580,0.013,0.013,0.013,0.015,0.015,,
110640,0.013,0.013,0.014,0.015,0.015,,
110700,0.013,0.013,0.014,0.015,0.015,,
110760,0.013,0.013,0.014,0.015,0.015,,
110820,0.013,0.013,0.014,0.015,0.015,,
110880,0.013,0.013,0.014,0.015,0.015,,
110940,0.013,0.013,0.013,0.014,0.014,,
111000,0.013,0.013,0.013,0.014,0.014,,
111060,0.013,0.013,0.013,0.015,0.015,,
111120,0.013,0.013,0.013,0.014,0.014,,
111180,0.013,0.013,0.014,0.015,0.015,,
111240,0.013,0.013,0.013,0.014,0.014,,
111300,0.013,0.013,0.013,0.014,0.014,,
111360,0.013,0.013,0.013,0.015,0.015,,
111420,0.013,0.013,0.013,0.014,0.014,,
111480,0.013,0.013,0.013,0.014,0.014,,
111540,0.013,0.013,0.014,0.015,0.015,,
111600,0.013,0.013,0.013,0.014,0.014,,
111660,0.013,0.013,0.014,0.015,0.015,,
111720,0.013,0.013,0.013,0.015,0.015,,
111780,0.013,0.013,0.013,0.015,0.015,,
111840,0.013,0.013,0.014,0.015,0.015,,
111900,0.013,0.013,0.013,0.014,0.014,,
111960,0.013,0.013,0.013,0.014,0.014,,
112020,0.013,0.013,0.013,0.014,0.014,,
112080,0.013,0.013,0.014,0.015,0.015,,
112140,0.013,0.013,0.013,0.015,0.015,,
112200,0.013,0.013,0.014,0.015,0.015,,
112260,0.013,0.013,0.013,0.014,0.014,,
112320,0.013,0.013,0.013,0.014,0.014,,
112380,0.013,0.013,0.013,0.014,0.014,,
112440,0.013,0.013,0.013,0.014,0.014,,
112500,0.013,0.013,0.013,0.013,0.013,,
112560,0.013,0.013,0.013,0.014,0.014,,
112620,0.013,0.013,0.013,0.014,0.014,,
112680,0.013,0.013,0.013,0.014,0.014,,
112740,0.013,0.013,0.013,0.014,0.014,,
112800,0.013,0.013,0.013,0.014,0.014,,
112860,0.013,0.013,0.013,0.014,0.014,,
112920,0.013,0.013,0.013,0.014,0.014,,
112980,0.013,0.013,0.013,0.014,0.014,,
113040,0.013,0.013,0.013,0.014,0.014,,
113100,0.013,0.013,0.013,0.014,0.014,,
113160,0.013,0.013,0.013,0.014,0.014,,
113220,0.013,0.013,0.013,0.014,0.014,,
113280,0.013,0.013,0.013,0.014,0.014,,
113340,0.013,0.013,0.013,0.013,0.013,,
113400,0.013,0.013,0.013,0.014,0.014,,
113460,0.013,0.013,0.013,0.014,0.014,,
113520,0.013,0.013,0.013,0.014,0.014,,
113580,0.012,0.012,0.013,0.013,0.013,,
113640,0.013,0.013,0.013,0.015,0.015,,
113700,0.013,0.013,0.013,0.014,0.014,,
113760,0.013,0.013,0.013,0.014,0.014,,
113820,0.013,0.013,0.013,0.014,0.014,,
113880,0.013,0.013,0.013,0.013,0.013,,
113940,0.013,0.013,0.013,0.014,0.014,,
114000,0.013,0.013,0.013,0.014,0.014,,
114060,0.013,0.013,0.013,0.014,0.014,,
114120,0.013,0.013,0.013,0.014,0.014,,
114180,0.013,0.013,0.013,0.014,0.014,,
114240,0.013,0.013,0.013,0.014,0.014,,
114300,0.013,0.013,0.013,0.014,0.014,,
114360,0.013,0.013,0.013,0.014,0.014,,
114420,0.013,0.013,0.013,0.014,0.014,,
114480,0.013,0.013,0.013,0.014,0.014,,
114540,0.013,0.013,0.013,0.014,0.014,,
114600,0.013,0.013,0.013,0.014,0.014,,
114660,0.013,0.013,0.013,0.014,0.014,,
114720,0.012,0.012,0.013,0.014,0.014,,
114780,0.012,0.012,0.013,0.013,0.013,,
114840,0.013,0.013,0.013,0.014,0.014,,
114900,0.013,0.013,0.013,0.014,0.014,,
114960,0.013,0.013,0.013,0.015,0.015,,
115020,0.013,0.013,0.013,0.014,0.014,,
115080,0.013,0.013,0.013,0.014,0.014,,
115140,0.013,0.013,0.013,0.014,0.014,,
115200,0.013,0.013,0.013,0.014,0.014,,
115260,0.012,0.012,0.013,0.013,0.013,,
115320,0.013,0.013,0.013,0.013,0.013,,
115380,0.013,0.013,0.014,0.015,0.015,,
115440,0.013,0.013,0.013,0.014,0.014,,
115500,0.014,0.014,0.014,0.015,0.015,,
115560,0.013,0.013,0.013,0.014,0.014,,
115620,0.013,0.013,0.014,0.014,0.014,,
115680,0.013,0.013,0.013,0.014,0.014,,
115740,0.014,0.014,0.014,0.015,0.015,,
115800,0.014,0.014,0.014,0.016,0.016,,
115860,0.014,0.014,0.014,0.015,0.015,,
115920,0.014,0.014,0.014,0.016,0.016,,
115980,0.013,0.013,0.014,0.014,0.014,,
116040,0.014,0.014,0.014,0.014,0.014,,
116100,0.014,0.014,0.014,0.015,0.015,,
116160,0.014,0.014,0.014,0.015,0.015,,
116220,0.013,0.013,0.014,0.014,0.014,,
116280,0.013,0.013,0.014,0.014,0.014,,
116340,0.014,0.014,0.014,0.014,0.014,,
116400,0.014,0.014,0.014,0.015,0.015,,
116460,0.014,0.014,0.014,0.015,0.015,,
116520,0.014,0.014,0.014,0.015,0.015,,
116580,0.014,0.014,0.014,0.015,0.015,,
116640,0.014,0.014,0.014,0.015,0.015,,
116700,0.014,0.014,0.014,0.015,0.015,,
116760,0.013,0.013,0.014,0.014,0.014,,
116820,0.013,0.013,0.014,0.014,0.014,,
116880,0.014,0.014,0.014,0.015,0.015,,
116940,0.013,0.013,0.014,0.015,0.015,,
117000,0.014,0.014,0.014,0.015,0.015,,
117060,0.014,0.014,0.014,0.015,0.015,,
117120,0.013,0.013,0.014,0.014,0.015,,
117180,0.014,0.014,0.014,0.015,0.015,,
117240,0.014,0.014,0.014,0.015,0.015,,
117300,0.014,0.014,0.014,0.015,0.015,,
117360,0.014,0.014,0.014,0.015,0.015,,
117420,0.014,0.014,0.014,0.015,0.015,,
117480,0.013,0.013,0.014,0.014,0.014,,
117540,0.014,0.014,0.014,0.014,0.015,,
117600,0.014,0.014,0.014,0.015,0.015,,
117660,0.014,0.014,0.014,0.015,0.015,,
117720,0.013,0.013,0.014,0.014,0.014,,
117780,0.013,0.013,0.013,0.014,0.014,,
117840,0.013,0.013,0.014,0.014,0.014,,
117900,0.013,0.013,0.014,0.014,0.015,,
117960,0.013,0.013,0.014,0.014,0.014,,
118020,0.014,0.014,0.014,0.014,0.015,,
118080,0.014,0.014,0.014,0.015,0.015,,
118140,0.014,0.014,0.014,0.015,0.015,,
118200,0.014,0.014,0.014,0.014,0.014,,
118260,0.013,0.013,0.014,0.014,0.014,,
118320,0.014,0.014,0.014,0.015,0.015,,
118380,0.014,0.014,0.014,0.015,0.015,,
118440,0.014,0.014,0.014,0.014,0.014,,
118500,0.014,0.014,0.014,0.015,0.015,,
118560,0.014,0.014,0.014,0.014,0.014,,
118620,0.014,0.014,0.014,0.015,0.015,,
118680,0.013,0.013,0.014,0.015,0.015,,
118740,0.013,0.013,0.013,0.014,0.014,,
118800,0.013,0.013,0.014,0.014,0.014,,
118860,0.013,0.013,0.014,0.014,0.014,,
118920,0.013,0.013,0.014,0.015,0.015,,
118980,0.014,0.014,0.014,0.015,0.015,,
119040,0.013,0.013,0.014,0.014,0.014,,
119100,0.014,0.014,0.014,0.015,0.015,,
119160,0.014,0.014,0.014,0.015,0.015,,
119220,0.014,0.014,0.014,0.015,0.015,,
119280,0.014,0.014,0.014,0.015,0.015,,
119340,0.014,0.014,0.014,0.015,0.015,,
119400,0.014,0.014,0.015,0.016,0.016,,
119460,0.014,0.014,0.014,0.015,0.015,,
119520,0.014,0.014,0.014,0.014,0.014,,
119580,0.013,0.013,0.014,0.014,0.014,,
119640,0.013,0.013,0.014,0.015,0.015,,
119700,0.013,0.013,0.014,0.014,0.014,,
119760,0.013,0.013,0.013,0.014,0.014,,
119820,0.013,0.013,0.013,0.014,0.014,,
119880,0.013,0.013,0.013,0.014,0.014,,
119940,0.013,0.013,0.013,0.014,0.014,,
120000,0.013,0.013,0.014,0.014,0.014,,
120060,0.013,0.013,0.013,0.014,0.014,,
120120,0.013,0.013,0.013,0.014,0.014,,
120180,0.013,0.013,0.013,0.014,0.014,,
120240,0.013,0.013,0.014,0.014,0.014,,
120300,0.013,0.013,0.013,0.014,0.014,,
120360,0.013,0.013,0.013,0.014,0.014,,
120420,0.013,0.013,0.013,0.014,0.014,,
120480,0.013,0.013,0.013,0.014,0.014,,
120540,0.013,0.013,0.013,0.014,0.014,,
120600,0.013,0.013,0.013,0.014,0.014,,
120660,0.013,0.013,0.014,0.014,0.014,,
120720,0.013,0.013,0.014,0.014,0.014,,
120780,0.013,0.013,0.013,0.014,0.014,,
120840,0.013,0.013,0.014,0.014,0.014,,
120900,0.013,0.013,0.013,0.014,0.014,,
120960,0.013,0.013,0.014,0.014,0.014,,
121020,0.013,0.013,0.014,0.014,0.014,,
121080,0.013,0.013,0.013,0.014,0.014,,
121140,0.013,0.013,0.014,0.015,0.015,,
121200,0.013,0.013,0.013,0.014,0.014,,
121260,0.014,0.014,0.014,0.015,0.015,,
121320,0.013,0.013,0.013,0.014,0.014,,
121380,0.014,0.014,0.014,0.015,0.015,,
121440,0.014,0.014,0.014,0.014,0.014,,
121500,0.013,0.013,0.014,0.014,0.014,,
121560,0.013,0.013,0.013,0.014,0.014,,
121620,0.013,0.013,0.013,0.014,0.014,,
121680,0.013,0.013,0.013,0.014,0.014,,
121740,0.013,0.013,0.013,0.014,0.014,,
121800,0.013,0.013,0.013,0.014,0.014,,
121860,0.013,0.013,0.013,0.014,0.014,,
121920,0.013,0.013,0.013,0.014,0.014,,
121980,0.013,0.013,0.013,0.014,0.014,,
122040,0.013,0.013,0.013,0.014,0.014,,
122100,0.013,0.013,0.013,0.014,0.014,,
122160,0.013,0.013,0.013,0.014,0.014,,
122220,0.013,0.013,0.013,0.014,0.014,,
122280,0.013,0.013,0.013,0.014,0.014,,
122340,0.013,0.013,0.013,0.014,0.014,,
122400,0.013,0.013,0.013,0.014,0.014,,
122460,0.013,0.013,0.013,0.014,0.014,,
122520,0.013,0.013,0.013,0.014,0.014,,
122580,0.013,0.013,0.013,0.014,0.014,,
122640,0.013,0.013,0.013,0.014,0.014,,
122700,0.013,0.013,0.013,0.013,0.013,,
122760,0.013,0.013,0.013,0.014,0.014,,
122820,0.013,0.013,0.013,0.014,0.014,,
122880,0.013,0.013,0.013,0.014,0.014,,
122940,0.013,0.013,0.013,0.014,0.014,,
123000,0.013,0.013,0.013,0.014,0.014,,
123060,0.013,0.013,0.013,0.014,0.014,,
123120,0.013,0.013,0.013,0.014,0.014,,
123180,0.013,0.013,0.013,0.014,0.014,,
123240,0.013,0.013,0.013,0.013,0.013,,
123300,0.013,0.013,0.013,0.014,0.014,,
123360,0.013,0.013,0.013,0.013,0.013,,
123420,0.013,0.013,0.013,0.014,0.014,,
123480,0.013,0.013,0.013,0.014,0.014,,
123540,0.013,0.013,0.013,0.014,0.014,,
123600,0.013,0.013,0.013,0.014,0.014,,
123660,0.013,0.013,0.013,0.014,0.014,,
123720,0.013,0.013,0.013,0.013,0.013,,
123780,0.013,0.013,0.013,0.013,0.013,,
123840,0.013,0.013,0.013,0.014,0.014,,
123900,0.013,0.013,0.013,0.014,0.014,,
123960,0.013,0.013,0.013,0.014,0.014,,
124020,0.013,0.013,0.013,0.014,0.014,,
124080,0.013,0.013,0.013,0.014,0.014,,
124140,0.013,0.013,0.013,0.013,0.013,,
124200,0.013,0.013,0.013,0.014,0.014,,
124260,0.013,0.013,0.013,0.014,0.014,,
124320,0.013,0.013,0.013,0.013,0.013,,
124380,0.013,0.013,0.013,0.013,0.013,,
124440,0.013,0.013,0.013,0.014,0.014,,
124500,0.013,0.013,0.013,0.013,0.013,,
124560,0.013,0.013,0.013,0.013,0.013,,
124620,0.013,0.013,0.013,0.014,0.014,,
124680,0.013,0.013,0.013,0.014,0.014,,
124740,0.013,0.013,0.013,0.014,0.014,,
124800,0.013,0.013,0.013,0.013,0.013,,
124860,0.013,0.013,0.013,0.013,0.013,,
124920,0.013,0.013,0.013,0.014,0.014,,
124980,0.013,0.013,0.013,0.013,0.013,,
125040,0.013,0.013,0.013,0.013,0.013,,
125100,0.013,0.013,0.013,0.013,0.013,,
125160,0.013,0.013,0.013,0.014,0.014,,
125220,0.013,0.013,0.013,0.013,0.013,,
125280,0.013,0.013,0.013,0.014,0.014,,
125340,0.013,0.013,0.013,0.014,0.014,,
125400,0.013,0.013,0.013,0.014,0.014,,
125460,0.013,0.013,0.013,0.013,0.013,,
125520,0.013,0.013,0.013,0.013,0.014,,
125580,0.013,0.013,0.013,0.013,0.013,,
125640,0.013,0.013,0.013,0.013,0.013,,
125700,0.013,0.013,0.013,0.013,0.013,,
125760,0.013,0.013,0.013,0.013,0.013,,
125820,0.013,0.013,0.013,0.013,0.013,,
125880,0.013,0.013,0.013,0.013,0.014,,
125940,0.013,0.013,0.013,0.013,0.013,,
126000,0.013,0.013,0.013,0.014,0.014,,
126060,0.013,0.013,0.013,0.014,0.014,,
126120,0.013,0.013,0.013,0.013,0.013,,
126180,0.013,0.013,0.013,0.013,0.013,,
126240,0.013,0.013,0.013,0.013,0.013,,
126300,0.013,0.013,0.013,0.013,0.013,,
126360,0.013,0.013,0.013,0.013,0.014,,
126420,0.013,0.013,0.013,0.013,0.013,,
126480,0.013,0.013,0.013,0.013,0.013,,
126540,0.013,0.013,0.013,0.013,0.014,,
126600,0.013,0.013,0.013,0.013,0.013,,
126660,0.013,0.013,0.013,0.014,0.014,,
126720,0.013,0.013,0.013,0.013,0.013,,
126780,0.013,0.013,0.013,0.013,0.013,,
126840,0.013,0.013,0.013,0.013,0.013,,
126900,0.013,0.013,0.013,0.013,0.013,,
126960,0.013,0.013,0.013,0.014,0.014,,
127020,0.013,0.013,0.013,0.013,0.013,,
127080,0.012,0.012,0.013,0.013,0.013,,
127140,0.013,0.013,0.013,0.013,0.013,,
127200,0.013,0.013,0.013,0.013,0.013,,
127260,0.012,0.012,0.013,0.013,0.013,,
127320,0.012,0.012,0.013,0.013,0.013,,
127380,0.013,0.013,0.013,0.013,0.013,,
127440,0.012,0.012,0.013,0.013,0.013,,
127500,0.013,0.013,0.013,0.013,0.013,,
127560,0.012,0.012,0.013,0.013,0.013,,
127620,0.013,0.013,0.013,0.014,0.014,,
127680,0.013,0.013,0.013,0.014,0.014,,
127740,0.013,0.013,0.013,0.014,0.014,,
127800,0.012,0.012,0.013,0.013,0.013,,
127860,0.013,0.013,0.013,0.014,0.014,,
127920,0.012,0.012,0.013,0.013,0.013,,
127980,0.012,0.012,0.012,0.013,0.013,,
128040,0.013,0.013,0.013,0.013,0.013,,
128100,0.012,0.012,0.013,0.013,0.014,,
128160,0.013,0.013,0.013,0.013,0.013,,
128220,0.013,0.013,0.013,0.013,0.014,,
128280,0.012,0.012,0.012,0.013,0.013,,
128340,0.013,0.013,0.013,0.013,0.014,,
128400,0.013,0.013,0.013,0.013,0.013,,
128460,0.013,0.013,0.013,0.013,0.013,,
128520,0.012,0.012,0.013,0.013,0.013,,
128580,0.012,0.012,0.013,0.013,0.013,,
128640,0.012,0.012,0.012,0.013,0.013,,
128700,0.012,0.012,0.012,0.013,0.013,,
128760,0.012,0.012,0.012,0.013,0.013,,
128820,0.014,0.014,0.014,0.015,0.015,,
128880,0.012,0.012,0.012,0.013,0.013,,
128940,0.012,0.012,0.012,0.013,0.013,,
129000,0.012,0.012,0.012,0.013,0.013,,
129060,0.012,0.012,0.012,0.013,0.013,,
129120,0.012,0.012,0.013,0.013,0.014,,
129180,0.012,0.012,0.012,0.013,0.013,,
129240,0.012,0.012,0.013,0.013,0.013,,
129300,0.012,0.012,0.012,0.013,0.013,,
129360,0.012,0.012,0.012,0.013,0.013,,
129420,0.012,0.012,0.012,0.013,0.013,,
129480,0.012,0.012,0.012,0.013,0.013,,
129540,0.012,0.012,0.012,0.013,0.013,,
129600,0.012,0.012,0.012,0.013,0.013,,
129660,0.012,0.012,0.013,0.013,0.013,,
129720,0.012,0.012,0.013,0.013,0.013,,
129780,0.012,0.012,0.012,0.013,0.013,,
129840,0.012,0.012,0.012,0.013,0.013,,
129900,0.012,0.012,0.012,0.013,0.013,,
129960,0.012,0.012,0.012,0.013,0.013,,
130020,0.012,0.012,0.012,0.013,0.013,,
130080,0.012,0.012,0.012,0.013,0.013,,
130140,0.012,0.012,0.012,0.013,0.013,,
130200,0.012,0.012,0.012,0.013,0.013,,
130260,0.012,0.012,0.013,0.013,0.013,,
130320,0.012,0.012,0.012,0.013,0.013,,
130380,0.012,0.012,0.012,0.013,0.013,,
130440,0.012,0.012,0.012,0.013,0.013,,
130500,0.012,0.012,0.012,0.013,0.013,,
130560,0.012,0.012,0.012,0.013,0.013,,
130620,0.012,0.012,0.012,0.013,0.013,,
130680,0.012,0.012,0.012,0.013,0.013,,
130740,0.012,0.012,0.012,0.013,0.013,,
130800,0.012,0.012,0.012,0.013,0.013,,
130860,0.012,0.012,0.012,0.013,0.013,,
130920,0.012,0.012,0.012,0.013,0.013,,
130980,0.012,0.012,0.012,0.013,0.013,,
131040,0.012,0.012,0.012,0.013,0.013,,
131100,0.012,0.012,0.012,0.013,0.013,,
131160,0.012,0.012,0.012,0.012,0.012,,
131220,0.012,0.012,0.012,0.012,0.012,,
131280,0.012,0.012,0.012,0.012,0.012,,
131340,0.012,0.012,0.012,0.013,0.013,,
131400,0.012,0.012,0.012,0.013,0.013,,
131460,0.012,0.012,0.012,0.013,0.013,,
131520,0.012,0.012,0.012,0.012,0.013,,
131580,0.012,0.012,0.012,0.013,0.013,,
131640,0.012,0.012,0.012,0.013,0.013,,
131700,0.012,0.012,0.012,0.012,0.012,,
131760,0.012,0.012,0.012,0.012,0.012,,
131820,0.012,0.012,0.012,0.013,0.013,,
131880,0.012,0.012,0.012,0.012,0.013,,
131940,0.012,0.012,0.012,0.013,0.013,,
132000,0.012,0.012,0.012,0.012,0.012,,
132060,0.012,0.012,0.012,0.012,0.012,,
132120,0.012,0.012,0.012,0.012,0.012,,
132180,0.012,0.012,0.012,0.013,0.013,,
132240,0.012,0.012,0.012,0.012,0.012,,
132300,0.012,0.012,0.012,0.013,0.013,,
132360,0.012,0.012,0.012,0.013,0.013,,
132420,0.012,0.012,0.012,0.013,0.013,,
132480,0.012,0.012,0.012,0.013,0.013,,
132540,0.012,0.012,0.012,0.013,0.013,,
132600,0.012,0.012,0.012,0.013,0.013,,
132660,0.012,0.012,0.012,0.013,0.013,,
132720,0.012,0.012,0.012,0.013,0.013,,
132780,0.012,0.012,0.012,0.013,0.013,,
132840,0.012,0.012,0.012,0.012,0.012,,
132900,0.012,0.012,0.012,0.012,0.012,,
132960,0.012,0.012,0.012,0.012,0.012,,
133020,0.012,0.012,0.012,0.013,0.013,,
133080,0.012,0.012,0.012,0.012,0.012,,
133140,0.012,0.012,0.012,0.013,0.013,,
133200,0.012,0.012,0.012,0.012,0.012,,
133260,0.012,0.012,0.012,0.012,0.012,,
133320,0.012,0.012,0.012,0.012,0.012,,
133380,0.012,0.012,0.012,0.012,0.012,,
133440,0.012,0.012,0.012,0.013,0.013,,
133500,0.012,0.012,0.012,0.013,0.013,,
133560,0.012,0.012,0.012,0.012,0.012,,
133620,0.012,0.012,0.012,0.012,0.012,,
133680,0.012,0.012,0.012,0.013,0.013,,
133740,0.012,0.012,0.012,0.013,0.013,,
133800,0.012,0.012,0.012,0.012,0.012,,
133860,0.012,0.012,0.012,0.013,0.013,,
133920,0.012,0.012,0.012,0.013,0.013,,
133980,0.012,0.012,0.012,0.012,0.012,,
134040,0.012,0.012,0.012,0.013,0.013,,
134100,0.012,0.012,0.012,0.013,0.013,,
134160,0.012,0.012,0.012,0.012,0.012,,
134220,0.012,0.012,0.012,0.013,0.013,,
134280,0.012,0.012,0.012,0.012,0.012,,
134340,0.012,0.012,0.012,0.013,0.013,,
134400,0.012,0.012,0.012,0.012,0.012,,
134460,0.012,0.012,0.012,0.013,0.013,,
134520,0.011,0.011,0.012,0.012,0.012,,
134580,0.012,0.012,0.012,0.013,0.013,,
134640,0.012,0.012,0.012,0.013,0.013,,
134700,0.012,0.012,0.012,0.013,0.013,,
134760,0.012,0.012,0.012,0.013,0.013,,
134820,0.012,0.012,0.012,0.012,0.012,,
134880,0.012,0.012,0.012,0.012,0.012,,
134940,0.012,0.012,0.012,0.013,0.013,,
135000,0.012,0.012,0.012,0.013,0.013,,
135060,0.012,0.012,0.012,0.013,0.013,,
135120,0.012,0.012,0.012,0.012,0.012,,
135180,0.012,0.012,0.012,0.013,0.013,,
135240,0.012,0.012,0.012,0.012,0.012,,
135300,0.012,0.012,0.012,0.012,0.012,,
135360,0.012,0.012,0.012,0.012,0.012,,
135420,0.012,0.012,0.012,0.012,0.012,,
135480,0.012,0.012,0.012,0.012,0.012,,
135540,0.012,0.012,0.012,0.012,0.012,,
135600,0.012,0.012,0.012,0.013,0.013,,
135660,0.012,0.012,0.012,0.012,0.012,,
135720,0.012,0.012,0.012,0.013,0.013,,
135780,0.012,0.012,0.012,0.013,0.013,,
135840,0.012,0.012,0.012,0.013,0.013,,
135900,0.012,0.012,0.012,0.012,0.012,,
135960,0.012,0.012,0.012,0.013,0.013,,
136020,0.012,0.012,0.012,0.013,0.013,,
136080,0.012,0.012,0.012,0.013,0.013,,
136140,0.012,0.012,0.012,0.013,0.013,,
136200,0.012,0.012,0.012,0.013,0.013,,
136260,0.012,0.012,0.012,0.013,0.013,,
136320,0.012,0.012,0.012,0.013,0.013,,
136380,0.012,0.012,0.012,0.013,0.014,,
136440,0.012,0.012,0.012,0.013,0.013,,
136500,0.012,0.012,0.012,0.013,0.013,,
136560,0.012,0.012,0.012,0.013,0.013,,
136620,0.012,0.012,0.012,0.013,0.013,,
136680,0.012,0.012,0.012,0.013,0.013,,
136740,0.012,0.012,0.012,0.013,0.013,,
136800,0.012,0.012,0.012,0.013,0.013,,
136860,0.012,0.012,0.012,0.013,0.013,,
136920,0.012,0.012,0.012,0.013,0.013,,
136980,0.012,0.012,0.012,0.013,0.013,,
137040,0.012,0.012,0.012,0.014,0.014,,
137100,0.012,0.012,0.012,0.013,0.013,,
137160,0.012,0.012,0.012,0.013,0.013,,
137220,0.012,0.012,0.012,0.013,0.013,,
137280,0.012,0.012,0.012,0.013,0.013,,
137340,0.012,0.012,0.012,0.013,0.013,,
137400,0.012,0.012,0.012,0.013,0.013,,
137460,0.012,0.012,0.012,0.013,0.013,,
137520,0.012,0.012,0.012,0.013,0.013,,
137580,0.012,0.012,0.012,0.013,0.013,,
137640,0.012,0.012,0.012,0.013,0.013,,
137700,0.012,0.012,0.012,0.012,0.012,,
137760,0.012,0.012,0.012,0.013,0.013,,
137820,0.012,0.012,0.012,0.013,0.013,,
137880,0.012,0.012,0.012,0.013,0.013,,
137940,0.012,0.012,0.012,0.012,0.012,,
138000,0.012,0.012,0.012,0.013,0.013,,
138060,0.012,0.012,0.012,0.013,0.013,,
138120,0.012,0.012,0.012,0.013,0.013,,
138180,0.012,0.012,0.012,0.013,0.013,,
138240,0.012,0.012,0.012,0.013,0.013,,
138300,0.012,0.012,0.012,0.013,0.013,,
138360,0.012,0.012,0.012,0.012,0.012,,
138420,0.012,0.012,0.012,0.013,0.013,,
138480,0.012,0.012,0.012,0.012,0.012,,
138540,0.012,0.012,0.012,0.013,0.013,,
138600,0.012,0.012,0.012,0.013,0.013,,
138660,0.012,0.012,0.012,0.012,0.012,,
138720,0.011,0.011,0.012,0.012,0.012,,
138780,0.011,0.011,0.012,0.012,0.012,,
138840,0.012,0.012,0.012,0.012,0.012,,
138900,0.012,0.012,0.012,0.012,0.012,,
138960,0.012,0.012,0.012,0.012,0.013,,
139020,0.012,0.012,0.012,0.012,0.012,,
139080,0.012,0.012,0.012,0.012,0.012,,
139140,0.012,0.012,0.012,0.012,0.012,,
139200,0.012,0.012,0.012,0.013,0.013,,
139260,0.012,0.012,0.012,0.012,0.012,,
139320,0.012,0.012,0.012,0.013,0.013,,
139380,0.011,0.011,0.012,0.012,0.012,,
139440,0.012,0.012,0.012,0.012,0.012,,
139500,0.012,0.012,0.012,0.012,0.012,,
139560,0.012,0.012,0.012,0.013,0.013,,
139620,0.012,0.012,0.012,0.012,0.013,,
139680,0.012,0.012,0.012,0.012,0.012,,
139740,0.012,0.012,0.012,0.012,0.012,,
139800,0.012,0.012,0.012,0.013,0.013,,
139860,0.012,0.012,0.012,0.012,0.012,,
139920,0.012,0.012,0.012,0.012,0.012,,
139980,0.011,0.011,0.012,0.012,0.012,,
140040,0.012,0.012,0.012,0.013,0.013,,
140100,0.012,0.012,0.012,0.013,0.013,,
140160,0.012,0.012,0.012,0.013,0.013,,
140220,0.012,0.012,0.012,0.013,0.013,,
140280,0.012,0.012,0.012,0.013,0.013,,
140340,0.012,0.012,0.012,0.012,0.012,,
140400,0.012,0.012,0.012,0.013,0.013,,
140460,0.012,0.012,0.012,0.013,0.013,,
140520,0.012,0.012,0.012,0.013,0.013,,
140580,0.012,0.012,0.012,0.013,0.013,,
140640,0.012,0.012,0.012,0.013,0.013,,
140700,0.012,0.012,0.012,0.013,0.013,,
140760,0.012,0.012,0.012,0.013,0.013,,
140820,0.012,0.012,0.012,0.013,0.013,,
140880,0.012,0.012,0.012,0.013,0.013,,
140940,0.012,0.012,0.012,0.014,0.015,,
141000,0.012,0.012,0.012,0.014,0.014,,
141060,0.012,0.012,0.012,0.014,0.014,,
141120,0.012,0.012,0.012,0.014,0.014,,
141180,0.012,0.012,0.012,0.014,0.014,,
141240,0.013,0.013,0.013,0.014,0.015,,
141300,0.012,0.012,0.012,0.014,0.014,,
141360,0.012,0.012,0.013,0.014,0.015,,
141420,0.012,0.012,0.013,0.014,0.014,,
141480,0.012,0.012,0.013,0.015,0.015,,
141540,0.012,0.012,0.013,0.015,0.015,,
141600,0.012,0.012,0.013,0.014,0.015,,
141660,0.012,0.012,0.013,0.015,0.015,,
141720,0.012,0.012,0.013,0.015,0.015,,
141780,0.013,0.013,0.013,0.016,0.016,,
141840,0.013,0.013,0.013,0.016,0.016,,
141900,0.013,0.013,0.014,0.016,0.016,,
141960,0.012,0.012,0.013,0.015,0.015,,
142020,0.013,0.013,0.014,0.016,0.016,,
142080,0.013,0.013,0.014,0.017,0.017,,
142140,0.013,0.013,0.013,0.016,0.016,,
142200,0.013,0.013,0.014,0.017,0.017,,
142260,0.013,0.013,0.013,0.015,0.016,,
142320,0.013,0.013,0.013,0.016,0.016,,
142380,0.013,0.013,0.013,0.015,0.015,,
142440,0.013,0.013,0.013,0.016,0.016,,
142500,0.013,0.013,0.013,0.016,0.016,,
142560,0.013,0.013,0.013,0.015,0.015,,
142620,0.012,0.012,0.013,0.015,0.015,,
142680,0.013,0.013,0.013,0.015,0.015,,
142740,0.012,0.012,0.013,0.015,0.015,,
142800,0.013,0.013,0.013,0.016,0.016,,
142860,0.013,0.013,0.013,0.016,0.016,,
142920,0.012,0.012,0.013,0.015,0.015,,
142980,0.013,0.013,0.014,0.016,0.017,,
143040,0.014,0.014,0.015,0.019,0.023,,
143100,0.013,0.013,0.014,0.017,0.019,,
143160,0.014,0.014,0.015,0.020,0.022,,
143220,0.013,0.013,0.014,0.017,0.018,,
143280,0.014,0.014,0.014,0.019,0.022,,
143340,0.017,0.017,0.018,0.028,0.037,,
143400,0.022,0.022,0.024,0.041,0.070,,
143460,0.023,0.023,0.025,0.044,0.075,,
143520,0.026,0.026,0.028,0.050,0.095,,
143580,0.025,0.025,0.027,0.049,0.082,,
143640,0.029,0.029,0.031,0.056,0.104,,
143700,0.031,0.031,0.033,0.063,0.112,,
143760,0.033,0.033,0.036,0.065,0.123,,
143820,0.032,0.032,0.034,0.064,0.118,,
143880,0.032,0.032,0.034,0.064,0.115,,
143940,0.032,0.032,0.034,0.068,0.120,,
144000,0.043,0.043,0.046,0.093,0.183,,
144060,0.044,0.044,0.047,0.096,0.193,,
144120,0.039,0.039,0.042,0.092,0.163,,
144180,0.036,0.036,0.040,0.086,0.154,,
144240,0.043,0.043,0.047,0.101,0.191,,
144300,0.045,0.045,0.048,0.108,0.199,,
144360,0.046,0.046,0.050,0.109,0.187,,
144420,0.041,0.041,0.046,0.102,0.184,,
144480,0.042,0.042,0.047,0.100,0.180,,
144540,0.041,0.041,0.045,0.093,0.168,,
144600,0.039,0.039,0.044,0.094,0.161,,
144660,0.044,0.044,0.048,0.098,0.177,,
144720,0.042,0.042,0.046,0.102,0.167,,
144780,0.041,0.041,0.046,0.101,0.176,,
144840,0.040,0.040,0.045,0.097,0.166,,
144900,0.039,0.039,0.043,0.093,0.162,,
144960,0.042,0.042,0.047,0.099,0.152,,
145020,0.039,0.039,0.044,0.090,0.157,,
145080,0.043,0.043,0.047,0.098,0.165,,
145140,0.043,0.043,0.047,0.097,0.168,,
145200,0.041,0.041,0.045,0.092,0.155,,
145260,0.042,0.042,0.047,0.097,0.169,,
145320,0.041,0.041,0.045,0.095,0.153,,
145380,0.039,0.039,0.043,0.089,0.141,,
145440,0.038,0.038,0.042,0.083,0.133,,
145500,0.034,0.034,0.038,0.078,0.124,,
145560,0.039,0.039,0.043,0.082,0.134,,
145620,0.033,0.033,0.037,0.074,0.117,,
145680,0.035,0.035,0.039,0.077,0.117,,
145740,0.035,0.035,0.040,0.078,0.119,,
145800,0.036,0.036,0.040,0.080,0.123,,
145860,0.035,0.035,0.040,0.077,0.119,,
145920,0.039,0.039,0.043,0.085,0.143,,
145980,0.037,0.037,0.041,0.079,0.132,,
146040,0.035,0.035,0.039,0.079,0.135,,
146100,0.040,0.040,0.044,0.085,0.143,,
146160,0.043,0.043,0.048,0.089,0.152,,
146220,0.039,0.039,0.043,0.087,0.145,,
146280,0.040,0.040,0.044,0.085,0.141,,
146340,0.038,0.038,0.042,0.082,0.135,,
146400,0.037,0.037,0.041,0.083,0.128,,
146460,0.035,0.035,0.039,0.074,0.118,,
146520,0.036,0.036,0.040,0.074,0.126,,
146580,0.034,0.034,0.038,0.074,0.117,,
146640,0.035,0.035,0.039,0.074,0.123,,
146700,0.036,0.036,0.040,0.075,0.122,,
146760,0.035,0.035,0.039,0.074,0.116,,
146820,0.047,0.047,0.051,0.084,0.129,,
146880,0.032,0.032,0.036,0.066,0.106,,
146940,0.036,0.036,0.040,0.074,0.117,,
147000,0.034,0.034,0.038,0.073,0.108,,
147060,0.035,0.035,0.039,0.071,0.113,,
147120,0.035,0.035,0.039,0.073,0.118,,
147180,0.035,0.035,0.039,0.073,0.120,,
147240,0.034,0.034,0.038,0.070,0.113,,
147300,0.036,0.036,0.040,0.073,0.117,,
147360,0.034,0.034,0.038,0.071,0.119,,
147420,0.035,0.035,0.039,0.075,0.126,,
147480,0.034,0.034,0.038,0.073,0.111,,
147540,0.035,0.035,0.039,0.070,0.110,,
147600,0.036,0.036,0.040,0.072,0.115,,
147660,0.040,0.040,0.044,0.081,0.130,,
147720,0.038,0.038,0.042,0.083,0.136,,
147780,0.039,0.039,0.043,0.081,0.138,,
147840,0.037,0.037,0.041,0.078,0.127,,
147900,0.038,0.038,0.041,0.077,0.132,,
147960,0.035,0.035,0.039,0.071,0.117,,
148020,0.037,0.037,0.041,0.072,0.116,,
148080,0.033,0.033,0.037,0.070,0.104,,
148140,0.032,0.032,0.036,0.068,0.099,,
148200,0.036,0.036,0.040,0.070,0.102,,
148260,0.034,0.034,0.039,0.069,0.100,,
148320,0.033,0.033,0.038,0.066,0.102,,
148380,0.034,0.034,0.038,0.071,0.102,,
148440,0.031,0.031,0.035,0.062,0.086,,
148500,0.032,0.032,0.036,0.067,0.095,,
148560,0.032,0.032,0.036,0.062,0.089,,
148620,0.029,0.029,0.033,0.057,0.078,,
148680,0.030,0.030,0.034,0.061,0.081,,
148740,0.031,0.031,0.035,0.058,0.083,,
148800,0.028,0.028,0.032,0.055,0.071,,
148860,0.030,0.030,0.034,0.058,0.079,,
148920,0.030,0.030,0.034,0.059,0.077,,
148980,0.029,0.029,0.033,0.056,0.072,,
149040,0.031,0.031,0.034,0.058,0.082,,
149100,0.029,0.029,0.032,0.055,0.067,,
149160,0.028,0.028,0.033,0.054,0.067,,
149220,0.027,0.027,0.031,0.050,0.067,,
149280,0.028,0.028,0.032,0.053,0.062,,
149340,0.027,0.027,0.031,0.052,0.061,,
149400,0.028,0.028,0.032,0.054,0.065,,
149460,0.028,0.028,0.033,0.054,0.066,,
149520,0.029,0.029,0.033,0.054,0.069,,
149580,0.029,0.029,0.032,0.054,0.066,,
149640,0.028,0.028,0.032,0.050,0.059,,
149700,0.028,0.028,0.032,0.052,0.067,,
149760,0.029,0.029,0.032,0.052,0.066,,
149820,0.032,0.032,0.037,0.064,0.083,,
149880,0.035,0.035,0.039,0.068,0.101,,
149940,0.034,0.034,0.038,0.070,0.100,,
150000,0.034,0.034,0.038,0.067,0.095,,
150060,0.035,0.035,0.039,0.071,0.101,,
150120,0.035,0.035,0.038,0.068,0.104,,
150180,0.035,0.035,0.040,0.070,0.103,,
150240,0.037,0.037,0.042,0.075,0.113,,
150300,0.038,0.038,0.043,0.076,0.113,,
150360,0.037,0.037,0.041,0.074,0.111,,
150420,0.039,0.039,0.043,0.078,0.122,,
150480,0.038,0.038,0.042,0.077,0.109,,
150540,0.042,0.042,0.047,0.087,0.139,,
150600,0.042,0.042,0.046,0.086,0.140,,
150660,0.045,0.045,0.050,0.089,0.146,,
150720,0.042,0.042,0.047,0.084,0.138,,
150780,0.041,0.041,0.046,0.085,0.137,,
150840,0.040,0.040,0.045,0.084,0.134,,
150900,0.041,0.041,0.046,0.084,0.131,,
150960,0.041,0.041,0.045,0.085,0.131,,
151020,0.038,0.038,0.043,0.077,0.116,,
151080,0.042,0.042,0.047,0.085,0.131,,
151140,0.042,0.042,0.046,0.081,0.124,,
151200,0.041,0.041,0.045,0.084,0.130,,
151260,0.041,0.041,0.046,0.087,0.131,,
151320,0.040,0.040,0.044,0.079,0.121,,
151380,0.040,0.040,0.045,0.082,0.125,,
151440,0.044,0.044,0.049,0.087,0.136,,
151500,0.040,0.040,0.044,0.081,0.123,,
151560,0.041,0.041,0.045,0.083,0.125,,
151620,0.042,0.042,0.047,0.088,0.134,,
151680,0.041,0.041,0.047,0.086,0.127,,
151740,0.047,0.047,0.052,0.100,0.159,,
151800,0.043,0.043,0.048,0.084,0.136,,
151860,0.043,0.043,0.047,0.083,0.131,,
151920,0.043,0.043,0.049,0.088,0.139,,
151980,0.048,0.048,0.053,0.097,0.155,,
152040,0.045,0.045,0.050,0.093,0.144,,
152100,0.043,0.043,0.048,0.088,0.142,,
152160,0.045,0.045,0.051,0.090,0.144,,
152220,0.047,0.047,0.052,0.092,0.133,,
152280,0.042,0.042,0.047,0.082,0.133,,
152340,0.047,0.047,0.052,0.094,0.142,,
152400,0.048,0.048,0.053,0.099,0.151,,
152460,0.051,0.051,0.056,0.094,0.165,,
152520,0.047,0.047,0.052,0.094,0.142,,
152580,0.045,0.045,0.051,0.092,0.147,,
152640,0.045,0.045,0.051,0.092,0.143,,
152700,0.050,0.050,0.056,0.098,0.163,,
152760,0.046,0.046,0.052,0.091,0.151,,
152820,0.046,0.046,0.052,0.098,0.155,,
152880,0.051,0.051,0.057,0.103,0.179,,
152940,0.051,0.051,0.057,0.107,0.178,,
153000,0.051,0.051,0.057,0.105,0.173,,
153060,0.053,0.053,0.059,0.110,0.179,,
153120,0.053,0.053,0.059,0.108,0.180,,
153180,0.054,0.054,0.060,0.108,0.176,,
153240,0.052,0.052,0.059,0.110,0.179,,
153300,0.051,0.051,0.057,0.109,0.176,,
153360,0.049,0.049,0.055,0.102,0.161,,
153420,0.051,0.051,0.058,0.105,0.166,,
153480,0.049,0.049,0.055,0.100,0.151,,
153540,0.051,0.051,0.057,0.103,0.159,,
153600,0.049,0.049,0.055,0.100,0.149,,
153660,0.047,0.047,0.054,0.100,0.154,,
153720,0.047,0.047,0.053,0.100,0.151,,
153780,0.051,0.051,0.057,0.100,0.154,,
153840,0.048,0.048,0.055,0.103,0.151,,
153900,0.051,0.051,0.057,0.104,0.159,,
153960,0.049,0.049,0.054,0.100,0.148,,
154020,0.050,0.050,0.057,0.101,0.152,,
154080,0.050,0.050,0.056,0.102,0.156,,
154140,0.051,0.051,0.057,0.107,0.162,,
154200,0.050,0.050,0.056,0.100,0.157,,
154260,0.052,0.052,0.058,0.108,0.160,,
154320,0.051,0.051,0.058,0.103,0.162,,
154380,0.049,0.049,0.054,0.104,0.164,,
154440,0.049,0.049,0.055,0.099,0.156,,
154500,0.052,0.052,0.058,0.104,0.166,,
154560,0.050,0.050,0.056,0.105,0.156,,
154620,0.051,0.051,0.057,0.104,0.163,,
154680,0.051,0.051,0.057,0.106,0.169,,
154740,0.054,0.054,0.060,0.106,0.162,,
154800,0.050,0.050,0.056,0.100,0.155,,
154860,0.054,0.054,0.061,0.111,0.174,,
154920,0.048,0.048,0.054,0.100,0.144,,
154980,0.058,0.058,0.064,0.110,0.167,,
155040,0.051,0.051,0.058,0.104,0.157,,
155100,0.049,0.049,0.055,0.099,0.158,,
155160,0.048,0.048,0.054,0.098,0.144,,
155220,0.051,0.051,0.057,0.104,0.155,,
155280,0.053,0.053,0.059,0.103,0.154,,
155340,0.045,0.045,0.051,0.093,0.137,,
155400,0.048,0.048,0.055,0.095,0.140,,
155460,0.050,0.050,0.056,0.098,0.151,,
155520,0.048,0.048,0.055,0.091,0.141,,
155580,0.046,0.046,0.053,0.087,0.123,,
155640,0.049,0.049,0.055,0.094,0.139,,
155700,0.048,0.048,0.055,0.100,0.144,,
155760,0.049,0.049,0.054,0.090,0.129,,
155820,0.052,0.052,0.058,0.103,0.159,,
155880,0.054,0.054,0.060,0.106,0.158,,
155940,0.052,0.052,0.058,0.098,0.146,,
156000,0.048,0.048,0.054,0.096,0.139,,
156060,0.053,0.053,0.059,0.103,0.153,,
156120,0.059,0.059,0.065,0.112,0.164,,
156180,0.060,0.060,0.067,0.116,0.179,,
156240,0.057,0.057,0.063,0.115,0.176,,
156300,0.058,0.058,0.064,0.120,0.180,,
156360,0.058,0.058,0.064,0.109,0.164,,
156420,0.058,0.058,0.065,0.115,0.172,,
156480,0.063,0.063,0.070,0.123,0.191,,
156540,0.062,0.062,0.069,0.112,0.174,,
156600,0.062,0.062,0.069,0.114,0.168,,
156660,0.054,0.054,0.061,0.103,0.142,,
156720,0.069,0.069,0.075,0.119,0.163,,
156780,0.055,0.055,0.061,0.099,0.143,,
156840,0.053,0.053,0.059,0.098,0.140,,
156900,0.052,0.052,0.059,0.097,0.138,,
156960,0.052,0.052,0.058,0.095,0.129,,
157020,0.052,0.052,0.058,0.094,0.118,,
157080,0.050,0.050,0.056,0.089,0.112,,
157140,0.053,0.053,0.059,0.097,0.121,,
157200,0.052,0.052,0.058,0.090,0.116,,
157260,0.050,0.050,0.055,0.087,0.109,,
157320,0.052,0.052,0.059,0.093,0.117,,
157380,0.054,0.054,0.061,0.101,0.131,,
157440,0.054,0.054,0.060,0.097,0.124,,
157500,0.053,0.053,0.059,0.091,0.117,,
157560,0.051,0.051,0.058,0.088,0.110,,
157620,0.051,0.051,0.056,0.090,0.110,,
157680,0.050,0.050,0.055,0.086,0.102,,
157740,0.050,0.050,0.056,0.087,0.109,,
157800,0.051,0.051,0.057,0.088,0.104,,
157860,0.050,0.050,0.055,0.082,0.098,,
157920,0.049,0.049,0.055,0.083,0.095,,
157980,0.051,0.051,0.057,0.085,0.099,,
158040,0.047,0.047,0.053,0.077,0.088,,
158100,0.048,0.048,0.054,0.082,0.094,,
158160,0.048,0.048,0.054,0.082,0.093,,
158220,0.047,0.047,0.053,0.078,0.088,,
158280,0.048,0.048,0.054,0.079,0.092,,
158340,0.047,0.047,0.053,0.078,0.088,,
158400,0.047,0.047,0.053,0.080,0.087,,
158460,0.047,0.047,0.053,0.077,0.087,,
158520,0.047,0.047,0.053,0.079,0.089,,
158580,0.047,0.047,0.053,0.080,0.089,,
158640,0.045,0.045,0.051,0.074,0.077,,
158700,0.046,0.046,0.052,0.076,0.085,,
158760,0.045,0.045,0.051,0.073,0.078,,
158820,0.046,0.046,0.052,0.074,0.079,,
158880,0.046,0.046,0.052,0.075,0.081,,
158940,0.044,0.044,0.049,0.073,0.076,,
159000,0.044,0.044,0.049,0.070,0.074,,
159060,0.044,0.044,0.050,0.071,0.079,,
159120,0.044,0.044,0.050,0.071,0.078,,
159180,0.044,0.044,0.049,0.072,0.081,,
159240,0.043,0.043,0.048,0.071,0.077,,
159300,0.043,0.043,0.048,0.071,0.077,,
159360,0.044,0.044,0.050,0.074,0.081,,
159420,0.042,0.042,0.047,0.066,0.070,,
159480,0.041,0.041,0.047,0.067,0.071,,
159540,0.042,0.042,0.047,0.065,0.071,,
159600,0.041,0.041,0.047,0.067,0.070,,
159660,0.042,0.042,0.046,0.066,0.070,,
159720,0.042,0.042,0.048,0.067,0.072,,
159780,0.041,0.041,0.046,0.065,0.069,,
159840,0.041,0.041,0.046,0.063,0.066,,
159900,0.041,0.041,0.046,0.065,0.067,,
159960,0.042,0.042,0.046,0.066,0.069,,
160020,0.041,0.041,0.046,0.063,0.066,,
160080,0.041,0.041,0.046,0.063,0.066,,
160140,0.041,0.041,0.046,0.063,0.067,,
160200,0.040,0.040,0.046,0.064,0.068,,
160260,0.040,0.040,0.045,0.062,0.065,,
160320,0.041,0.041,0.046,0.064,0.067,,
160380,0.040,0.040,0.045,0.060,0.064,,
160440,0.041,0.041,0.045,0.063,0.065,,
160500,0.041,0.041,0.046,0.063,0.066,,
160560,0.040,0.040,0.045,0.063,0.065,,
160620,0.040,0.040,0.045,0.062,0.064,,
160680,0.040,0.040,0.044,0.060,0.062,,
160740,0.040,0.040,0.044,0.059,0.061,,
160800,0.040,0.040,0.045,0.059,0.061,,
160860,0.040,0.040,0.045,0.060,0.062,,
160920,0.041,0.041,0.045,0.065,0.066,,
160980,0.041,0.041,0.046,0.065,0.068,,
161040,0.039,0.039,0.044,0.058,0.060,,
161100,0.039,0.039,0.045,0.067,0.069,,
161160,0.039,0.039,0.044,0.059,0.061,,
161220,0.038,0.038,0.043,0.059,0.062,,
161280,0.039,0.039,0.043,0.059,0.060,,
161340,0.038,0.038,0.043,0.059,0.061,,
161400,0.038,0.038,0.042,0.059,0.060,,
161460,0.037,0.037,0.042,0.057,0.058,,
161520,0.038,0.038,0.042,0.057,0.059,,
161580,0.038,0.038,0.042,0.057,0.059,,
161640,0.039,0.039,0.043,0.059,0.062,,
161700,0.038,0.038,0.042,0.059,0.061,,
161760,0.038,0.038,0.043,0.061,0.063,,
161820,0.038,0.038,0.043,0.059,0.062,,
161880,0.037,0.037,0.041,0.056,0.057,,
161940,0.038,0.038,0.043,0.064,0.067,,
162000,0.037,0.037,0.041,0.062,0.063,,
162060,0.037,0.037,0.041,0.056,0.059,,
162120,0.036,0.036,0.040,0.058,0.060,,
162180,0.037,0.037,0.041,0.056,0.058,,
162240,0.036,0.036,0.040,0.060,0.062,,
162300,0.036,0.036,0.040,0.055,0.058,,
162360,0.039,0.039,0.043,0.062,0.069,,
162420,0.044,0.044,0.048,0.076,0.104,,
162480,0.044,0.044,0.049,0.082,0.111,,
162540,0.047,0.047,0.052,0.084,0.118,,
162600,0.045,0.045,0.050,0.085,0.121,,
162660,0.044,0.044,0.049,0.082,0.117,,
162720,0.043,0.043,0.047,0.078,0.104,,
162780,0.042,0.042,0.046,0.077,0.104,,
162840,0.044,0.044,0.049,0.078,0.112,,
162900,0.042,0.042,0.046,0.077,0.105,,
162960,0.041,0.041,0.045,0.074,0.105,,
163020,0.041,0.041,0.045,0.076,0.104,,
163080,0.038,0.038,0.042,0.068,0.093,,
163140,0.039,0.039,0.044,0.072,0.099,,
163200,0.040,0.040,0.045,0.077,0.102,,
163260,0.039,0.039,0.044,0.076,0.104,,
163320,0.039,0.039,0.044,0.073,0.102,,
163380,0.038,0.038,0.042,0.074,0.101,,
163440,0.038,0.038,0.042,0.072,0.099,,
163500,0.041,0.041,0.045,0.076,0.107,,
163560,0.038,0.038,0.042,0.073,0.103,,
163620,0.038,0.038,0.042,0.072,0.109,,
163680,0.040,0.040,0.044,0.074,0.114,,
163740,0.039,0.039,0.042,0.074,0.106,,
163800,0.041,0.041,0.045,0.079,0.114,,
163860,0.037,0.037,0.041,0.071,0.103,,
163920,0.040,0.040,0.044,0.076,0.109,,
163980,0.037,0.037,0.041,0.070,0.098,,
164040,0.040,0.040,0.044,0.077,0.111,,
164100,0.039,0.039,0.043,0.075,0.109,,
164160,0.039,0.039,0.043,0.077,0.116,,
164220,0.042,0.042,0.046,0.082,0.128,,
164280,0.040,0.040,0.045,0.084,0.129,,
164340,0.047,0.047,0.052,0.096,0.157,,
164400,0.045,0.045,0.049,0.091,0.148,,
164460,0.041,0.041,0.045,0.081,0.127,,
164520,0.043,0.043,0.047,0.089,0.142,,
164580,0.043,0.043,0.048,0.089,0.138,,
164640,0.046,0.046,0.051,0.092,0.155,,
164700,0.043,0.043,0.048,0.086,0.136,,
164760,0.046,0.046,0.051,0.092,0.152,,
164820,0.043,0.043,0.048,0.086,0.143,,
164880,0.047,0.047,0.052,0.093,0.153,,
164940,0.046,0.046,0.050,0.092,0.146,,
165000,0.046,0.046,0.050,0.092,0.156,,
165060,0.047,0.047,0.051,0.096,0.168,,
165120,0.045,0.045,0.050,0.096,0.159,,
165180,0.052,0.052,0.058,0.107,0.182,,
165240,0.051,0.051,0.056,0.107,0.186,,
165300,0.051,0.051,0.057,0.110,0.180,,
165360,0.047,0.047,0.052,0.102,0.159,,
165420,0.046,0.046,0.051,0.098,0.155,,
165480,0.045,0.045,0.050,0.097,0.154,,
165540,0.045,0.045,0.050,0.098,0.158,,
165600,0.047,0.047,0.052,0.100,0.159,,
165660,0.044,0.044,0.049,0.098,0.160,,
165720,0.045,0.045,0.050,0.096,0.163,,
165780,0.044,0.044,0.048,0.094,0.150,,
165840,0.047,0.047,0.052,0.097,0.158,,
165900,0.045,0.045,0.051,0.098,0.157,,
165960,0.042,0.042,0.047,0.091,0.142,,
166020,0.044,0.044,0.049,0.096,0.152,,
166080,0.043,0.043,0.048,0.095,0.155,,
166140,0.045,0.045,0.051,0.101,0.151,,
166200,0.042,0.042,0.047,0.090,0.139,,
166260,0.043,0.043,0.048,0.096,0.151,,
166320,0.043,0.043,0.047,0.090,0.140,,
166380,0.040,0.040,0.045,0.086,0.134,,
166440,0.043,0.043,0.048,0.090,0.133,,
166500,0.048,0.048,0.053,0.098,0.146,,
166560,0.043,0.043,0.049,0.093,0.146,,
166620,0.042,0.042,0.047,0.092,0.145,,
166680,0.043,0.043,0.049,0.099,0.154,,
166740,0.049,0.049,0.054,0.100,0.179,,
166800,0.045,0.045,0.050,0.098,0.162,,
166860,0.044,0.044,0.050,0.101,0.164,,
166920,0.049,0.049,0.054,0.103,0.176,,
166980,0.049,0.049,0.054,0.107,0.176,,
167040,0.046,0.046,0.052,0.106,0.168,,
167100,0.048,0.048,0.053,0.103,0.172,,
167160,0.047,0.047,0.053,0.100,0.167,,
167220,0.048,0.048,0.054,0.107,0.180,,
167280,0.048,0.048,0.054,0.104,0.182,,
167340,0.049,0.049,0.054,0.104,0.178,,
167400,0.050,0.050,0.056,0.107,0.191,,
167460,0.051,0.051,0.056,0.113,0.200,,
167520,0.053,0.053,0.059,0.116,0.206,,
167580,0.053,0.053,0.058,0.115,0.208,,
167640,0.053,0.053,0.058,0.117,0.203,,
167700,0.050,0.050,0.056,0.108,0.183,,
167760,0.049,0.049,0.055,0.109,0.179,,
167820,0.049,0.049,0.054,0.104,0.175,,
167880,0.049,0.049,0.054,0.108,0.165,,
167940,0.046,0.046,0.051,0.104,0.165,,
168000,0.044,0.044,0.050,0.098,0.156,,
168060,0.041,0.041,0.046,0.093,0.145,,
168120,0.045,0.045,0.050,0.101,0.152,,
168180,0.048,0.048,0.053,0.115,0.175,,
168240,0.041,0.041,0.047,0.098,0.147,,
168300,0.038,0.038,0.042,0.086,0.126,,
168360,0.037,0.037,0.041,0.086,0.118,,
168420,0.033,0.033,0.038,0.072,0.106,,
168480,0.035,0.035,0.040,0.080,0.110,,
168540,0.032,0.032,0.036,0.071,0.094,,
168600,0.032,0.032,0.036,0.071,0.094,,
168660,0.034,0.034,0.037,0.074,0.097,,
168720,0.032,0.032,0.036,0.067,0.092,,
168780,0.033,0.033,0.037,0.068,0.089,,
168840,0.064,0.064,0.069,0.141,0.284,,
168900,0.049,0.049,0.053,0.107,0.193,,
168960,0.045,0.045,0.049,0.095,0.161,,
169020,0.055,0.055,0.060,0.105,0.179,,
169080,0.040,0.040,0.044,0.084,0.136,,
169140,0.036,0.036,0.040,0.078,0.123,,
169200,0.038,0.038,0.041,0.082,0.133,,
169260,0.035,0.035,0.039,0.071,0.111,,
169320,0.034,0.034,0.038,0.073,0.106,,
169380,0.035,0.035,0.038,0.074,0.108,,
169440,0.035,0.035,0.039,0.073,0.107,,
169500,0.033,0.033,0.037,0.069,0.096,,
169560,0.031,0.031,0.035,0.065,0.092,,
169620,0.031,0.031,0.034,0.066,0.093,,
169680,0.032,0.032,0.036,0.067,0.093,,
169740,0.029,0.029,0.032,0.059,0.084,,
169800,0.029,0.029,0.033,0.060,0.087,,
169860,0.029,0.029,0.032,0.060,0.082,,
169920,0.029,0.029,0.032,0.054,0.073,,
169980,0.028,0.028,0.032,0.056,0.072,,
170040,0.029,0.029,0.033,0.060,0.078,,
170100,0.028,0.028,0.032,0.057,0.072,,
170160,0.027,0.027,0.030,0.053,0.065,,
170220,0.028,0.028,0.032,0.054,0.067,,
170280,0.026,0.026,0.030,0.050,0.062,,
170340,0.027,0.027,0.031,0.050,0.060,,
170400,0.028,0.028,0.031,0.053,0.068,,
170460,0.026,0.026,0.030,0.050,0.061,,
170520,0.025,0.025,0.029,0.048,0.056,,
170580,0.028,0.028,0.031,0.055,0.068,,
170640,0.025,0.025,0.028,0.047,0.055,,
170700,0.025,0.025,0.028,0.045,0.051,,
170760,0.025,0.025,0.029,0.047,0.056,,
170820,0.026,0.026,0.029,0.050,0.060,,
170880,0.026,0.026,0.030,0.050,0.062,,
170940,0.029,0.029,0.032,0.058,0.079,,
171000,0.028,0.028,0.032,0.058,0.075,,
171060,0.031,0.031,0.034,0.056,0.078,,
171120,0.028,0.028,0.032,0.055,0.073,,
171180,0.028,0.028,0.031,0.053,0.067,,
171240,0.026,0.026,0.030,0.054,0.069,,
171300,0.029,0.029,0.032,0.054,0.076,,
171360,0.029,0.029,0.032,0.054,0.069,,
171420,0.026,0.026,0.029,0.048,0.059,,
171480,0.026,0.026,0.029,0.050,0.065,,
171540,0.026,0.026,0.030,0.052,0.065,,
171600,0.029,0.029,0.032,0.054,0.077,,
171660,0.033,0.033,0.036,0.056,0.076,,
171720,0.027,0.027,0.030,0.051,0.065,,
171780,0.026,0.026,0.030,0.050,0.064,,
171840,0.025,0.025,0.028,0.050,0.060,,
171900,0.026,0.026,0.029,0.049,0.065,,
171960,0.026,0.026,0.029,0.050,0.060,,
172020,0.026,0.026,0.029,0.050,0.062,,
172080,0.025,0.025,0.028,0.046,0.057,,
172140,0.026,0.026,0.029,0.049,0.061,,
172200,0.026,0.026,0.030,0.049,0.060,,
172260,0.026,0.026,0.029,0.047,0.060,,
172320,0.025,0.025,0.028,0.045,0.059,,
172380,0.025,0.025,0.028,0.045,0.055,,
172440,0.025,0.025,0.027,0.046,0.055,,
172500,0.025,0.025,0.028,0.046,0.060,,
172560,0.023,0.023,0.026,0.043,0.047,,
172620,0.023,0.023,0.026,0.040,0.047,,
172680,0.024,0.024,0.027,0.043,0.048,,
172740,0.024,0.024,0.027,0.044,0.055,,
172800,0.023,0.023,0.026,0.042,0.048,,
172860,0.024,0.024,0.027,0.043,0.049,,
172920,0.024,0.024,0.027,0.043,0.054,,
172980,0.026,0.026,0.029,0.047,0.055,,
173040,0.026,0.026,0.029,0.046,0.060,,
173100,0.026,0.026,0.029,0.046,0.057,,
173160,0.024,0.024,0.027,0.042,0.049,,
173220,0.025,0.025,0.028,0.043,0.050,,
173280,0.024,0.024,0.027,0.042,0.049,,
173340,0.025,0.025,0.028,0.042,0.051,,
173400,0.024,0.024,0.027,0.042,0.047,,
173460,0.025,0.025,0.028,0.046,0.055,,
173520,0.025,0.025,0.027,0.042,0.054,,
173580,0.024,0.024,0.027,0.041,0.051,,
173640,0.024,0.024,0.026,0.042,0.050,,
173700,0.026,0.026,0.028,0.046,0.058,,
173760,0.024,0.024,0.026,0.042,0.052,,
173820,0.023,0.023,0.025,0.038,0.044,,
173880,0.024,0.024,0.026,0.041,0.049,,
173940,0.023,0.023,0.026,0.039,0.049,,
174000,0.023,0.023,0.025,0.042,0.047,,
174060,0.023,0.023,0.026,0.039,0.044,,
174120,0.024,0.024,0.027,0.042,0.050,,
174180,0.025,0.025,0.027,0.044,0.056,,
174240,0.024,0.024,0.027,0.041,0.047,,
174300,0.023,0.023,0.026,0.042,0.050,,
174360,0.022,0.022,0.025,0.037,0.042,,
174420,0.024,0.024,0.026,0.042,0.049,,
174480,0.024,0.024,0.026,0.041,0.051,,
174540,0.026,0.026,0.029,0.047,0.058,,
174600,0.028,0.028,0.030,0.049,0.067,,
174660,0.025,0.025,0.027,0.045,0.054,,
174720,0.026,0.026,0.029,0.049,0.067,,
174780,0.030,0.030,0.033,0.059,0.081,,
174840,0.030,0.030,0.033,0.059,0.088,,
174900,0.028,0.028,0.031,0.059,0.080,,
174960,0.031,0.031,0.034,0.063,0.086,,
175020,0.026,0.026,0.029,0.053,0.068,,
175080,0.026,0.026,0.028,0.052,0.070,,
175140,0.031,0.031,0.035,0.065,0.087,,
175200,0.034,0.034,0.037,0.074,0.102,,
175260,0.031,0.031,0.035,0.071,0.093,,
175320,0.030,0.030,0.033,0.063,0.090,,
175380,0.031,0.031,0.034,0.068,0.099,,
175440,0.032,0.032,0.035,0.070,0.097,,
175500,0.030,0.030,0.033,0.063,0.085,,
175560,0.030,0.030,0.034,0.068,0.089,,
175620,0.032,0.032,0.035,0.067,0.093,,
175680,0.031,0.031,0.034,0.068,0.086,,
175740,0.032,0.032,0.036,0.070,0.092,,
175800,0.030,0.030,0.034,0.067,0.083,,
175860,0.030,0.030,0.033,0.064,0.081,,
175920,0.031,0.031,0.034,0.065,0.084,,
175980,0.030,0.030,0.034,0.061,0.077,,
176040,0.029,0.029,0.032,0.060,0.077,,
176100,0.027,0.027,0.030,0.054,0.066,,
176160,0.028,0.028,0.031,0.059,0.070,,
176220,0.031,0.031,0.035,0.069,0.084,,
176280,0.029,0.029,0.032,0.060,0.074,,
176340,0.029,0.029,0.033,0.066,0.076,,
176400,0.026,0.026,0.028,0.048,0.060,,
176460,0.029,0.029,0.032,0.055,0.064,,
176520,0.028,0.028,0.031,0.056,0.070,,
176580,0.029,0.029,0.033,0.059,0.071,,
176640,0.030,0.030,0.033,0.064,0.078,,
176700,0.032,0.032,0.035,0.069,0.087,,
176760,0.030,0.030,0.033,0.061,0.075,,
176820,0.028,0.028,0.031,0.057,0.071,,
176880,0.028,0.028,0.032,0.060,0.071,,
176940,0.030,0.030,0.034,0.067,0.082,,
177000,0.030,0.030,0.033,0.063,0.078,,
177060,0.030,0.030,0.033,0.061,0.074,,
177120,0.031,0.031,0.034,0.065,0.080,,
177180,0.029,0.029,0.032,0.059,0.070,,
177240,0.030,0.030,0.033,0.063,0.073,,
177300,0.029,0.029,0.032,0.056,0.070,,
177360,0.028,0.028,0.032,0.056,0.065,,
177420,0.029,0.029,0.032,0.059,0.070,,
177480,0.032,0.032,0.036,0.067,0.080,,
177540,0.030,0.030,0.033,0.062,0.074,,
177600,0.030,0.030,0.033,0.058,0.068,,
177660,0.030,0.030,0.034,0.061,0.077,,
177720,0.030,0.030,0.034,0.059,0.068,,
177780,0.029,0.029,0.032,0.060,0.066,,
177840,0.029,0.029,0.032,0.059,0.068,,
177900,0.030,0.030,0.034,0.060,0.067,,
177960,0.031,0.031,0.034,0.061,0.069,,
178020,0.028,0.028,0.031,0.054,0.064,,
178080,0.029,0.029,0.032,0.055,0.063,,
178140,0.029,0.029,0.031,0.053,0.062,,
178200,0.029,0.029,0.032,0.055,0.062,,
178260,0.028,0.028,0.031,0.053,0.059,,
178320,0.028,0.028,0.031,0.052,0.059,,
178380,0.030,0.030,0.033,0.055,0.064,,
178440,0.027,0.027,0.031,0.050,0.058,,
178500,0.028,0.028,0.030,0.051,0.058,,
178560,0.028,0.028,0.030,0.052,0.059,,
178620,0.028,0.028,0.031,0.051,0.060,,
178680,0.028,0.028,0.031,0.052,0.059,,
178740,0.029,0.029,0.032,0.055,0.062,,
178800,0.027,0.027,0.030,0.050,0.055,,
178860,0.027,0.027,0.030,0.049,0.055,,
178920,0.028,0.028,0.031,0.051,0.058,,
178980,0.026,0.026,0.029,0.044,0.051,,
179040,0.027,0.027,0.030,0.049,0.057,,
179100,0.028,0.028,0.031,0.048,0.056,,
179160,0.027,0.027,0.029,0.046,0.051,,
179220,0.027,0.027,0.029,0.047,0.052,,
179280,0.027,0.027,0.029,0.046,0.051,,
179340,0.028,0.028,0.030,0.047,0.053,,
179400,0.027,0.027,0.029,0.046,0.049,,
179460,0.026,0.026,0.029,0.045,0.049,,
179520,0.026,0.026,0.029,0.044,0.047,,
179580,0.026,0.026,0.028,0.042,0.045,,
179640,0.026,0.026,0.028,0.042,0.044,,
179700,0.026,0.026,0.029,0.042,0.045,,
179760,0.027,0.027,0.030,0.043,0.047,,
179820,0.028,0.028,0.030,0.044,0.049,,
179880,0.027,0.027,0.029,0.043,0.045,,
179940,0.026,0.026,0.028,0.041,0.043,,
180000,0.027,0.027,0.029,0.041,0.044,,
180060,0.027,0.027,0.029,0.045,0.048,,
180120,0.027,0.027,0.029,0.043,0.047,,
180180,0.027,0.027,0.029,0.043,0.046,,
180240,0.026,0.026,0.028,0.039,0.042,,
180300,0.027,0.027,0.028,0.040,0.042,,
180360,0.026,0.026,0.028,0.040,0.041,,
180420,0.027,0.027,0.029,0.039,0.042,,
180480,0.027,0.027,0.029,0.040,0.043,,
180540,0.026,0.026,0.028,0.039,0.041,,
180600,0.027,0.027,0.029,0.040,0.042,,
180660,0.027,0.027,0.029,0.039,0.041,,
180720,0.026,0.026,0.028,0.038,0.040,,
180780,0.026,0.026,0.028,0.038,0.039,,
180840,0.026,0.026,0.028,0.038,0.040,,
180900,0.026,0.026,0.027,0.038,0.039,,
180960,0.025,0.025,0.027,0.037,0.039,,
181020,0.026,0.026,0.028,0.037,0.040,,
181080,0.026,0.026,0.028,0.037,0.040,,
181140,0.026,0.026,0.028,0.038,0.041,,
181200,0.025,0.025,0.027,0.036,0.040,,
181260,0.024,0.024,0.026,0.033,0.037,,
181320,0.025,0.025,0.026,0.036,0.037,,
181380,0.025,0.025,0.026,0.035,0.037,,
181440,0.025,0.025,0.027,0.036,0.037,,
181500,0.025,0.025,0.027,0.035,0.037,,
181560,0.025,0.025,0.027,0.034,0.035,,
181620,0.025,0.025,0.026,0.036,0.036,,
181680,0.025,0.025,0.026,0.035,0.037,,
181740,0.025,0.025,0.026,0.035,0.035,,
181800,0.025,0.025,0.026,0.035,0.037,,
181860,0.025,0.025,0.027,0.035,0.036,,
181920,0.025,0.025,0.026,0.035,0.036,,
181980,0.025,0.025,0.026,0.034,0.036,,
182040,0.025,0.025,0.026,0.034,0.035,,
182100,0.024,0.024,0.026,0.034,0.036,,
182160,0.024,0.024,0.026,0.033,0.034,,
182220,0.023,0.023,0.025,0.032,0.032,,
182280,0.024,0.024,0.025,0.033,0.034,,
182340,0.025,0.025,0.026,0.034,0.035,,
182400,0.024,0.024,0.026,0.032,0.034,,
182460,0.025,0.025,0.026,0.034,0.036,,
182520,0.024,0.024,0.025,0.033,0.035,,
182580,0.024,0.024,0.025,0.032,0.034,,
182640,0.024,0.024,0.026,0.033,0.035,,
182700,0.024,0.024,0.025,0.032,0.032,,
182760,0.024,0.024,0.025,0.032,0.033,,
182820,0.024,0.024,0.026,0.032,0.034,,
182880,0.023,0.023,0.025,0.031,0.032,,
182940,0.023,0.023,0.025,0.033,0.034,,
183000,0.024,0.024,0.026,0.033,0.034,,
183060,0.023,0.023,0.025,0.032,0.032,,
183120,0.023,0.023,0.025,0.031,0.032,,
183180,0.023,0.023,0.024,0.030,0.030,,
183240,0.023,0.023,0.024,0.030,0.032,,
183300,0.023,0.023,0.024,0.029,0.029,,
183360,0.023,0.023,0.025,0.031,0.032,,
183420,0.024,0.024,0.025,0.032,0.033,,
183480,0.024,0.024,0.025,0.031,0.032,,
183540,0.023,0.023,0.025,0.030,0.030,,
183600,0.023,0.023,0.025,0.031,0.032,,
183660,0.023,0.023,0.025,0.030,0.030,,
183720,0.023,0.023,0.024,0.030,0.031,,
183780,0.023,0.023,0.024,0.029,0.030,,
183840,0.023,0.023,0.024,0.030,0.031,,
183900,0.023,0.023,0.024,0.029,0.031,,
183960,0.023,0.023,0.024,0.029,0.030,,
184020,0.023,0.023,0.025,0.030,0.031,,
184080,0.023,0.023,0.024,0.030,0.031,,
184140,0.023,0.023,0.024,0.029,0.029,,
184200,0.023,0.023,0.024,0.029,0.029,,
184260,0.023,0.023,0.024,0.029,0.029,,
184320,0.023,0.023,0.024,0.028,0.028,,
184380,0.023,0.023,0.024,0.028,0.030,,
184440,0.023,0.023,0.024,0.029,0.029,,
184500,0.023,0.023,0.024,0.029,0.030,,
184560,0.023,0.023,0.023,0.028,0.028,,
184620,0.023,0.023,0.024,0.028,0.028,,
184680,0.022,0.022,0.024,0.028,0.028,,
184740,0.022,0.022,0.023,0.027,0.029,,
184800,0.022,0.022,0.023,0.026,0.026,,
184860,0.023,0.023,0.024,0.028,0.030,,
184920,0.023,0.023,0.024,0.029,0.029,,
184980,0.023,0.023,0.024,0.028,0.028,,
185040,0.023,0.023,0.024,0.027,0.027,,
185100,0.022,0.022,0.024,0.027,0.027,,
185160,0.023,0.023,0.024,0.028,0.029,,
185220,0.023,0.023,0.024,0.029,0.029,,
185280,0.023,0.023,0.024,0.028,0.029,,
185340,0.023,0.023,0.024,0.028,0.028,,
185400,0.023,0.023,0.024,0.028,0.029,,
185460,0.023,0.023,0.024,0.028,0.029,,
185520,0.023,0.023,0.024,0.028,0.028,,
185580,0.023,0.023,0.024,0.029,0.030,,
185640,0.022,0.022,0.023,0.027,0.028,,
185700,0.022,0.022,0.023,0.027,0.027,,
185760,0.023,0.023,0.024,0.028,0.029,,
185820,0.023,0.023,0.024,0.028,0.029,,
185880,0.022,0.022,0.023,0.027,0.027,,
185940,0.023,0.023,0.024,0.028,0.028,,
186000,0.022,0.022,0.024,0.027,0.027,,
186060,0.022,0.022,0.023,0.026,0.026,,
186120,0.022,0.022,0.024,0.027,0.027,,
186180,0.022,0.022,0.023,0.027,0.028,,
186240,0.022,0.022,0.023,0.026,0.026,,
186300,0.022,0.022,0.023,0.026,0.027,,
186360,0.022,0.022,0.024,0.027,0.027,,
186420,0.022,0.022,0.023,0.026,0.027,,
186480,0.022,0.022,0.023,0.027,0.027,,
186540,0.022,0.022,0.023,0.027,0.027,,
186600,0.022,0.022,0.023,0.027,0.027,,
186660,0.022,0.022,0.023,0.027,0.027,,
186720,0.022,0.022,0.023,0.026,0.026,,
186780,0.022,0.022,0.023,0.027,0.027,,
186840,0.023,0.023,0.024,0.027,0.027,,
186900,0.022,0.022,0.023,0.026,0.027,,
186960,0.022,0.022,0.023,0.026,0.026,,
187020,0.023,0.023,0.023,0.027,0.028,,
187080,0.023,0.023,0.024,0.027,0.027,,
187140,0.022,0.022,0.023,0.026,0.026,,
187200,0.022,0.022,0.023,0.026,0.026,,
187260,0.023,0.023,0.023,0.026,0.027,,
187320,0.022,0.022,0.023,0.028,0.028,,
187380,0.022,0.022,0.023,0.026,0.027,,
187440,0.022,0.022,0.023,0.026,0.026,,
187500,0.022,0.022,0.023,0.027,0.027,,
187560,0.022,0.022,0.023,0.026,0.026,,
187620,0.023,0.023,0.023,0.027,0.027,,
187680,0.022,0.022,0.023,0.026,0.026,,
187740,0.022,0.022,0.023,0.025,0.026,,
187800,0.022,0.022,0.023,0.027,0.027,,
187860,0.023,0.023,0.023,0.027,0.027,,
187920,0.022,0.022,0.023,0.026,0.026,,
187980,0.022,0.022,0.023,0.026,0.026,,
188040,0.022,0.022,0.023,0.025,0.025,,
188100,0.022,0.022,0.023,0.026,0.026,,
188160,0.023,0.023,0.023,0.027,0.027,,
188220,0.023,0.023,0.024,0.027,0.028,,
188280,0.023,0.023,0.024,0.027,0.027,,
188340,0.022,0.022,0.023,0.026,0.026,,
188400,0.022,0.022,0.023,0.026,0.026,,
188460,0.022,0.022,0.023,0.025,0.026,,
188520,0.022,0.022,0.023,0.026,0.026,,
188580,0.023,0.023,0.024,0.027,0.027,,
188640,0.022,0.022,0.023,0.026,0.026,,
188700,0.022,0.022,0.023,0.025,0.025,,
188760,0.023,0.023,0.024,0.027,0.027,,
188820,0.022,0.022,0.023,0.026,0.026,,
188880,0.022,0.022,0.023,0.026,0.026,,
188940,0.022,0.022,0.023,0.025,0.025,,
189000,0.022,0.022,0.023,0.025,0.025,,
189060,0.023,0.023,0.023,0.026,0.026,,
189120,0.022,0.022,0.023,0.025,0.025,,
189180,0.022,0.022,0.023,0.025,0.025,,
189240,0.023,0.023,0.023,0.026,0.027,,
189300,0.023,0.023,0.024,0.027,0.027,,
189360,0.022,0.022,0.023,0.025,0.025,,
189420,0.022,0.022,0.023,0.025,0.026,,
189480,0.023,0.023,0.024,0.027,0.027,,
189540,0.022,0.022,0.023,0.025,0.025,,
189600,0.022,0.022,0.023,0.026,0.026,,
189660,0.023,0.023,0.024,0.026,0.026,,
189720,0.023,0.023,0.024,0.026,0.026,,
189780,0.022,0.022,0.023,0.026,0.026,,
189840,0.022,0.022,0.023,0.026,0.026,,
189900,0.022,0.022,0.023,0.026,0.026,,
189960,0.023,0.023,0.023,0.026,0.026,,
190020,0.023,0.023,0.024,0.026,0.026,,
190080,0.023,0.023,0.023,0.026,0.026,,
190140,0.023,0.023,0.024,0.026,0.027,,
190200,0.022,0.022,0.023,0.025,0.025,,
190260,0.023,0.023,0.023,0.026,0.027,,
190320,0.023,0.023,0.023,0.026,0.026,,
190380,0.022,0.022,0.023,0.026,0.026,,
190440,0.023,0.023,0.023,0.026,0.026,,
190500,0.022,0.022,0.023,0.025,0.025,,
190560,0.022,0.022,0.023,0.025,0.025,,
190620,0.022,0.022,0.023,0.026,0.026,,
190680,0.023,0.023,0.023,0.026,0.026,,
190740,0.022,0.022,0.023,0.025,0.025,,
190800,0.022,0.022,0.023,0.026,0.027,,
190860,0.023,0.023,0.024,0.026,0.026,,
190920,0.023,0.023,0.023,0.026,0.026,,
190980,0.022,0.022,0.023,0.025,0.025,,
191040,0.023,0.023,0.023,0.026,0.026,,
191100,0.022,0.022,0.023,0.026,0.026,,
191160,0.022,0.022,0.023,0.026,0.026,,
191220,0.022,0.022,0.023,0.025,0.025,,
191280,0.022,0.022,0.023,0.025,0.025,,
191340,0.022,0.022,0.023,0.025,0.025,,
191400,0.022,0.022,0.023,0.025,0.025,,
191460,0.022,0.022,0.023,0.025,0.025,,
191520,0.022,0.022,0.022,0.024,0.024,,
191580,0.022,0.022,0.022,0.025,0.025,,
191640,0.022,0.022,0.023,0.025,0.025,,
191700,0.022,0.022,0.023,0.025,0.025,,
191760,0.022,0.022,0.023,0.025,0.025,,
191820,0.022,0.022,0.023,0.025,0.025,,
191880,0.022,0.022,0.023,0.025,0.025,,
191940,0.022,0.022,0.022,0.025,0.025,,
192000,0.022,0.022,0.023,0.025,0.026,,
192060,0.022,0.022,0.023,0.025,0.025,,
192120,0.022,0.022,0.023,0.025,0.025,,
192180,0.022,0.022,0.022,0.025,0.025,,
192240,0.022,0.022,0.023,0.025,0.025,,
192300,0.022,0.022,0.023,0.025,0.025,,
192360,0.022,0.022,0.022,0.025,0.025,,
192420,0.022,0.022,0.023,0.025,0.025,,
192480,0.022,0.022,0.022,0.025,0.025,,
192540,0.022,0.022,0.022,0.024,0.024,,
192600,0.022,0.022,0.022,0.025,0.025,,
192660,0.022,0.022,0.022,0.024,0.024,,
192720,0.022,0.022,0.022,0.024,0.024,,
192780,0.022,0.022,0.023,0.026,0.026,,
192840,0.022,0.022,0.023,0.025,0.025,,
192900,0.022,0.022,0.022,0.024,0.024,,
192960,0.021,0.021,0.022,0.024,0.024,,
193020,0.022,0.022,0.022,0.025,0.025,,
193080,0.022,0.022,0.023,0.024,0.024,,
193140,0.022,0.022,0.023,0.025,0.025,,
193200,0.022,0.022,0.022,0.024,0.024,,
193260,0.022,0.022,0.023,0.025,0.025,,
193320,0.022,0.022,0.022,0.024,0.024,,
193380,0.022,0.022,0.023,0.024,0.025,,
193440,0.021,0.021,0.022,0.024,0.024,,
193500,0.022,0.022,0.022,0.024,0.024,,
193560,0.022,0.022,0.022,0.024,0.024,,
193620,0.021,0.021,0.022,0.024,0.024,,
193680,0.021,0.021,0.022,0.024,0.024,,
193740,0.022,0.022,0.022,0.024,0.024,,
193800,0.021,0.021,0.022,0.024,0.024,,
193860,0.022,0.022,0.022,0.024,0.025,,
193920,0.022,0.022,0.022,0.024,0.024,,
193980,0.021,0.021,0.022,0.024,0.024,,
194040,0.022,0.022,0.022,0.024,0.024,,
194100,0.022,0.022,0.022,0.024,0.024,,
194160,0.022,0.022,0.022,0.024,0.024,,
194220,0.021,0.021,0.022,0.024,0.024,,
194280,0.021,0.021,0.022,0.024,0.024,,
194340,0.022,0.022,0.022,0.024,0.025,,
194400,0.022,0.022,0.022,0.024,0.024,,
194460,0.022,0.022,0.022,0.024,0.024,,
194520,0.021,0.021,0.022,0.024,0.024,,
194580,0.021,0.021,0.022,0.024,0.024,,
194640,0.022,0.022,0.022,0.024,0.024,,
194700,0.022,0.022,0.022,0.024,0.025,,
194760,0.021,0.021,0.022,0.024,0.024,,
194820,0.022,0.022,0.022,0.025,0.025,,
194880,0.021,0.021,0.022,0.023,0.023,,
194940,0.022,0.022,0.022,0.024,0.024,,
195000,0.021,0.021,0.022,0.024,0.024,,
195060,0.021,0.021,0.022,0.024,0.024,,
195120,0.022,0.022,0.022,0.024,0.024,,
195180,0.021,0.021,0.022,0.023,0.023,,
195240,0.021,0.021,0.022,0.023,0.023,,
195300,0.021,0.021,0.022,0.024,0.024,,
195360,0.022,0.022,0.022,0.024,0.024,,
195420,0.021,0.021,0.022,0.024,0.024,,
195480,0.021,0.021,0.022,0.024,0.024,,
195540,0.021,0.021,0.022,0.024,0.024,,
195600,0.021,0.021,0.022,0.024,0.024,,
195660,0.022,0.022,0.022,0.024,0.024,,
195720,0.021,0.021,0.022,0.023,0.023,,
195780,0.021,0.021,0.022,0.024,0.024,,
195840,0.021,0.021,0.022,0.023,0.023,,
195900,0.021,0.021,0.022,0.024,0.024,,
195960,0.021,0.021,0.021,0.023,0.023,,
196020,0.021,0.021,0.022,0.023,0.023,,
196080,0.021,0.021,0.022,0.024,0.024,,
196140,0.022,0.022,0.022,0.024,0.024,,
196200,0.021,0.021,0.022,0.023,0.023,,
196260,0.021,0.021,0.022,0.024,0.024,,
196320,0.021,0.021,0.022,0.023,0.023,,
196380,0.021,0.021,0.022,0.023,0.023,,
196440,0.021,0.021,0.022,0.023,0.023,,
196500,0.021,0.021,0.022,0.023,0.023,,
196560,0.021,0.021,0.022,0.023,0.024,,
196620,0.021,0.021,0.021,0.023,0.023,,
196680,0.021,0.021,0.021,0.023,0.023,,
196740,0.021,0.021,0.021,0.022,0.022,,
196800,0.021,0.021,0.022,0.023,0.023,,
196860,0.021,0.021,0.022,0.023,0.024,,
196920,0.021,0.021,0.021,0.022,0.022,,
196980,0.021,0.021,0.021,0.023,0.023,,
197040,0.021,0.021,0.021,0.022,0.022,,
197100,0.021,0.021,0.021,0.023,0.023,,
197160,0.021,0.021,0.021,0.023,0.023,,
197220,0.021,0.021,0.021,0.023,0.023,,
197280,0.021,0.021,0.021,0.022,0.022,,
197340,0.021,0.021,0.022,0.023,0.023,,
197400,0.021,0.021,0.022,0.023,0.023,,
197460,0.021,0.021,0.021,0.023,0.023,,
197520,0.021,0.021,0.021,0.022,0.022,,
197580,0.021,0.021,0.022,0.023,0.023,,
197640,0.021,0.021,0.022,0.023,0.023,,
197700,0.021,0.021,0.021,0.022,0.022,,
197760,0.021,0.021,0.022,0.023,0.023,,
197820,0.021,0.021,0.021,0.023,0.023,,
197880,0.021,0.021,0.022,0.023,0.023,,
197940,0.021,0.021,0.021,0.022,0.022,,
198000,0.021,0.021,0.022,0.023,0.024,,
198060,0.021,0.021,0.022,0.023,0.023,,
198120,0.021,0.021,0.022,0.023,0.023,,
198180,0.021,0.021,0.021,0.023,0.023,,
198240,0.021,0.021,0.021,0.023,0.023,,
198300,0.021,0.021,0.021,0.023,0.023,,
198360,0.021,0.021,0.021,0.023,0.023,,
198420,0.021,0.021,0.021,0.023,0.023,,
198480,0.021,0.021,0.022,0.024,0.024,,
198540,0.021,0.021,0.021,0.023,0.023,,
198600,0.021,0.021,0.021,0.023,0.023,,
198660,0.021,0.021,0.021,0.022,0.022,,
198720,0.021,0.021,0.021,0.022,0.022,,
198780,0.021,0.021,0.021,0.023,0.023,,
198840,0.021,0.021,0.021,0.023,0.023,,
198900,0.021,0.021,0.021,0.023,0.023,,
198960,0.021,0.021,0.021,0.023,0.023,,
199020,0.021,0.021,0.021,0.023,0.023,,
199080,0.021,0.021,0.022,0.023,0.023,,
199140,0.021,0.021,0.021,0.022,0.022,,
199200,0.021,0.021,0.021,0.023,0.023,,
199260,0.021,0.021,0.021,0.022,0.022,,
199320,0.020,0.020,0.021,0.022,0.022,,
199380,0.021,0.021,0.021,0.022,0.022,,
199440,0.021,0.021,0.021,0.023,0.023,,
199500,0.020,0.020,0.021,0.022,0.022,,
199560,0.021,0.021,0.021,0.022,0.023,,
199620,0.021,0.021,0.021,0.022,0.022,,
199680,0.021,0.021,0.021,0.022,0.022,,
199740,0.020,0.020,0.021,0.022,0.022,,
199800,0.021,0.021,0.021,0.022,0.022,,
199860,0.020,0.020,0.021,0.022,0.022,,
199920,0.021,0.021,0.021,0.022,0.022,,
199980,0.021,0.021,0.021,0.023,0.023,,
200040,0.020,0.020,0.021,0.022,0.022,,
200100,0.021,0.021,0.022,0.024,0.024,,
200160,0.021,0.021,0.022,0.023,0.023,,
200220,0.021,0.021,0.021,0.023,0.023,,
200280,0.021,0.021,0.021,0.022,0.022,,
200340,0.021,0.021,0.021,0.023,0.023,,
200400,0.021,0.021,0.021,0.023,0.023,,
200460,0.020,0.020,0.021,0.023,0.023,,
200520,0.020,0.020,0.021,0.022,0.022,,
200580,0.020,0.020,0.021,0.023,0.023,,
200640,0.021,0.021,0.021,0.023,0.023,,
200700,0.021,0.021,0.021,0.022,0.022,,
200760,0.021,0.021,0.021,0.023,0.024,,
200820,0.020,0.020,0.021,0.022,0.022,,
200880,0.021,0.021,0.021,0.023,0.023,,
200940,0.020,0.020,0.021,0.022,0.022,,
201000,0.020,0.020,0.021,0.022,0.022,,
201060,0.020,0.020,0.021,0.022,0.022,,
201120,0.021,0.021,0.021,0.022,0.022,,
201180,0.021,0.021,0.021,0.023,0.023,,
201240,0.021,0.021,0.021,0.023,0.023,,
201300,0.020,0.020,0.021,0.022,0.022,,
201360,0.020,0.020,0.021,0.023,0.023,,
201420,0.020,0.020,0.021,0.023,0.023,,
201480,0.020,0.020,0.021,0.023,0.023,,
201540,0.020,0.020,0.021,0.022,0.022,,
201600,0.020,0.020,0.021,0.022,0.022,,
201660,0.020,0.020,0.021,0.022,0.022,,
201720,0.020,0.020,0.021,0.022,0.022,,
201780,0.021,0.021,0.021,0.023,0.023,,
201840,0.021,0.021,0.022,0.023,0.023,,
201900,0.021,0.021,0.021,0.023,0.023,,
201960,0.020,0.020,0.021,0.022,0.022,,
202020,0.021,0.021,0.021,0.023,0.023,,
202080,0.021,0.021,0.021,0.023,0.023,,
202140,0.020,0.020,0.020,0.022,0.022,,
202200,0.021,0.021,0.021,0.023,0.023,,
202260,0.020,0.020,0.021,0.022,0.022,,
202320,0.021,0.021,0.021,0.023,0.023,,
202380,0.020,0.020,0.021,0.022,0.022,,
202440,0.020,0.020,0.021,0.022,0.022,,
202500,0.020,0.020,0.021,0.022,0.022,,
202560,0.020,0.020,0.020,0.022,0.022,,
202620,0.020,0.020,0.020,0.021,0.021,,
202680,0.020,0.020,0.021,0.022,0.022,,
202740,0.020,0.020,0.021,0.022,0.022,,
202800,0.020,0.020,0.021,0.022,0.022,,
202860,0.020,0.020,0.020,0.021,0.021,,
202920,0.020,0.020,0.021,0.022,0.022,,
202980,0.020,0.020,0.021,0.022,0.022,,
203040,0.020,0.020,0.020,0.021,0.021,,
203100,0.020,0.020,0.020,0.021,0.021,,
203160,0.020,0.020,0.020,0.021,0.021,,
203220,0.020,0.020,0.021,0.022,0.022,,
203280,0.020,0.020,0.020,0.022,0.022,,
203340,0.020,0.020,0.021,0.022,0.022,,
203400,0.020,0.020,0.020,0.022,0.022,,
203460,0.020,0.020,0.021,0.022,0.022,,
203520,0.020,0.020,0.021,0.023,0.023,,
203580,0.020,0.020,0.020,0.021,0.021,,
203640,0.020,0.020,0.020,0.022,0.022,,
203700,0.020,0.020,0.020,0.021,0.021,,
203760,0.020,0.020,0.021,0.022,0.023,,
203820,0.020,0.020,0.020,0.021,0.021,,
203880,0.020,0.020,0.020,0.021,0.021,,
203940,0.020,0.020,0.020,0.021,0.021,,
204000,0.020,0.020,0.020,0.022,0.022,,
204060,0.020,0.020,0.020,0.022,0.022,,
204120,0.020,0.020,0.020,0.022,0.022,,
204180,0.020,0.020,0.021,0.022,0.023,,
204240,0.020,0.020,0.021,0.023,0.023,,
204300,0.020,0.020,0.021,0.023,0.023,,
204360,0.020,0.020,0.020,0.022,0.023,,
204420,0.020,0.020,0.020,0.021,0.021,,
204480,0.020,0.020,0.020,0.021,0.021,,
204540,0.020,0.020,0.020,0.022,0.022,,
204600,0.020,0.020,0.021,0.022,0.022,,
204660,0.020,0.020,0.021,0.022,0.022,,
204720,0.020,0.020,0.020,0.022,0.022,,
204780,0.020,0.020,0.020,0.021,0.021,,
204840,0.019,0.019,0.020,0.021,0.021,,
204900,0.020,0.020,0.021,0.022,0.022,,
204960,0.020,0.020,0.020,0.022,0.022,,
205020,0.020,0.020,0.020,0.022,0.022,,
205080,0.020,0.020,0.020,0.022,0.022,,
205140,0.019,0.019,0.020,0.021,0.021,,
205200,0.020,0.020,0.020,0.022,0.022,,
205260,0.020,0.020,0.020,0.022,0.022,,
205320,0.019,0.019,0.020,0.021,0.021,,
205380,0.019,0.019,0.020,0.021,0.021,,
205440,0.019,0.019,0.020,0.021,0.021,,
205500,0.019,0.019,0.020,0.022,0.022,,
205560,0.020,0.020,0.020,0.023,0.023,,
205620,0.020,0.020,0.020,0.022,0.022,,
205680,0.019,0.019,0.020,0.022,0.022,,
205740,0.019,0.019,0.020,0.022,0.022,,
205800,0.019,0.019,0.020,0.021,0.021,,
205860,0.019,0.019,0.020,0.022,0.022,,
205920,0.019,0.019,0.020,0.022,0.022,,
205980,0.019,0.019,0.020,0.023,0.023,,
206040,0.019,0.019,0.020,0.021,0.021,,
206100,0.019,0.019,0.020,0.022,0.023,,
206160,0.020,0.020,0.021,0.023,0.024,,
206220,0.019,0.019,0.020,0.022,0.022,,
206280,0.019,0.019,0.020,0.022,0.022,,
206340,0.019,0.019,0.020,0.022,0.022,,
206400,0.019,0.019,0.020,0.021,0.021,,
206460,0.019,0.019,0.019,0.021,0.021,,
206520,0.019,0.019,0.020,0.021,0.021,,
206580,0.019,0.019,0.019,0.021,0.021,,
206640,0.019,0.019,0.019,0.021,0.021,,
206700,0.019,0.019,0.020,0.021,0.021,,
206760,0.019,0.019,0.020,0.021,0.022,,
206820,0.019,0.019,0.020,0.021,0.021,,
206880,0.019,0.019,0.019,0.021,0.021,,
206940,0.019,0.019,0.020,0.021,0.021,,
207000,0.019,0.019,0.020,0.021,0.022,,
207060,0.019,0.019,0.020,0.022,0.022,,
207120,0.019,0.019,0.020,0.021,0.021,,
207180,0.019,0.019,0.020,0.022,0.022,,
207240,0.019,0.019,0.019,0.021,0.021,,
207300,0.019,0.019,0.020,0.021,0.021,,
207360,0.019,0.019,0.019,0.022,0.022,,
207420,0.018,0.018,0.019,0.021,0.021,,
207480,0.019,0.019,0.019,0.021,0.021,,
207540,0.019,0.019,0.019,0.020,0.020,,
207600,0.018,0.018,0.019,0.021,0.021,,
207660,0.018,0.018,0.019,0.020,0.020,,
207720,0.019,0.019,0.019,0.021,0.021,,
207780,0.019,0.019,0.019,0.021,0.021,,
207840,0.019,0.019,0.019,0.021,0.021,,
207900,0.018,0.018,0.019,0.021,0.021,,
207960,0.018,0.018,0.019,0.020,0.020,,
208020,0.018,0.018,0.019,0.020,0.020,,
208080,0.018,0.018,0.019,0.020,0.020,,
208140,0.019,0.019,0.019,0.021,0.021,,
208200,0.018,0.018,0.019,0.020,0.020,,
208260,0.018,0.018,0.019,0.020,0.020,,
208320,0.018,0.018,0.019,0.020,0.020,,
208380,0.018,0.018,0.019,0.021,0.021,,
208440,0.018,0.018,0.019,0.020,0.020,,
208500,0.018,0.018,0.019,0.021,0.021,,
208560,0.018,0.018,0.019,0.020,0.020,,
208620,0.018,0.018,0.019,0.020,0.020,,
208680,0.018,0.018,0.018,0.020,0.020,,
208740,0.018,0.018,0.019,0.020,0.020,,
208800,0.018,0.018,0.019,0.020,0.021,,
208860,0.018,0.018,0.019,0.020,0.020,,
208920,0.018,0.018,0.019,0.021,0.021,,
208980,0.018,0.018,0.019,0.020,0.020,,
209040,0.018,0.018,0.018,0.020,0.020,,
209100,0.018,0.018,0.019,0.021,0.021,,
209160,0.018,0.018,0.019,0.020,0.021,,
209220,0.018,0.018,0.018,0.020,0.020,,
209280,0.018,0.018,0.018,0.019,0.019,,
209340,0.018,0.018,0.018,0.020,0.020,,
209400,0.018,0.018,0.018,0.019,0.019,,
209460,0.018,0.018,0.019,0.020,0.020,,
209520,0.018,0.018,0.018,0.019,0.019,,
209580,0.018,0.018,0.018,0.020,0.020,,
209640,0.018,0.018,0.018,0.020,0.020,,
209700,0.017,0.017,0.018,0.019,0.019,,
209760,0.017,0.017,0.018,0.020,0.020,,
209820,0.018,0.018,0.018,0.020,0.020,,
209880,0.018,0.018,0.018,0.020,0.020,,
209940,0.018,0.018,0.018,0.019,0.019,,
210000,0.018,0.018,0.018,0.020,0.020,,
210060,0.018,0.018,0.018,0.019,0.020,,
210120,0.018,0.018,0.018,0.020,0.020,,
210180,0.018,0.018,0.018,0.019,0.020,,
210240,0.017,0.017,0.018,0.019,0.019,,
210300,0.018,0.018,0.018,0.020,0.021,,
210360,0.018,0.018,0.018,0.020,0.020,,
210420,0.018,0.018,0.018,0.019,0.020,,
210480,0.018,0.018,0.018,0.019,0.019,,
210540,0.018,0.018,0.018,0.019,0.020,,
210600,0.018,0.018,0.018,0.019,0.019,,
210660,0.017,0.017,0.018,0.019,0.019,,
210720,0.017,0.017,0.018,0.019,0.019,,
210780,0.017,0.017,0.018,0.019,0.019,,
210840,0.017,0.017,0.018,0.019,0.019,,
210900,0.017,0.017,0.018,0.019,0.019,,
210960,0.017,0.017,0.018,0.019,0.019,,
211020,0.017,0.017,0.018,0.018,0.018,,
211080,0.017,0.017,0.018,0.019,0.019,,
211140,0.017,0.017,0.018,0.019,0.019,,
211200,0.017,0.017,0.018,0.019,0.019,,
211260,0.017,0.017,0.017,0.019,0.019,,
211320,0.017,0.017,0.018,0.020,0.020,,
211380,0.017,0.017,0.018,0.019,0.019,,
211440,0.017,0.017,0.017,0.018,0.018,,
211500,0.017,0.017,0.018,0.019,0.019,,
211560,0.017,0.017,0.018,0.019,0.019,,
211620,0.017,0.017,0.017,0.018,0.018,,
211680,0.017,0.017,0.017,0.018,0.018,,
211740,0.017,0.017,0.017,0.018,0.018,,
211800,0.017,0.017,0.017,0.018,0.018,,
211860,0.017,0.017,0.017,0.018,0.019,,
211920,0.017,0.017,0.017,0.018,0.018,,
211980,0.017,0.017,0.017,0.018,0.019,,
212040,0.017,0.017,0.017,0.018,0.018,,
212100,0.017,0.017,0.017,0.018,0.018,,
212160,0.017,0.017,0.017,0.018,0.018,,
212220,0.017,0.017,0.017,0.018,0.018,,
212280,0.017,0.017,0.017,0.018,0.018,,
212340,0.017,0.017,0.017,0.018,0.018,,
212400,0.016,0.016,0.017,0.018,0.018,,
212460,0.017,0.017,0.017,0.018,0.018,,
212520,0.017,0.017,0.017,0.018,0.019,,
212580,0.016,0.016,0.017,0.018,0.018,,
212640,0.017,0.017,0.017,0.018,0.018,,
212700,0.016,0.016,0.017,0.017,0.017,,
212760,0.016,0.016,0.017,0.018,0.018,,
212820,0.016,0.016,0.017,0.018,0.018,,
212880,0.016,0.016,0.017,0.018,0.018,,
212940,0.016,0.016,0.017,0.017,0.017,,
213000,0.016,0.016,0.017,0.018,0.018,,
213060,0.016,0.016,0.017,0.018,0.018,,
213120,0.017,0.017,0.017,0.018,0.018,,
213180,0.017,0.017,0.017,0.018,0.018,,
213240,0.016,0.016,0.017,0.018,0.018,,
213300,0.016,0.016,0.017,0.018,0.018,,
213360,0.016,0.016,0.017,0.018,0.018,,
213420,0.016,0.016,0.017,0.018,0.018,,
213480,0.016,0.016,0.017,0.017,0.017,,
213540,0.016,0.016,0.017,0.017,0.017,,
213600,0.016,0.016,0.017,0.018,0.018,,
213660,0.016,0.016,0.017,0.018,0.018,,
213720,0.016,0.016,0.017,0.018,0.018,,
213780,0.016,0.016,0.016,0.017,0.017,,
213840,0.016,0.016,0.016,0.017,0.017,,
213900,0.016,0.016,0.016,0.017,0.017,,
213960,0.016,0.016,0.016,0.017,0.017,,
214020,0.016,0.016,0.016,0.017,0.017,,
214080,0.016,0.016,0.016,0.017,0.017,,
214140,0.016,0.016,0.016,0.018,0.018,,
214200,0.016,0.016,0.016,0.017,0.017,,
214260,0.016,0.016,0.016,0.017,0.017,,
214320,0.016,0.016,0.016,0.017,0.017,,
214380,0.016,0.016,0.016,0.017,0.017,,
214440,0.016,0.016,0.016,0.017,0.017,,
214500,0.016,0.016,0.016,0.017,0.018,,
214560,0.016,0.016,0.016,0.017,0.017,,
214620,0.016,0.016,0.016,0.017,0.017,,
214680,0.016,0.016,0.016,0.017,0.017,,
214740,0.016,0.016,0.016,0.017,0.017,,
214800,0.016,0.016,0.016,0.017,0.017,,
214860,0.016,0.016,0.016,0.017,0.017,,
214920,0.015,0.015,0.016,0.017,0.017,,
214980,0.015,0.015,0.016,0.017,0.017,,
215040,0.016,0.016,0.016,0.017,0.017,,
215100,0.016,0.016,0.016,0.017,0.017,,
215160,0.015,0.015,0.016,0.016,0.016,,
215220,0.015,0.015,0.016,0.017,0.017,,
215280,0.016,0.016,0.016,0.017,0.017,,
215340,0.015,0.015,0.016,0.016,0.016,,
215400,0.015,0.015,0.016,0.017,0.017,,
215460,0.015,0.015,0.016,0.016,0.016,,
215520,0.015,0.015,0.016,0.017,0.017,,
215580,0.015,0.015,0.016,0.017,0.017,,
215640,0.015,0.015,0.015,0.016,0.016,,
215700,0.015,0.015,0.016,0.016,0.016,,
215760,0.015,0.015,0.015,0.016,0.016,,
215820,0.015,0.015,0.016,0.016,0.016,,
215880,0.015,0.015,0.015,0.016,0.016,,
215940,0.015,0.015,0.015,0.016,0.016,,
216000,0.015,0.015,0.015,0.016,0.016,,
216060,0.015,0.015,0.015,0.016,0.016,,
216120,0.015,0.015,0.015,0.016,0.016,,
216180,0.015,0.015,0.015,0.016,0.016,,
216240,0.015,0.015,0.016,0.016,0.016,,
216300,0.015,0.015,0.016,0.016,0.016,,
216360,0.015,0.015,0.015,0.016,0.016,,
216420,0.015,0.015,0.015,0.016,0.016,,
216480,0.015,0.015,0.015,0.016,0.016,,
216540,0.015,0.015,0.015,0.016,0.016,,
216600,0.015,0.015,0.015,0.016,0.016,,
216660,0.015,0.015,0.015,0.016,0.016,,
216720,0.015,0.015,0.015,0.016,0.017,,
216780,0.015,0.015,0.015,0.016,0.016,,
216840,0.015,0.015,0.015,0.017,0.017,,
216900,0.015,0.015,0.015,0.016,0.016,,
216960,0.015,0.015,0.015,0.016,0.016,,
217020,0.015,0.015,0.015,0.016,0.016,,
217080,0.015,0.015,0.015,0.016,0.016,,
217140,0.015,0.015,0.016,0.016,0.017,,
217200,0.015,0.015,0.015,0.016,0.016,,
217260,0.015,0.015,0.015,0.016,0.016,,
217320,0.015,0.015,0.015,0.016,0.016,,
217380,0.015,0.015,0.015,0.016,0.016,,
217440,0.015,0.015,0.015,0.016,0.016,,
217500,0.015,0.015,0.015,0.016,0.016,,
217560,0.015,0.015,0.015,0.016,0.016,,
217620,0.015,0.015,0.015,0.016,0.016,,
217680,0.015,0.015,0.015,0.016,0.016,,
217740,0.015,0.015,0.015,0.016,0.016,,
217800,0.015,0.015,0.015,0.016,0.016,,
217860,0.015,0.015,0.015,0.016,0.016,,
217920,0.015,0.015,0.015,0.016,0.016,,
217980,0.015,0.015,0.015,0.016,0.016,,
218040,0.015,0.015,0.015,0.016,0.016,,
218100,0.015,0.015,0.015,0.016,0.016,,
218160,0.015,0.015,0.015,0.016,0.016,,
218220,0.015,0.015,0.015,0.016,0.016,,
218280,0.015,0.015,0.015,0.016,0.016,,
218340,0.015,0.015,0.015,0.016,0.016,,
218400,0.015,0.015,0.015,0.016,0.016,,
218460,0.015,0.015,0.015,0.016,0.016,,
218520,0.015,0.015,0.015,0.016,0.016,,
218580,0.015,0.015,0.015,0.016,0.016,,
218640,0.015,0.015,0.015,0.016,0.016,,
218700,0.015,0.015,0.015,0.016,0.016,,
218760,0.015,0.015,0.015,0.015,0.015,,
218820,0.014,0.014,0.015,0.015,0.015,,
218880,0.014,0.014,0.015,0.015,0.015,,
218940,0.014,0.014,0.015,0.015,0.015,,
219000,0.015,0.015,0.015,0.016,0.016,,
219060,0.015,0.015,0.015,0.015,0.015,,
219120,0.014,0.014,0.015,0.016,0.016,,
219180,0.014,0.014,0.015,0.015,0.015,,
219240,0.015,0.015,0.015,0.016,0.016,,
219300,0.014,0.014,0.015,0.015,0.015,,
219360,0.015,0.015,0.015,0.016,0.016,,
219420,0.014,0.014,0.015,0.015,0.015,,
219480,0.014,0.014,0.015,0.015,0.015,,
219540,0.015,0.015,0.015,0.016,0.016,,
219600,0.014,0.014,0.015,0.015,0.015,,
219660,0.014,0.014,0.015,0.016,0.016,,
219720,0.014,0.014,0.015,0.015,0.015,,
219780,0.014,0.014,0.014,0.015,0.015,,
219840,0.014,0.014,0.015,0.016,0.016,,
219900,0.014,0.014,0.015,0.015,0.015,,
219960,0.014,0.014,0.014,0.015,0.015,,
220020,0.014,0.014,0.014,0.015,0.015,,
220080,0.014,0.014,0.015,0.015,0.015,,
220140,0.014,0.014,0.014,0.015,0.015,,
220200,0.014,0.014,0.015,0.015,0.015,,
220260,0.014,0.014,0.014,0.015,0.015,,
220320,0.014,0.014,0.015,0.016,0.016,,
220380,0.014,0.014,0.015,0.015,0.015,,
220440,0.014,0.014,0.014,0.015,0.015,,
220500,0.014,0.014,0.014,0.015,0.015,,
220560,0.014,0.014,0.015,0.015,0.015,,
220620,0.014,0.014,0.015,0.016,0.016,,
220680,0.014,0.014,0.015,0.015,0.015,,
220740,0.014,0.014,0.014,0.015,0.015,,
220800,0.014,0.014,0.014,0.015,0.015,,
220860,0.014,0.014,0.014,0.015,0.015,,
220920,0.014,0.014,0.014,0.015,0.015,,
220980,0.014,0.014,0.014,0.015,0.015,,
221040,0.014,0.014,0.014,0.015,0.015,,
221100,0.014,0.014,0.014,0.016,0.016,,
221160,0.014,0.014,0.014,0.015,0.015,,
221220,0.014,0.014,0.014,0.015,0.015,,
221280,0.014,0.014,0.014,0.015,0.015,,
221340,0.014,0.014,0.014,0.015,0.015,,
221400,0.014,0.014,0.014,0.015,0.015,,
221460,0.014,0.014,0.014,0.015,0.015,,
221520,0.014,0.014,0.014,0.015,0.015,,
221580,0.014,0.014,0.014,0.015,0.015,,
221640,0.014,0.014,0.014,0.015,0.015,,
221700,0.014,0.014,0.014,0.015,0.015,,
221760,0.014,0.014,0.014,0.015,0.015,,
221820,0.014,0.014,0.014,0.015,0.015,,
221880,0.014,0.014,0.014,0.015,0.015,,
221940,0.014,0.014,0.014,0.015,0.015,,
222000,0.013,0.013,0.014,0.014,0.014,,
222060,0.014,0.014,0.014,0.015,0.015,,
222120,0.014,0.014,0.014,0.015,0.015,,
222180,0.014,0.014,0.014,0.014,0.014,,
222240,0.014,0.014,0.014,0.014,0.014,,
222300,0.014,0.014,0.014,0.014,0.014,,
222360,0.013,0.013,0.014,0.014,0.014,,
222420,0.014,0.014,0.014,0.014,0.015,,
222480,0.014,0.014,0.014,0.015,0.015,,
222540,0.014,0.014,0.014,0.014,0.014,,
222600,0.014,0.014,0.014,0.014,0.014,,
222660,0.014,0.014,0.014,0.014,0.014,,
222720,0.014,0.014,0.014,0.014,0.014,,
222780,0.014,0.014,0.014,0.014,0.014,,
222840,0.014,0.014,0.014,0.014,0.014,,
222900,0.014,0.014,0.014,0.014,0.014,,
222960,0.014,0.014,0.014,0.014,0.014,,
223020,0.014,0.014,0.014,0.014,0.014,,
223080,0.014,0.014,0.014,0.014,0.014,,
223140,0.014,0.014,0.014,0.014,0.014,,
223200,0.014,0.014,0.014,0.014,0.014,,
223260,0.014,0.014,0.014,0.014,0.014,,
223320,0.013,0.013,0.014,0.014,0.014,,
223380,0.014,0.014,0.014,0.015,0.015,,
223440,0.013,0.013,0.014,0.014,0.014,,
223500,0.014,0.014,0.014,0.014,0.014,,
223560,0.013,0.013,0.014,0.014,0.014,,
223620,0.013,0.013,0.014,0.014,0.014,,
223680,0.014,0.014,0.014,0.014,0.014,,
223740,0.014,0.014,0.014,0.014,0.014,,
223800,0.014,0.014,0.014,0.014,0.014,,
223860,0.014,0.014,0.014,0.014,0.014,,
223920,0.013,0.013,0.014,0.014,0.014,,
223980,0.014,0.014,0.014,0.014,0.014,,
224040,0.013,0.013,0.013,0.014,0.014,,
224100,0.013,0.013,0.014,0.014,0.014,,
224160,0.013,0.013,0.014,0.014,0.014,,
224220,0.013,0.013,0.014,0.014,0.014,,
224280,0.013,0.013,0.014,0.014,0.014,,
224340,0.013,0.013,0.014,0.014,0.014,,
224400,0.013,0.013,0.014,0.014,0.014,,
224460,0.013,0.013,0.013,0.014,0.014,,
224520,0.014,0.014,0.014,0.014,0.014,,
224580,0.013,0.013,0.013,0.014,0.014,,
224640,0.013,0.013,0.014,0.014,0.014,,
224700,0.013,0.013,0.013,0.013,0.014,,
224760,0.013,0.013,0.013,0.014,0.014,,
224820,0.013,0.013,0.013,0.014,0.014,,
224880,0.013,0.013,0.013,0.014,0.014,,
224940,0.013,0.013,0.014,0.014,0.014,,
225000,0.013,0.013,0.013,0.014,0.014,,
225060,0.013,0.013,0.013,0.014,0.014,,
225120,0.013,0.013,0.013,0.013,0.013,,
225180,0.013,0.013,0.013,0.014,0.014,,
225240,0.013,0.013,0.013,0.014,0.014,,
225300,0.013,0.013,0.013,0.013,0.013,,
225360,0.013,0.013,0.013,0.014,0.014,,
225420,0.013,0.013,0.013,0.014,0.014,,
225480,0.013,0.013,0.013,0.014,0.014,,
225540,0.013,0.013,0.014,0.014,0.014,,
225600,0.013,0.013,0.014,0.014,0.014,,
225660,0.013,0.013,0.013,0.014,0.014,,
225720,0.013,0.013,0.013,0.014,0.014,,
225780,0.013,0.013,0.013,0.014,0.014,,
225840,0.013,0.013,0.013,0.014,0.014,,
225900,0.013,0.013,0.013,0.013,0.013,,
225960,0.013,0.013,0.013,0.014,0.014,,
226020,0.013,0.013,0.013,0.014,0.014,,
226080,0.013,0.013,0.013,0.014,0.014,,
226140,0.013,0.013,0.013,0.014,0.014,,
226200,0.013,0.013,0.013,0.014,0.014,,
226260,0.013,0.013,0.013,0.014,0.014,,
226320,0.013,0.013,0.013,0.014,0.014,,
226380,0.013,0.013,0.013,0.014,0.014,,
226440,0.013,0.013,0.013,0.014,0.014,,
226500,0.013,0.013,0.013,0.013,0.013,,
226560,0.013,0.013,0.013,0.013,0.013,,
226620,0.013,0.013,0.013,0.014,0.014,,
226680,0.013,0.013,0.013,0.013,0.013,,
226740,0.013,0.013,0.013,0.013,0.013,,
226800,0.013,0.013,0.013,0.013,0.013,,
226860,0.013,0.013,0.013,0.014,0.014,,
226920,0.013,0.013,0.013,0.014,0.014,,
226980,0.013,0.013,0.013,0.013,0.013,,
227040,0.013,0.013,0.013,0.013,0.013,,
227100,0.013,0.013,0.013,0.013,0.013,,
227160,0.013,0.013,0.013,0.013,0.013,,
227220,0.013,0.013,0.013,0.014,0.014,,
227280,0.013,0.013,0.013,0.014,0.014,,
227340,0.013,0.013,0.013,0.014,0.014,,
227400,0.013,0.013,0.013,0.013,0.013,,
227460,0.013,0.013,0.013,0.014,0.014,,
227520,0.013,0.013,0.013,0.013,0.013,,
227580,0.013,0.013,0.013,0.014,0.014,,
227640,0.013,0.013,0.013,0.014,0.014,,
227700,0.013,0.013,0.013,0.014,0.014,,
227760,0.013,0.013,0.013,0.014,0.014,,
227820,0.013,0.013,0.013,0.013,0.013,,
227880,0.013,0.013,0.013,0.014,0.014,,
227940,0.013,0.013,0.013,0.014,0.014,,
228000,0.013,0.013,0.013,0.014,0.014,,
228060,0.013,0.013,0.013,0.014,0.014,,
228120,0.013,0.013,0.013,0.014,0.014,,
228180,0.013,0.013,0.013,0.014,0.014,,
228240,0.013,0.013,0.013,0.014,0.014,,
228300,0.013,0.013,0.013,0.013,0.013,,
228360,0.013,0.013,0.013,0.013,0.013,,
228420,0.013,0.013,0.013,0.014,0.014,,
228480,0.013,0.013,0.013,0.014,0.014,,
228540,0.013,0.013,0.013,0.013,0.013,,
228600,0.013,0.013,0.013,0.014,0.014,,
228660,0.013,0.013,0.013,0.014,0.015,,
228720,0.013,0.013,0.013,0.014,0.014,,
228780,0.013,0.013,0.013,0.015,0.016,,
228840,0.013,0.013,0.014,0.015,0.016,,
228900,0.014,0.014,0.014,0.015,0.017,,
228960,0.014,0.014,0.014,0.016,0.019,,
229020,0.013,0.013,0.014,0.015,0.018,,
229080,0.013,0.013,0.014,0.015,0.018,,
229140,0.013,0.013,0.014,0.015,0.017,,
229200,0.014,0.014,0.014,0.016,0.019,,
229260,0.013,0.013,0.013,0.015,0.017,,
229320,0.013,0.013,0.014,0.015,0.017,,
229380,0.013,0.013,0.013,0.015,0.017,,
229440,0.013,0.013,0.014,0.015,0.018,,
229500,0.014,0.014,0.014,0.016,0.018,,
229560,0.014,0.014,0.014,0.017,0.020,,
229620,0.013,0.013,0.013,0.015,0.016,,
229680,0.014,0.014,0.015,0.018,0.020,,
229740,0.014,0.014,0.015,0.018,0.024,,
229800,0.014,0.014,0.014,0.017,0.019,,
229860,0.014,0.014,0.014,0.016,0.018,,
229920,0.014,0.014,0.014,0.017,0.019,,
229980,0.014,0.014,0.015,0.018,0.020,,
230040,0.014,0.014,0.014,0.017,0.020,,
230100,0.014,0.014,0.015,0.020,0.022,,
230160,0.016,0.016,0.016,0.022,0.027,,
230220,0.015,0.015,0.016,0.020,0.023,,
230280,0.014,0.014,0.015,0.018,0.022,,
230340,0.015,0.015,0.015,0.020,0.022,,
230400,0.014,0.014,0.015,0.019,0.023,,
230460,0.014,0.014,0.015,0.020,0.022,,
230520,0.014,0.014,0.014,0.019,0.019,,
230580,0.014,0.014,0.015,0.020,0.022,,
230640,0.014,0.014,0.015,0.019,0.020,,
230700,0.014,0.014,0.015,0.019,0.020,,
230760,0.015,0.015,0.016,0.021,0.025,,
230820,0.014,0.014,0.015,0.019,0.020,,
230880,0.014,0.014,0.015,0.019,0.020,,
230940,0.015,0.015,0.015,0.019,0.021,,
231000,0.014,0.014,0.014,0.017,0.019,,
231060,0.014,0.014,0.015,0.018,0.019,,
231120,0.014,0.014,0.014,0.018,0.018,,
231180,0.014,0.014,0.015,0.018,0.019,,
231240,0.014,0.014,0.015,0.019,0.021,,
231300,0.015,0.015,0.015,0.020,0.021,,
231360,0.014,0.014,0.015,0.018,0.020,,
231420,0.014,0.014,0.015,0.020,0.020,,
231480,0.014,0.014,0.015,0.019,0.021,,
231540,0.014,0.014,0.015,0.018,0.019,,
231600,0.014,0.014,0.015,0.019,0.020,,
231660,0.015,0.015,0.016,0.020,0.022,,
231720,0.014,0.014,0.015,0.019,0.019,,
231780,0.014,0.014,0.015,0.019,0.021,,
231840,0.015,0.015,0.016,0.020,0.022,,
231900,0.014,0.014,0.015,0.018,0.020,,
231960,0.014,0.014,0.015,0.018,0.020,,
232020,0.014,0.014,0.014,0.018,0.018,,
232080,0.014,0.014,0.015,0.018,0.020,,
232140,0.015,0.015,0.016,0.021,0.023,,
232200,0.016,0.016,0.017,0.025,0.031,,
232260,0.018,0.018,0.020,0.033,0.044,,
232320,0.021,0.021,0.023,0.040,0.053,,
232380,0.022,0.022,0.024,0.045,0.064,,
232440,0.023,0.023,0.025,0.044,0.065,,
232500,0.021,0.021,0.023,0.042,0.057,,
232560,0.020,0.020,0.022,0.037,0.048,,
232620,0.020,0.020,0.021,0.038,0.048,,
232680,0.019,0.019,0.021,0.036,0.046,,
232740,0.019,0.019,0.021,0.034,0.041,,
232800,0.018,0.018,0.019,0.031,0.037,,
232860,0.017,0.017,0.019,0.031,0.036,,
232920,0.018,0.018,0.019,0.031,0.036,,
232980,0.017,0.017,0.018,0.029,0.033,,
233040,0.017,0.017,0.018,0.029,0.034,,
233100,0.018,0.018,0.020,0.030,0.035,,
233160,0.016,0.016,0.018,0.027,0.030,,
233220,0.018,0.018,0.020,0.030,0.038,,
233280,0.017,0.017,0.019,0.030,0.036,,
233340,0.017,0.017,0.018,0.029,0.031,,
233400,0.017,0.017,0.019,0.028,0.034,,
233460,0.017,0.017,0.018,0.028,0.032,,
233520,0.016,0.016,0.017,0.025,0.028,,
233580,0.016,0.016,0.017,0.027,0.029,,
233640,0.016,0.016,0.018,0.026,0.028,,
233700,0.016,0.016,0.018,0.025,0.028,,
233760,0.016,0.016,0.017,0.025,0.026,,
233820,0.016,0.016,0.018,0.027,0.030,,
233880,0.015,0.015,0.017,0.024,0.025,,
233940,0.016,0.016,0.017,0.025,0.028,,
234000,0.016,0.016,0.018,0.026,0.029,,
234060,0.016,0.016,0.017,0.025,0.027,,
234120,0.015,0.015,0.016,0.023,0.024,,
234180,0.015,0.015,0.017,0.025,0.027,,
234240,0.016,0.016,0.017,0.024,0.027,,
234300,0.016,0.016,0.017,0.024,0.027,,
234360,0.015,0.015,0.017,0.024,0.026,,
234420,0.015,0.015,0.016,0.022,0.024,,
234480,0.015,0.015,0.017,0.023,0.025,,
234540,0.015,0.015,0.016,0.022,0.023,,
234600,0.015,0.015,0.016,0.024,0.026,,
234660,0.015,0.015,0.016,0.023,0.025,,
234720,0.015,0.015,0.017,0.024,0.026,,
234780,0.015,0.015,0.016,0.021,0.023,,
234840,0.014,0.014,0.016,0.021,0.022,,
234900,0.015,0.015,0.016,0.023,0.023,,
234960,0.015,0.015,0.016,0.021,0.022,,
235020,0.015,0.015,0.016,0.023,0.024,,
235080,0.014,0.014,0.015,0.021,0.021,,
235140,0.014,0.014,0.016,0.021,0.021,,
235200,0.015,0.015,0.016,0.022,0.023,,
235260,0.015,0.015,0.016,0.022,0.022,,
235320,0.015,0.015,0.016,0.021,0.023,,
235380,0.015,0.015,0.016,0.021,0.023,,
235440,0.015,0.015,0.016,0.020,0.022,,
235500,0.015,0.015,0.016,0.021,0.021,,
235560,0.014,0.014,0.015,0.020,0.020,,
235620,0.014,0.014,0.015,0.021,0.021,,
235680,0.014,0.014,0.015,0.019,0.019,,
235740,0.014,0.014,0.015,0.020,0.021,,
235800,0.014,0.014,0.015,0.020,0.020,,
235860,0.014,0.014,0.015,0.020,0.021,,
235920,0.014,0.014,0.015,0.020,0.022,,
235980,0.015,0.015,0.016,0.022,0.022,,
236040,0.015,0.015,0.016,0.020,0.021,,
236100,0.014,0.014,0.015,0.019,0.020,,
236160,0.014,0.014,0.015,0.019,0.022,,
236220,0.014,0.014,0.015,0.019,0.020,,
236280,0.014,0.014,0.015,0.018,0.019,,
236340,0.015,0.015,0.016,0.020,0.023,,
236400,0.014,0.014,0.015,0.019,0.020,,
236460,0.014,0.014,0.015,0.019,0.020,,
236520,0.014,0.014,0.015,0.020,0.020,,
236580,0.014,0.014,0.015,0.019,0.020,,
236640,0.014,0.014,0.015,0.019,0.021,,
236700,0.013,0.013,0.014,0.017,0.017,,
236760,0.013,0.013,0.014,0.018,0.018,,
236820,0.014,0.014,0.015,0.019,0.019,,
236880,0.014,0.014,0.014,0.019,0.020,,
236940,0.014,0.014,0.014,0.018,0.019,,
237000,0.013,0.013,0.014,0.018,0.018,,
237060,0.014,0.014,0.014,0.017,0.018,,
237120,0.014,0.014,0.015,0.019,0.019,,
237180,0.014,0.014,0.015,0.018,0.020,,
237240,0.014,0.014,0.015,0.019,0.019,,
237300,0.014,0.014,0.015,0.019,0.020,,
237360,0.015,0.015,0.016,0.020,0.021,,
237420,0.014,0.014,0.015,0.019,0.021,,
237480,0.014,0.014,0.015,0.019,0.020,,
237540,0.014,0.014,0.015,0.019,0.019,,
237600,0.014,0.014,0.015,0.018,0.019,,
237660,0.015,0.015,0.016,0.023,0.025,,
237720,0.014,0.014,0.015,0.020,0.021,,
237780,0.016,0.016,0.017,0.024,0.026,,
237840,0.014,0.014,0.015,0.020,0.021,,
237900,0.015,0.015,0.017,0.022,0.025,,
237960,0.015,0.015,0.016,0.021,0.021,,
238020,0.016,0.016,0.017,0.024,0.028,,
238080,0.014,0.014,0.015,0.020,0.021,,
238140,0.016,0.016,0.017,0.023,0.025,,
238200,0.016,0.016,0.017,0.025,0.028,,
238260,0.016,0.016,0.017,0.024,0.026,,
238320,0.016,0.016,0.017,0.025,0.026,,
238380,0.016,0.016,0.017,0.022,0.024,,
238440,0.015,0.015,0.017,0.024,0.027,,
238500,0.016,0.016,0.017,0.022,0.024,,
238560,0.015,0.015,0.016,0.021,0.023,,
238620,0.015,0.015,0.016,0.021,0.022,,
238680,0.015,0.015,0.016,0.021,0.023,,
238740,0.015,0.015,0.016,0.022,0.023,,
238800,0.014,0.014,0.015,0.020,0.021,,
238860,0.015,0.015,0.016,0.021,0.024,,
238920,0.015,0.015,0.016,0.022,0.026,,
238980,0.016,0.016,0.016,0.022,0.026,,
239040,0.019,0.019,0.021,0.028,0.036,,
239100,0.019,0.019,0.020,0.030,0.044,,
239160,0.022,0.022,0.023,0.034,0.051,,
239220,0.019,0.019,0.020,0.031,0.045,,
239280,0.017,0.017,0.018,0.027,0.035,,
239340,0.022,0.022,0.023,0.033,0.049,,
239400,0.026,0.026,0.028,0.052,0.080,,
239460,0.028,0.028,0.030,0.057,0.094,,
239520,0.030,0.030,0.032,0.064,0.100,,
239580,0.029,0.029,0.032,0.060,0.097,,
239640,0.027,0.027,0.030,0.061,0.090,,
239700,0.028,0.028,0.030,0.056,0.083,,
239760,0.029,0.029,0.032,0.061,0.090,,
239820,0.030,0.030,0.032,0.066,0.091,,
239880,0.027,0.027,0.029,0.057,0.083,,
239940,0.027,0.027,0.029,0.055,0.078,,
240000,0.026,0.026,0.028,0.053,0.074,,
240060,0.026,0.026,0.029,0.057,0.080,,
240120,0.028,0.028,0.031,0.061,0.085,,
240180,0.026,0.026,0.029,0.056,0.075,,
240240,0.029,0.029,0.032,0.066,0.094,,
240300,0.024,0.024,0.026,0.051,0.069,,
240360,0.028,0.028,0.031,0.063,0.084,,
240420,0.026,0.026,0.029,0.061,0.080,,
240480,0.028,0.028,0.031,0.061,0.085,,
240540,0.026,0.026,0.028,0.060,0.086,,
240600,0.028,0.028,0.030,0.062,0.086,,
240660,0.023,0.023,0.026,0.048,0.061,,
240720,0.027,0.027,0.029,0.058,0.078,,
240780,0.026,0.026,0.029,0.058,0.075,,
240840,0.027,0.027,0.029,0.057,0.075,,
240900,0.025,0.025,0.028,0.055,0.072,,
240960,0.024,0.024,0.026,0.050,0.064,,
241020,0.025,0.025,0.027,0.051,0.066,,
241080,0.025,0.025,0.027,0.052,0.068,,
241140,0.025,0.025,0.027,0.053,0.066,,
241200,0.024,0.024,0.026,0.048,0.060,,
241260,0.024,0.024,0.026,0.049,0.060,,
241320,0.023,0.023,0.025,0.043,0.051,,
241380,0.022,0.022,0.024,0.045,0.054,,
241440,0.024,0.024,0.026,0.046,0.055,,
241500,0.024,0.024,0.026,0.045,0.055,,
241560,0.022,0.022,0.024,0.041,0.052,,
241620,0.021,0.021,0.023,0.040,0.049,,
241680,0.021,0.021,0.023,0.039,0.048,,
241740,0.023,0.023,0.025,0.043,0.054,,
241800,0.023,0.023,0.025,0.044,0.054,,
241860,0.023,0.023,0.025,0.040,0.051,,
241920,0.023,0.023,0.025,0.042,0.053,,
241980,0.022,0.022,0.024,0.042,0.049,,
242040,0.022,0.022,0.023,0.040,0.049,,
242100,0.021,0.021,0.023,0.040,0.049,,
242160,0.020,0.020,0.022,0.034,0.041,,
242220,0.021,0.021,0.023,0.038,0.045,,
242280,0.020,0.020,0.023,0.037,0.044,,
242340,0.022,0.022,0.023,0.039,0.049,,
242400,0.023,0.023,0.024,0.043,0.055,,
242460,0.023,0.023,0.025,0.042,0.060,,
242520,0.023,0.023,0.025,0.045,0.056,,
242580,0.022,0.022,0.024,0.041,0.056,,
242640,0.021,0.021,0.023,0.038,0.048,,
242700,0.023,0.023,0.025,0.039,0.055,,
242760,0.023,0.023,0.024,0.040,0.053,,
242820,0.024,0.024,0.026,0.044,0.060,,
242880,0.023,0.023,0.025,0.046,0.057,,
242940,0.022,0.022,0.024,0.042,0.055,,
243000,0.022,0.022,0.023,0.041,0.048,,
243060,0.022,0.022,0.024,0.042,0.054,,
243120,0.022,0.022,0.024,0.042,0.049,,
243180,0.022,0.022,0.024,0.040,0.052,,
243240,0.022,0.022,0.024,0.043,0.053,,
243300,0.021,0.021,0.023,0.041,0.045,,
243360,0.023,0.023,0.024,0.042,0.054,,
243420,0.023,0.023,0.025,0.042,0.054,,
243480,0.021,0.021,0.023,0.036,0.046,,
243540,0.023,0.023,0.025,0.045,0.059,,
243600,0.023,0.023,0.025,0.043,0.055,,
243660,0.022,0.022,0.024,0.042,0.051,,
243720,0.020,0.020,0.022,0.037,0.044,,
243780,0.022,0.022,0.024,0.041,0.054,,
243840,0.022,0.022,0.023,0.041,0.052,,
243900,0.020,0.020,0.022,0.039,0.048,,
243960,0.020,0.020,0.021,0.035,0.046,,
244020,0.021,0.021,0.023,0.041,0.057,,
244080,0.021,0.021,0.022,0.040,0.054,,
244140,0.019,0.019,0.021,0.038,0.048,,
244200,0.022,0.022,0.024,0.045,0.063,,
244260,0.019,0.019,0.021,0.034,0.041,,
244320,0.019,0.019,0.021,0.036,0.043,,
244380,0.021,0.021,0.022,0.038,0.055,,
244440,0.018,0.018,0.019,0.030,0.037,,
244500,0.020,0.020,0.021,0.035,0.044,,
244560,0.019,0.019,0.021,0.035,0.042,,
244620,0.019,0.019,0.020,0.033,0.040,,
244680,0.019,0.019,0.021,0.034,0.041,,
244740,0.017,0.017,0.018,0.029,0.035,,
244800,0.019,0.019,0.020,0.032,0.038,,
244860,0.018,0.018,0.020,0.032,0.035,,
244920,0.018,0.018,0.019,0.028,0.033,,
244980,0.015,0.015,0.015,0.020,0.023,,
245040,0.016,0.016,0.017,0.026,0.031,,
245100,0.017,0.017,0.018,0.027,0.031,,
245160,0.017,0.017,0.017,0.025,0.029,,
245220,0.016,0.016,0.017,0.024,0.027,,
245280,0.017,0.017,0.017,0.027,0.031,,
245340,0.015,0.015,0.016,0.022,0.027,,
245400,0.015,0.015,0.015,0.020,0.023,,
245460,0.016,0.016,0.017,0.024,0.028,,
245520,0.016,0.016,0.017,0.025,0.027,,
245580,0.017,0.017,0.018,0.025,0.028,,
245640,0.015,0.015,0.015,0.021,0.023,,
245700,0.016,0.016,0.016,0.023,0.024,,
245760,0.016,0.016,0.016,0.022,0.027,,
245820,0.016,0.016,0.017,0.022,0.026,,
245880,0.016,0.016,0.017,0.024,0.027,,
245940,0.016,0.016,0.017,0.024,0.027,,
246000,0.015,0.015,0.016,0.021,0.024,,
246060,0.016,0.016,0.017,0.023,0.025,,
246120,0.015,0.015,0.015,0.020,0.021,,
246180,0.016,0.016,0.016,0.022,0.025,,
246240,0.016,0.016,0.017,0.024,0.025,,
246300,0.014,0.014,0.015,0.019,0.020,,
246360,0.015,0.015,0.016,0.021,0.023,,
246420,0.015,0.015,0.016,0.025,0.026,,
246480,0.016,0.016,0.017,0.025,0.029,,
246540,0.015,0.015,0.016,0.023,0.027,,
246600,0.015,0.015,0.016,0.022,0.024,,
246660,0.015,0.015,0.016,0.022,0.024,,
246720,0.015,0.015,0.015,0.020,0.021,,
246780,0.015,0.015,0.015,0.020,0.022,,
246840,0.014,0.014,0.015,0.020,0.020,,
246900,0.014,0.014,0.015,0.019,0.020,,
246960,0.015,0.015,0.016,0.022,0.024,,
247020,0.015,0.015,0.016,0.020,0.022,,
247080,0.015,0.015,0.016,0.020,0.021,,
247140,0.015,0.015,0.015,0.020,0.021,,
247200,0.015,0.015,0.015,0.019,0.020,,
247260,0.015,0.015,0.016,0.020,0.021,,
247320,0.015,0.015,0.015,0.021,0.022,,
247380,0.015,0.015,0.016,0.020,0.021,,
247440,0.015,0.015,0.015,0.019,0.020,,
247500,0.015,0.015,0.015,0.019,0.021,,
247560,0.015,0.015,0.016,0.021,0.024,,
247620,0.015,0.015,0.016,0.021,0.024,,
247680,0.015,0.015,0.015,0.020,0.022,,
247740,0.015,0.015,0.016,0.021,0.022,,
247800,0.015,0.015,0.016,0.020,0.022,,
247860,0.015,0.015,0.015,0.018,0.020,,
247920,0.014,0.014,0.015,0.019,0.019,,
247980,0.015,0.015,0.016,0.021,0.022,,
248040,0.015,0.015,0.015,0.019,0.020,,
248100,0.015,0.015,0.015,0.019,0.019,,
248160,0.014,0.014,0.014,0.017,0.017,,
248220,0.014,0.014,0.015,0.018,0.019,,
248280,0.016,0.016,0.017,0.024,0.026,,
248340,0.019,0.019,0.020,0.032,0.036,,
248400,0.017,0.017,0.018,0.025,0.028,,
248460,0.016,0.016,0.016,0.022,0.023,,
248520,0.017,0.017,0.018,0.027,0.030,,
248580,0.017,0.017,0.018,0.027,0.030,,
248640,0.016,0.016,0.017,0.024,0.025,,
248700,0.016,0.016,0.017,0.024,0.025,,
248760,0.017,0.017,0.018,0.025,0.030,,
248820,0.016,0.016,0.017,0.026,0.028,,
248880,0.017,0.017,0.018,0.026,0.030,,
248940,0.018,0.018,0.019,0.029,0.035,,
249000,0.020,0.020,0.021,0.034,0.047,,
249060,0.019,0.019,0.020,0.033,0.052,,
249120,0.022,0.022,0.023,0.043,0.065,,
249180,0.023,0.023,0.024,0.046,0.070,,
249240,0.023,0.023,0.025,0.044,0.068,,
249300,0.024,0.024,0.025,0.047,0.073,,
249360,0.025,0.025,0.027,0.052,0.077,,
249420,0.027,0.027,0.029,0.056,0.081,,
249480,0.025,0.025,0.027,0.055,0.085,,
249540,0.025,0.025,0.026,0.050,0.078,,
249600,0.024,0.024,0.025,0.048,0.078,,
249660,0.023,0.023,0.025,0.047,0.074,,
249720,0.025,0.025,0.026,0.049,0.076,,
249780,0.022,0.022,0.024,0.041,0.067,,
249840,0.022,0.022,0.023,0.041,0.066,,
249900,0.026,0.026,0.028,0.053,0.096,,
249960,0.024,0.024,0.026,0.048,0.077,,
250020,0.028,0.028,0.030,0.056,0.096,,
250080,0.028,0.028,0.030,0.052,0.101,,
250140,0.029,0.029,0.030,0.057,0.090,,
250200,0.024,0.024,0.026,0.049,0.081,,
250260,0.029,0.029,0.030,0.055,0.082,,
250320,0.025,0.025,0.026,0.048,0.083,,
250380,0.026,0.026,0.028,0.055,0.093,,
250440,0.026,0.026,0.028,0.056,0.089,,
250500,0.029,0.029,0.031,0.056,0.099,,
250560,0.030,0.030,0.032,0.059,0.104,,
250620,0.029,0.029,0.031,0.060,0.098,,
250680,0.037,0.037,0.039,0.066,0.109,,
250740,0.034,0.034,0.036,0.072,0.122,,
250800,0.029,0.029,0.030,0.062,0.104,,
250860,0.027,0.027,0.029,0.053,0.089,,
250920,0.028,0.028,0.029,0.049,0.079,,
250980,0.027,0.027,0.029,0.054,0.089,,
251040,0.025,0.025,0.026,0.045,0.065,,
251100,0.027,0.027,0.028,0.050,0.081,,
251160,0.028,0.028,0.029,0.053,0.085,,
251220,0.026,0.026,0.027,0.051,0.081,,
251280,0.026,0.026,0.027,0.050,0.073,,
251340,0.025,0.025,0.026,0.049,0.068,,
251400,0.024,0.024,0.026,0.042,0.059,,
251460,0.022,0.022,0.023,0.041,0.053,,
251520,0.024,0.024,0.025,0.042,0.062,,
251580,0.024,0.024,0.025,0.042,0.056,,
251640,0.022,0.022,0.023,0.040,0.051,,
251700,0.022,0.022,0.023,0.041,0.057,,
251760,0.022,0.022,0.023,0.039,0.053,,
251820,0.023,0.023,0.024,0.042,0.059,,
251880,0.026,0.026,0.027,0.052,0.078,,
251940,0.026,0.026,0.028,0.054,0.080,,
252000,0.025,0.025,0.027,0.050,0.075,,
252060,0.024,0.024,0.025,0.049,0.067,,
252120,0.026,0.026,0.027,0.050,0.073,,
252180,0.027,0.027,0.028,0.054,0.081,,
252240,0.028,0.028,0.029,0.055,0.078,,
252300,0.026,0.026,0.028,0.053,0.076,,
252360,0.024,0.024,0.025,0.046,0.064,,
252420,0.025,0.025,0.026,0.049,0.075,,
252480,0.029,0.029,0.030,0.052,0.082,,
252540,0.028,0.028,0.030,0.056,0.084,,
252600,0.027,0.027,0.028,0.052,0.074,,
252660,0.024,0.024,0.026,0.047,0.065,,
252720,0.025,0.025,0.026,0.048,0.073,,
252780,0.024,0.024,0.025,0.046,0.068,,
252840,0.024,0.024,0.026,0.049,0.069,,
252900,0.026,0.026,0.028,0.052,0.079,,
252960,0.024,0.024,0.025,0.047,0.070,,
253020,0.026,0.026,0.027,0.051,0.077,,
253080,0.025,0.025,0.027,0.049,0.076,,
253140,0.028,0.028,0.029,0.056,0.086,,
253200,0.030,0.030,0.031,0.056,0.095,,
253260,0.027,0.027,0.029,0.055,0.087,,
253320,0.030,0.030,0.032,0.061,0.102,,
253380,0.030,0.030,0.031,0.062,0.101,,
253440,0.030,0.030,0.032,0.062,0.104,,
253500,0.030,0.030,0.032,0.066,0.111,,
253560,0.030,0.030,0.032,0.063,0.093,,
253620,0.029,0.029,0.031,0.061,0.091,,
253680,0.033,0.033,0.035,0.072,0.116,,
253740,0.033,0.033,0.035,0.067,0.116,,
253800,0.033,0.033,0.035,0.073,0.122,,
253860,0.034,0.034,0.037,0.080,0.126,,
253920,0.040,0.040,0.043,0.087,0.138,,
253980,0.033,0.033,0.035,0.075,0.116,,
254040,0.035,0.035,0.037,0.075,0.126,,
254100,0.032,0.032,0.034,0.071,0.114,,
254160,0.035,0.035,0.037,0.078,0.124,,
254220,0.029,0.029,0.031,0.066,0.101,,
254280,0.030,0.030,0.032,0.067,0.105,,
254340,0.029,0.029,0.031,0.061,0.097,,
254400,0.030,0.030,0.032,0.066,0.102,,
254460,0.031,0.031,0.033,0.067,0.104,,
254520,0.027,0.027,0.029,0.058,0.082,,
254580,0.030,0.030,0.032,0.063,0.096,,
254640,0.029,0.029,0.031,0.058,0.095,,
254700,0.030,0.030,0.032,0.065,0.098,,
254760,0.028,0.028,0.030,0.059,0.087,,
254820,0.027,0.027,0.029,0.060,0.089,,
254880,0.028,0.028,0.030,0.058,0.089,,
254940,0.028,0.028,0.030,0.060,0.094,,
255000,0.027,0.027,0.029,0.059,0.084,,
255060,0.027,0.027,0.029,0.053,0.074,,
255120,0.025,0.025,0.027,0.049,0.072,,
255180,0.025,0.025,0.026,0.049,0.073,,
255240,0.023,0.023,0.025,0.048,0.064,,
255300,0.024,0.024,0.026,0.050,0.070,,
255360,0.022,0.022,0.024,0.046,0.063,,
255420,0.028,0.028,0.029,0.054,0.086,,
255480,0.023,0.023,0.025,0.048,0.067,,
255540,0.023,0.023,0.025,0.045,0.066,,
255600,0.025,0.025,0.026,0.047,0.067,,
255660,0.024,0.024,0.026,0.045,0.063,,
255720,0.024,0.024,0.025,0.044,0.066,,
255780,0.025,0.025,0.027,0.049,0.086,,
255840,0.024,0.024,0.026,0.048,0.076,,
255900,0.025,0.025,0.026,0.048,0.079,,
255960,0.026,0.026,0.027,0.050,0.078,,
256020,0.024,0.024,0.026,0.046,0.072,,
256080,0.024,0.024,0.026,0.045,0.069,,
256140,0.025,0.025,0.027,0.049,0.076,,
256200,0.026,0.026,0.028,0.051,0.086,,
256260,0.026,0.026,0.028,0.053,0.082,,
256320,0.025,0.025,0.027,0.051,0.073,,
256380,0.027,0.027,0.028,0.052,0.081,,
256440,0.026,0.026,0.028,0.053,0.084,,
256500,0.026,0.026,0.028,0.051,0.088,,
256560,0.026,0.026,0.028,0.055,0.097,,
256620,0.028,0.028,0.029,0.058,0.096,,
256680,0.031,0.031,0.032,0.062,0.099,,
256740,0.032,0.032,0.035,0.067,0.106,,
256800,0.036,0.036,0.039,0.079,0.129,,
256860,0.032,0.032,0.035,0.075,0.120,,
256920,0.036,0.036,0.038,0.082,0.143,,
256980,0.039,0.039,0.042,0.097,0.166,,
257040,0.042,0.042,0.045,0.099,0.176,,
257100,0.042,0.042,0.045,0.104,0.171,,
257160,0.041,0.041,0.045,0.104,0.181,,
257220,0.044,0.044,0.047,0.105,0.182,,
257280,0.038,0.038,0.042,0.100,0.164,,
257340,0.045,0.045,0.049,0.111,0.182,,
257400,0.047,0.047,0.051,0.126,0.209,,
257460,0.061,0.061,0.065,0.143,0.240,,
257520,0.051,0.051,0.056,0.139,0.224,,
257580,0.049,0.049,0.054,0.134,0.217,,
257640,0.049,0.049,0.054,0.140,0.221,,
257700,0.050,0.050,0.054,0.142,0.221,,
257760,0.051,0.051,0.056,0.138,0.220,,
257820,0.049,0.049,0.054,0.141,0.213,,
257880,0.049,0.049,0.055,0.139,0.214,,
257940,0.044,0.044,0.049,0.127,0.188,,
258000,0.052,0.052,0.057,0.137,0.218,,
258060,0.046,0.046,0.051,0.131,0.194,,
258120,0.056,0.056,0.061,0.152,0.231,,
258180,0.051,0.051,0.056,0.138,0.213,,
258240,0.045,0.045,0.050,0.125,0.197,,
258300,0.056,0.056,0.061,0.140,0.216,,
258360,0.051,0.051,0.056,0.136,0.209,,
258420,0.040,0.040,0.045,0.116,0.169,,
258480,0.058,0.058,0.062,0.137,0.221,,
258540,0.050,0.050,0.054,0.131,0.197,,
258600,0.048,0.048,0.053,0.129,0.199,,
258660,0.048,0.048,0.053,0.127,0.209,,
258720,0.050,0.050,0.055,0.132,0.204,,
258780,0.046,0.046,0.051,0.129,0.198,,
258840,0.048,0.048,0.053,0.128,0.205,,
258900,0.046,0.046,0.052,0.128,0.184,,
258960,0.047,0.047,0.053,0.134,0.206,,
259020,0.049,0.049,0.054,0.141,0.191,,
