Instrument Name,DustTrak DRX
Model Number,8533
Serial Number,8533150914
Firmware Version,3.10
Calibration Date,22/03/2024
Test Name,ESJB_2024_001
Test Start Time,17:18:07
Test Start Date,28/10/2024
Test Length [D:H:M],2:23:41
Test Interval [M:S],1:0
PM1 Average [mg/m3],0.016
PM1 Minimum [mg/m3],0.006
PM1 Maximum [mg/m3],0.091
PM1 TWA [mg/m3],0.016
PM2.5 Average [mg/m3],0.017
PM2.5 Minimum [mg/m3],0.006
PM2.5 Maximum [mg/m3],0.093
PM2.5 TWA [mg/m3],0.016
PM4 Average [mg/m3],0.018
PM4 Minimum [mg/m3],0.006
PM4 Maximum [mg/m3],0.097
PM4 TWA [mg/m3],0.017
PM10 Average [mg/m3],0.022
PM10 Minimum [mg/m3],0.006
PM10 Maximum [mg/m3],0.125
PM10 TWA [mg/m3],0.018
TOTAL Average [mg/m3],0.028
TOTAL Minimum [mg/m3],0.006
TOTAL Maximum [mg/m3],0.217
TOTAL TWA [mg/m3],0.019
Photometric User Cal,1.00
Size Correction User Cal,1.00
Flow User Cal,0.00
Errors,
Number of Samples,4301

Elapsed Time [s],PM1 [mg/m3],PM2.5 [mg/m3],PM4 [mg/m3],PM10 [mg/m3],TOTAL [mg/m3],Alarms,Errors
60,0.019,0.020,0.021,0.025,0.027,,
120,0.020,0.020,0.021,0.026,0.031,,
180,0.019,0.020,0.021,0.026,0.032,,
240,0.020,0.021,0.022,0.026,0.029,,
300,0.020,0.020,0.021,0.025,0.030,,
360,0.019,0.020,0.021,0.025,0.028,,
420,0.019,0.020,0.021,0.026,0.029,,
480,0.026,0.027,0.028,0.033,0.036,,
540,0.018,0.018,0.019,0.023,0.026,,
600,0.017,0.018,0.019,0.023,0.024,,
660,0.019,0.020,0.021,0.026,0.030,,
720,0.022,0.022,0.024,0.028,0.036,,
780,0.022,0.023,0.024,0.028,0.033,,
840,0.022,0.023,0.024,0.028,0.033,,
900,0.021,0.022,0.023,0.027,0.033,,
960,0.018,0.019,0.020,0.023,0.028,,
1020,0.019,0.020,0.021,0.024,0.031,,
1080,0.021,0.022,0.023,0.027,0.030,,
1140,0.019,0.020,0.021,0.026,0.030,,
1200,0.019,0.019,0.020,0.024,0.027,,
1260,0.019,0.020,0.021,0.025,0.028,,
1320,0.017,0.017,0.018,0.023,0.024,,
1380,0.019,0.019,0.020,0.024,0.027,,
1440,0.020,0.020,0.022,0.026,0.029,,
1500,0.019,0.020,0.021,0.024,0.027,,
1560,0.019,0.019,0.021,0.024,0.028,,
1620,0.018,0.019,0.020,0.025,0.029,,
1680,0.018,0.018,0.019,0.023,0.027,,
1740,0.018,0.019,0.020,0.024,0.026,,
1800,0.017,0.017,0.018,0.022,0.024,,
1860,0.019,0.019,0.020,0.024,0.028,,
1920,0.019,0.019,0.020,0.025,0.029,,
1980,0.017,0.018,0.019,0.022,0.024,,
2040,0.016,0.017,0.018,0.021,0.022,,
2100,0.017,0.018,0.019,0.022,0.023,,
2160,0.016,0.017,0.018,0.021,0.023,,
2220,0.017,0.018,0.019,0.023,0.024,,
2280,0.016,0.017,0.018,0.021,0.022,,
2340,0.019,0.020,0.021,0.024,0.028,,
2400,0.018,0.018,0.019,0.023,0.024,,
2460,0.017,0.018,0.019,0.022,0.025,,
2520,0.019,0.019,0.021,0.025,0.028,,
2580,0.018,0.019,0.020,0.023,0.026,,
2640,0.020,0.021,0.021,0.025,0.029,,
2700,0.017,0.017,0.018,0.022,0.025,,
2760,0.020,0.020,0.021,0.024,0.028,,
2820,0.018,0.019,0.020,0.023,0.026,,
2880,0.018,0.018,0.019,0.024,0.027,,
2940,0.017,0.018,0.019,0.022,0.024,,
3000,0.016,0.017,0.018,0.022,0.023,,
3060,0.017,0.018,0.018,0.021,0.026,,
3120,0.016,0.016,0.017,0.021,0.023,,
3180,0.017,0.017,0.018,0.022,0.025,,
3240,0.017,0.018,0.019,0.022,0.027,,
3300,0.016,0.017,0.017,0.020,0.022,,
3360,0.017,0.017,0.018,0.021,0.025,,
3420,0.017,0.018,0.018,0.023,0.026,,
3480,0.018,0.019,0.019,0.024,0.026,,
3540,0.016,0.017,0.018,0.022,0.024,,
3600,0.016,0.016,0.017,0.021,0.022,,
3660,0.016,0.017,0.018,0.021,0.023,,
3720,0.016,0.017,0.017,0.020,0.023,,
3780,0.015,0.015,0.016,0.019,0.020,,
3840,0.016,0.017,0.018,0.020,0.023,,
3900,0.016,0.016,0.017,0.022,0.025,,
3960,0.015,0.016,0.017,0.019,0.022,,
4020,0.016,0.016,0.017,0.020,0.022,,
4080,0.015,0.016,0.017,0.020,0.022,,
4140,0.017,0.018,0.019,0.022,0.025,,
4200,0.016,0.016,0.017,0.021,0.021,,
4260,0.015,0.016,0.017,0.019,0.022,,
4320,0.017,0.018,0.019,0.022,0.024,,
4380,0.015,0.016,0.017,0.020,0.021,,
4440,0.016,0.016,0.017,0.021,0.023,,
4500,0.016,0.016,0.017,0.020,0.021,,
4560,0.016,0.016,0.017,0.020,0.022,,
4620,0.016,0.016,0.017,0.020,0.023,,
4680,0.019,0.019,0.020,0.023,0.024,,
4740,0.016,0.017,0.018,0.023,0.025,,
4800,0.018,0.019,0.020,0.022,0.023,,
4860,0.014,0.015,0.016,0.018,0.019,,
4920,0.015,0.016,0.016,0.019,0.021,,
4980,0.015,0.015,0.016,0.019,0.021,,
5040,0.015,0.016,0.017,0.021,0.022,,
5100,0.014,0.014,0.015,0.018,0.019,,
5160,0.017,0.018,0.019,0.021,0.024,,
5220,0.016,0.017,0.017,0.020,0.023,,
5280,0.015,0.015,0.016,0.019,0.021,,
5340,0.015,0.016,0.016,0.019,0.021,,
5400,0.014,0.015,0.016,0.019,0.021,,
5460,0.015,0.015,0.016,0.018,0.020,,
5520,0.015,0.016,0.017,0.020,0.021,,
5580,0.015,0.016,0.017,0.020,0.022,,
5640,0.015,0.015,0.016,0.019,0.021,,
5700,0.015,0.016,0.016,0.019,0.021,,
5760,0.014,0.015,0.015,0.017,0.020,,
5820,0.014,0.015,0.016,0.018,0.020,,
5880,0.014,0.015,0.016,0.019,0.020,,
5940,0.014,0.014,0.015,0.017,0.019,,
6000,0.014,0.015,0.016,0.018,0.019,,
6060,0.014,0.014,0.015,0.017,0.018,,
6120,0.015,0.015,0.016,0.019,0.019,,
6180,0.013,0.013,0.014,0.016,0.017,,
6240,0.014,0.014,0.015,0.018,0.020,,
6300,0.014,0.015,0.016,0.019,0.020,,
6360,0.014,0.015,0.015,0.018,0.020,,
6420,0.014,0.014,0.015,0.017,0.017,,
6480,0.014,0.014,0.015,0.017,0.017,,
6540,0.014,0.014,0.015,0.018,0.018,,
6600,0.013,0.014,0.015,0.017,0.018,,
6660,0.014,0.015,0.016,0.018,0.020,,
6720,0.014,0.014,0.015,0.017,0.018,,
6780,0.013,0.014,0.014,0.016,0.016,,
6840,0.014,0.014,0.015,0.017,0.017,,
6900,0.014,0.014,0.015,0.017,0.018,,
6960,0.014,0.015,0.016,0.017,0.018,,
7020,0.014,0.014,0.015,0.017,0.017,,
7080,0.014,0.014,0.015,0.018,0.018,,
7140,0.014,0.014,0.015,0.017,0.018,,
7200,0.013,0.014,0.014,0.017,0.018,,
7260,0.013,0.014,0.014,0.016,0.016,,
7320,0.013,0.014,0.014,0.016,0.017,,
7380,0.014,0.014,0.015,0.017,0.018,,
7440,0.013,0.013,0.014,0.015,0.015,,
7500,0.014,0.014,0.015,0.018,0.018,,
7560,0.013,0.014,0.014,0.017,0.017,,
7620,0.013,0.014,0.014,0.017,0.017,,
7680,0.014,0.014,0.015,0.017,0.018,,
7740,0.013,0.014,0.014,0.016,0.017,,
7800,0.013,0.014,0.015,0.016,0.017,,
7860,0.013,0.013,0.014,0.016,0.016,,
7920,0.013,0.014,0.014,0.016,0.017,,
7980,0.013,0.014,0.014,0.016,0.017,,
8040,0.013,0.013,0.014,0.016,0.016,,
8100,0.013,0.014,0.014,0.016,0.017,,
8160,0.014,0.014,0.015,0.016,0.018,,
8220,0.013,0.014,0.014,0.016,0.016,,
8280,0.013,0.013,0.014,0.015,0.016,,
8340,0.013,0.014,0.015,0.016,0.016,,
8400,0.012,0.013,0.013,0.014,0.014,,
8460,0.013,0.014,0.014,0.016,0.017,,
8520,0.013,0.013,0.014,0.015,0.016,,
8580,0.013,0.014,0.014,0.017,0.017,,
8640,0.013,0.013,0.014,0.015,0.016,,
8700,0.014,0.014,0.015,0.017,0.018,,
8760,0.013,0.014,0.014,0.016,0.017,,
8820,0.013,0.014,0.015,0.016,0.017,,
8880,0.014,0.015,0.015,0.018,0.019,,
8940,0.014,0.015,0.015,0.017,0.017,,
9000,0.013,0.014,0.014,0.016,0.016,,
9060,0.013,0.014,0.014,0.016,0.016,,
9120,0.012,0.013,0.013,0.015,0.015,,
9180,0.013,0.014,0.014,0.016,0.016,,
9240,0.013,0.013,0.014,0.015,0.016,,
9300,0.013,0.013,0.014,0.016,0.016,,
9360,0.013,0.013,0.014,0.015,0.015,,
9420,0.013,0.014,0.014,0.016,0.017,,
9480,0.013,0.013,0.014,0.016,0.016,,
9540,0.013,0.013,0.014,0.016,0.016,,
9600,0.013,0.013,0.014,0.015,0.016,,
9660,0.013,0.013,0.014,0.015,0.015,,
9720,0.013,0.013,0.014,0.015,0.015,,
9780,0.014,0.014,0.015,0.016,0.017,,
9840,0.012,0.013,0.013,0.014,0.015,,
9900,0.013,0.014,0.014,0.016,0.016,,
9960,0.013,0.014,0.014,0.016,0.016,,
10020,0.013,0.013,0.014,0.014,0.015,,
10080,0.013,0.013,0.014,0.015,0.015,,
10140,0.013,0.013,0.014,0.015,0.015,,
10200,0.013,0.014,0.014,0.016,0.016,,
10260,0.013,0.013,0.014,0.015,0.015,,
10320,0.012,0.013,0.013,0.014,0.014,,
10380,0.013,0.013,0.014,0.015,0.015,,
10440,0.013,0.013,0.014,0.015,0.015,,
10500,0.013,0.013,0.014,0.015,0.015,,
10560,0.013,0.013,0.013,0.014,0.015,,
10620,0.013,0.013,0.014,0.015,0.015,,
10680,0.013,0.013,0.014,0.015,0.015,,
10740,0.013,0.013,0.014,0.015,0.015,,
10800,0.012,0.013,0.013,0.014,0.014,,
10860,0.013,0.013,0.013,0.014,0.014,,
10920,0.013,0.014,0.014,0.016,0.016,,
10980,0.013,0.013,0.014,0.015,0.015,,
11040,0.012,0.013,0.013,0.014,0.014,,
11100,0.013,0.013,0.014,0.014,0.015,,
11160,0.013,0.013,0.014,0.015,0.015,,
11220,0.013,0.014,0.014,0.016,0.016,,
11280,0.013,0.013,0.014,0.015,0.016,,
11340,0.013,0.013,0.013,0.015,0.015,,
11400,0.013,0.013,0.014,0.015,0.015,,
11460,0.012,0.013,0.013,0.014,0.014,,
11520,0.013,0.013,0.014,0.015,0.016,,
11580,0.012,0.013,0.013,0.014,0.014,,
11640,0.014,0.014,0.015,0.016,0.016,,
11700,0.013,0.013,0.013,0.014,0.014,,
11760,0.013,0.013,0.014,0.015,0.016,,
11820,0.012,0.013,0.013,0.014,0.014,,
11880,0.013,0.013,0.013,0.014,0.014,,
11940,0.012,0.013,0.013,0.014,0.014,,
12000,0.013,0.013,0.013,0.014,0.015,,
12060,0.013,0.013,0.014,0.015,0.015,,
12120,0.013,0.014,0.014,0.015,0.015,,
12180,0.013,0.013,0.014,0.015,0.015,,
12240,0.013,0.013,0.014,0.015,0.015,,
12300,0.013,0.013,0.014,0.015,0.015,,
12360,0.013,0.013,0.014,0.014,0.015,,
12420,0.013,0.013,0.014,0.014,0.015,,
12480,0.013,0.013,0.014,0.015,0.015,,
12540,0.012,0.013,0.013,0.014,0.014,,
12600,0.013,0.013,0.014,0.015,0.015,,
12660,0.013,0.013,0.013,0.014,0.014,,
12720,0.013,0.014,0.014,0.015,0.015,,
12780,0.012,0.013,0.013,0.014,0.014,,
12840,0.013,0.013,0.013,0.014,0.014,,
12900,0.012,0.013,0.013,0.014,0.014,,
12960,0.012,0.013,0.013,0.014,0.014,,
13020,0.013,0.013,0.013,0.014,0.014,,
13080,0.013,0.014,0.014,0.015,0.015,,
13140,0.012,0.013,0.013,0.013,0.013,,
13200,0.013,0.013,0.014,0.015,0.015,,
13260,0.012,0.013,0.013,0.014,0.014,,
13320,0.013,0.013,0.013,0.014,0.014,,
13380,0.013,0.013,0.013,0.014,0.014,,
13440,0.012,0.013,0.013,0.014,0.014,,
13500,0.013,0.014,0.014,0.015,0.015,,
13560,0.013,0.013,0.014,0.015,0.015,,
13620,0.013,0.013,0.013,0.014,0.014,,
13680,0.014,0.014,0.014,0.015,0.016,,
13740,0.013,0.013,0.014,0.015,0.015,,
13800,0.013,0.013,0.014,0.014,0.014,,
13860,0.014,0.014,0.015,0.016,0.016,,
13920,0.013,0.014,0.014,0.015,0.015,,
13980,0.013,0.014,0.014,0.015,0.015,,
14040,0.013,0.014,0.014,0.015,0.015,,
14100,0.013,0.013,0.014,0.014,0.015,,
14160,0.013,0.013,0.014,0.014,0.014,,
14220,0.013,0.013,0.014,0.015,0.015,,
14280,0.013,0.014,0.014,0.015,0.015,,
14340,0.013,0.013,0.014,0.014,0.014,,
14400,0.013,0.014,0.014,0.015,0.015,,
14460,0.013,0.013,0.014,0.015,0.015,,
14520,0.013,0.013,0.014,0.014,0.014,,
14580,0.013,0.013,0.014,0.014,0.015,,
14640,0.013,0.013,0.014,0.015,0.015,,
14700,0.013,0.013,0.014,0.015,0.015,,
14760,0.013,0.014,0.014,0.015,0.015,,
14820,0.013,0.013,0.013,0.014,0.014,,
14880,0.013,0.014,0.014,0.014,0.014,,
14940,0.013,0.013,0.014,0.014,0.014,,
15000,0.013,0.014,0.014,0.014,0.014,,
15060,0.013,0.013,0.014,0.014,0.014,,
15120,0.014,0.014,0.014,0.015,0.016,,
15180,0.013,0.013,0.014,0.015,0.015,,
15240,0.014,0.014,0.014,0.015,0.015,,
15300,0.013,0.014,0.014,0.015,0.015,,
15360,0.013,0.013,0.014,0.014,0.015,,
15420,0.013,0.013,0.014,0.014,0.014,,
15480,0.013,0.013,0.014,0.015,0.015,,
15540,0.013,0.013,0.014,0.014,0.014,,
15600,0.013,0.014,0.014,0.014,0.014,,
15660,0.013,0.014,0.014,0.014,0.014,,
15720,0.014,0.014,0.014,0.015,0.015,,
15780,0.013,0.014,0.014,0.015,0.015,,
15840,0.013,0.013,0.014,0.014,0.014,,
15900,0.013,0.013,0.013,0.014,0.014,,
15960,0.013,0.014,0.014,0.015,0.015,,
16020,0.014,0.014,0.014,0.015,0.015,,
16080,0.013,0.014,0.014,0.015,0.015,,
16140,0.013,0.013,0.014,0.014,0.015,,
16200,0.014,0.014,0.014,0.015,0.015,,
16260,0.013,0.013,0.014,0.014,0.014,,
16320,0.013,0.013,0.013,0.014,0.014,,
16380,0.013,0.013,0.014,0.014,0.014,,
16440,0.013,0.014,0.014,0.015,0.015,,
16500,0.013,0.014,0.014,0.014,0.015,,
16560,0.013,0.014,0.014,0.015,0.015,,
16620,0.013,0.013,0.014,0.014,0.014,,
16680,0.013,0.014,0.014,0.015,0.015,,
16740,0.014,0.014,0.014,0.015,0.015,,
16800,0.014,0.014,0.014,0.015,0.015,,
16860,0.013,0.013,0.014,0.014,0.014,,
16920,0.014,0.014,0.015,0.015,0.015,,
16980,0.013,0.013,0.013,0.014,0.014,,
17040,0.013,0.014,0.014,0.015,0.015,,
17100,0.014,0.014,0.014,0.015,0.015,,
17160,0.013,0.013,0.014,0.014,0.014,,
17220,0.013,0.014,0.014,0.014,0.014,,
17280,0.013,0.014,0.014,0.014,0.014,,
17340,0.013,0.014,0.014,0.014,0.014,,
17400,0.013,0.013,0.014,0.014,0.014,,
17460,0.013,0.013,0.014,0.014,0.014,,
17520,0.013,0.014,0.014,0.014,0.015,,
17580,0.014,0.014,0.014,0.015,0.015,,
17640,0.014,0.014,0.014,0.015,0.015,,
17700,0.014,0.014,0.014,0.015,0.015,,
17760,0.014,0.014,0.015,0.015,0.015,,
17820,0.013,0.014,0.014,0.014,0.014,,
17880,0.013,0.014,0.014,0.014,0.015,,
17940,0.014,0.014,0.014,0.015,0.015,,
18000,0.014,0.014,0.014,0.015,0.015,,
18060,0.014,0.014,0.014,0.014,0.014,,
18120,0.013,0.013,0.014,0.014,0.014,,
18180,0.013,0.014,0.014,0.014,0.014,,
18240,0.014,0.014,0.014,0.015,0.015,,
18300,0.013,0.014,0.014,0.014,0.015,,
18360,0.014,0.014,0.014,0.015,0.015,,
18420,0.013,0.014,0.014,0.014,0.014,,
18480,0.013,0.013,0.014,0.014,0.014,,
18540,0.013,0.014,0.014,0.014,0.014,,
18600,0.014,0.014,0.014,0.015,0.015,,
18660,0.014,0.014,0.015,0.015,0.016,,
18720,0.014,0.014,0.015,0.015,0.015,,
18780,0.014,0.014,0.015,0.015,0.015,,
18840,0.014,0.014,0.014,0.015,0.015,,
18900,0.014,0.015,0.015,0.016,0.016,,
18960,0.014,0.014,0.014,0.015,0.015,,
19020,0.014,0.014,0.015,0.015,0.015,,
19080,0.014,0.015,0.015,0.016,0.016,,
19140,0.014,0.014,0.014,0.015,0.015,,
19200,0.014,0.014,0.015,0.015,0.015,,
19260,0.014,0.014,0.014,0.015,0.015,,
19320,0.015,0.015,0.015,0.016,0.016,,
19380,0.014,0.015,0.015,0.015,0.015,,
19440,0.014,0.015,0.015,0.016,0.016,,
19500,0.015,0.015,0.015,0.016,0.016,,
19560,0.014,0.014,0.015,0.015,0.015,,
19620,0.015,0.015,0.015,0.016,0.016,,
19680,0.014,0.015,0.015,0.015,0.016,,
19740,0.014,0.014,0.015,0.015,0.015,,
19800,0.014,0.014,0.015,0.015,0.015,,
19860,0.014,0.015,0.015,0.016,0.016,,
19920,0.015,0.015,0.015,0.016,0.016,,
19980,0.015,0.015,0.015,0.016,0.016,,
20040,0.015,0.015,0.015,0.016,0.016,,
20100,0.015,0.015,0.016,0.016,0.017,,
20160,0.015,0.016,0.016,0.016,0.016,,
20220,0.017,0.017,0.017,0.018,0.019,,
20280,0.016,0.016,0.017,0.017,0.017,,
20340,0.017,0.017,0.017,0.018,0.018,,
20400,0.016,0.016,0.016,0.016,0.016,,
20460,0.016,0.017,0.017,0.018,0.018,,
20520,0.017,0.017,0.017,0.018,0.018,,
20580,0.017,0.017,0.017,0.018,0.018,,
20640,0.016,0.017,0.017,0.017,0.017,,
20700,0.017,0.017,0.017,0.019,0.019,,
20760,0.016,0.017,0.017,0.018,0.018,,
20820,0.017,0.017,0.018,0.018,0.018,,
20880,0.017,0.018,0.018,0.019,0.019,,
20940,0.018,0.018,0.018,0.019,0.019,,
21000,0.017,0.017,0.018,0.018,0.018,,
21060,0.017,0.017,0.017,0.018,0.018,,
21120,0.017,0.017,0.017,0.018,0.018,,
21180,0.017,0.017,0.018,0.018,0.018,,
21240,0.017,0.017,0.018,0.018,0.018,,
21300,0.017,0.017,0.017,0.018,0.018,,
21360,0.017,0.017,0.017,0.018,0.018,,
21420,0.017,0.018,0.018,0.018,0.019,,
21480,0.017,0.018,0.018,0.019,0.019,,
21540,0.018,0.018,0.018,0.019,0.019,,
21600,0.018,0.018,0.019,0.019,0.019,,
21660,0.017,0.017,0.018,0.018,0.018,,
21720,0.017,0.017,0.018,0.018,0.018,,
21780,0.018,0.018,0.018,0.019,0.019,,
21840,0.017,0.018,0.018,0.019,0.019,,
21900,0.018,0.018,0.018,0.019,0.019,,
21960,0.018,0.018,0.018,0.018,0.019,,
22020,0.018,0.018,0.018,0.019,0.019,,
22080,0.018,0.018,0.019,0.019,0.019,,
22140,0.018,0.019,0.019,0.020,0.020,,
22200,0.018,0.019,0.019,0.019,0.019,,
22260,0.017,0.018,0.018,0.018,0.018,,
22320,0.018,0.018,0.018,0.019,0.019,,
22380,0.018,0.018,0.018,0.019,0.019,,
22440,0.018,0.018,0.019,0.019,0.019,,
22500,0.018,0.018,0.018,0.019,0.019,,
22560,0.018,0.019,0.019,0.019,0.019,,
22620,0.018,0.018,0.018,0.019,0.019,,
22680,0.018,0.019,0.019,0.020,0.020,,
22740,0.018,0.019,0.019,0.019,0.019,,
22800,0.018,0.018,0.019,0.019,0.020,,
22860,0.019,0.019,0.019,0.020,0.020,,
22920,0.018,0.019,0.019,0.019,0.019,,
22980,0.019,0.019,0.019,0.020,0.020,,
23040,0.019,0.019,0.019,0.020,0.020,,
23100,0.018,0.019,0.019,0.019,0.020,,
23160,0.019,0.019,0.019,0.020,0.020,,
23220,0.019,0.019,0.019,0.020,0.020,,
23280,0.019,0.019,0.019,0.020,0.020,,
23340,0.019,0.019,0.019,0.020,0.020,,
23400,0.018,0.018,0.019,0.019,0.019,,
23460,0.019,0.019,0.019,0.020,0.020,,
23520,0.019,0.019,0.019,0.020,0.020,,
23580,0.018,0.019,0.019,0.019,0.020,,
23640,0.019,0.019,0.019,0.020,0.020,,
23700,0.019,0.019,0.020,0.020,0.020,,
23760,0.019,0.019,0.019,0.020,0.020,,
23820,0.019,0.020,0.020,0.021,0.021,,
23880,0.019,0.019,0.019,0.020,0.021,,
23940,0.019,0.019,0.019,0.019,0.019,,
24000,0.019,0.020,0.020,0.020,0.020,,
24060,0.019,0.019,0.019,0.020,0.020,,
24120,0.019,0.019,0.019,0.020,0.020,,
24180,0.019,0.020,0.020,0.020,0.020,,
24240,0.019,0.019,0.020,0.020,0.020,,
24300,0.019,0.019,0.019,0.020,0.020,,
24360,0.019,0.019,0.020,0.020,0.020,,
24420,0.019,0.020,0.020,0.020,0.020,,
24480,0.018,0.019,0.019,0.019,0.019,,
24540,0.019,0.019,0.019,0.020,0.020,,
24600,0.019,0.019,0.020,0.020,0.021,,
24660,0.019,0.019,0.020,0.020,0.020,,
24720,0.019,0.020,0.020,0.021,0.021,,
24780,0.020,0.020,0.020,0.020,0.020,,
24840,0.019,0.020,0.020,0.020,0.021,,
24900,0.020,0.020,0.020,0.021,0.021,,
24960,0.020,0.020,0.020,0.020,0.020,,
25020,0.019,0.020,0.020,0.020,0.020,,
25080,0.020,0.020,0.021,0.021,0.021,,
25140,0.020,0.020,0.020,0.021,0.021,,
25200,0.020,0.021,0.021,0.021,0.022,,
25260,0.020,0.020,0.020,0.021,0.021,,
25320,0.020,0.021,0.021,0.022,0.022,,
25380,0.020,0.020,0.021,0.021,0.021,,
25440,0.020,0.020,0.021,0.021,0.021,,
25500,0.020,0.021,0.021,0.021,0.021,,
25560,0.021,0.021,0.022,0.022,0.022,,
25620,0.021,0.021,0.022,0.022,0.022,,
25680,0.021,0.021,0.021,0.021,0.021,,
25740,0.021,0.021,0.022,0.022,0.022,,
25800,0.021,0.022,0.022,0.023,0.023,,
25860,0.021,0.021,0.021,0.022,0.022,,
25920,0.021,0.021,0.021,0.022,0.022,,
25980,0.020,0.021,0.021,0.021,0.021,,
26040,0.021,0.021,0.021,0.022,0.022,,
26100,0.020,0.021,0.021,0.021,0.021,,
26160,0.020,0.021,0.021,0.021,0.021,,
26220,0.020,0.021,0.021,0.021,0.021,,
26280,0.021,0.021,0.022,0.022,0.023,,
26340,0.021,0.021,0.021,0.022,0.022,,
26400,0.021,0.021,0.021,0.022,0.022,,
26460,0.020,0.021,0.021,0.021,0.021,,
26520,0.021,0.021,0.022,0.022,0.022,,
26580,0.021,0.021,0.021,0.021,0.021,,
26640,0.021,0.021,0.022,0.022,0.022,,
26700,0.021,0.021,0.021,0.022,0.022,,
26760,0.021,0.021,0.022,0.022,0.022,,
26820,0.021,0.021,0.021,0.022,0.022,,
26880,0.021,0.022,0.022,0.023,0.023,,
26940,0.022,0.022,0.022,0.023,0.023,,
27000,0.021,0.021,0.022,0.022,0.022,,
27060,0.021,0.021,0.022,0.022,0.022,,
27120,0.021,0.022,0.022,0.022,0.022,,
27180,0.021,0.021,0.022,0.022,0.022,,
27240,0.021,0.022,0.022,0.022,0.022,,
27300,0.021,0.022,0.022,0.022,0.022,,
27360,0.021,0.021,0.021,0.022,0.022,,
27420,0.022,0.022,0.022,0.023,0.023,,
27480,0.021,0.021,0.022,0.022,0.022,,
27540,0.021,0.022,0.022,0.022,0.022,,
27600,0.022,0.022,0.022,0.023,0.023,,
27660,0.022,0.022,0.022,0.023,0.023,,
27720,0.021,0.022,0.022,0.022,0.022,,
27780,0.022,0.022,0.022,0.022,0.022,,
27840,0.021,0.021,0.022,0.022,0.022,,
27900,0.022,0.022,0.022,0.023,0.023,,
27960,0.021,0.022,0.022,0.022,0.022,,
28020,0.022,0.022,0.022,0.023,0.023,,
28080,0.021,0.022,0.022,0.022,0.022,,
28140,0.021,0.021,0.022,0.022,0.022,,
28200,0.021,0.022,0.022,0.022,0.022,,
28260,0.021,0.021,0.021,0.022,0.022,,
28320,0.021,0.021,0.021,0.022,0.022,,
28380,0.021,0.022,0.022,0.022,0.023,,
28440,0.021,0.021,0.022,0.022,0.022,,
28500,0.021,0.022,0.022,0.023,0.023,,
28560,0.022,0.022,0.022,0.023,0.023,,
28620,0.021,0.022,0.022,0.022,0.022,,
28680,0.021,0.021,0.021,0.022,0.022,,
28740,0.021,0.022,0.022,0.022,0.022,,
28800,0.022,0.022,0.022,0.023,0.023,,
28860,0.021,0.021,0.022,0.022,0.022,,
28920,0.021,0.021,0.022,0.022,0.022,,
28980,0.021,0.022,0.022,0.022,0.023,,
29040,0.022,0.022,0.022,0.023,0.023,,
29100,0.021,0.022,0.022,0.022,0.022,,
29160,0.022,0.022,0.022,0.023,0.023,,
29220,0.022,0.022,0.022,0.023,0.023,,
29280,0.022,0.022,0.022,0.023,0.023,,
29340,0.021,0.022,0.022,0.022,0.022,,
29400,0.022,0.022,0.022,0.023,0.023,,
29460,0.021,0.022,0.022,0.022,0.023,,
29520,0.022,0.022,0.022,0.023,0.023,,
29580,0.021,0.022,0.022,0.022,0.022,,
29640,0.022,0.022,0.022,0.022,0.022,,
29700,0.021,0.021,0.022,0.022,0.022,,
29760,0.021,0.021,0.022,0.022,0.022,,
29820,0.021,0.022,0.022,0.022,0.023,,
29880,0.021,0.022,0.022,0.022,0.022,,
29940,0.022,0.022,0.022,0.023,0.023,,
30000,0.021,0.022,0.022,0.022,0.022,,
30060,0.021,0.022,0.022,0.022,0.022,,
30120,0.021,0.022,0.022,0.022,0.022,,
30180,0.021,0.021,0.021,0.021,0.022,,
30240,0.021,0.021,0.021,0.021,0.021,,
30300,0.021,0.021,0.022,0.022,0.022,,
30360,0.021,0.022,0.022,0.022,0.022,,
30420,0.021,0.021,0.021,0.022,0.022,,
30480,0.021,0.022,0.022,0.022,0.022,,
30540,0.021,0.021,0.022,0.022,0.022,,
30600,0.021,0.021,0.022,0.022,0.022,,
30660,0.021,0.021,0.021,0.021,0.022,,
30720,0.021,0.021,0.021,0.021,0.022,,
30780,0.021,0.021,0.021,0.022,0.022,,
30840,0.022,0.022,0.022,0.022,0.022,,
30900,0.021,0.021,0.021,0.021,0.021,,
30960,0.020,0.021,0.021,0.021,0.022,,
31020,0.021,0.021,0.021,0.022,0.022,,
31080,0.021,0.021,0.021,0.022,0.022,,
31140,0.021,0.021,0.021,0.021,0.021,,
31200,0.021,0.021,0.021,0.022,0.022,,
31260,0.020,0.020,0.021,0.021,0.021,,
31320,0.021,0.021,0.021,0.022,0.022,,
31380,0.020,0.020,0.021,0.021,0.021,,
31440,0.020,0.020,0.020,0.021,0.021,,
31500,0.021,0.021,0.021,0.022,0.022,,
31560,0.020,0.020,0.021,0.021,0.021,,
31620,0.020,0.021,0.021,0.021,0.021,,
31680,0.020,0.020,0.020,0.021,0.021,,
31740,0.020,0.020,0.021,0.021,0.021,,
31800,0.020,0.020,0.020,0.020,0.020,,
31860,0.020,0.020,0.020,0.021,0.021,,
31920,0.020,0.020,0.020,0.020,0.020,,
31980,0.020,0.020,0.020,0.020,0.020,,
32040,0.019,0.020,0.020,0.020,0.020,,
32100,0.020,0.020,0.020,0.021,0.021,,
32160,0.020,0.020,0.020,0.020,0.020,,
32220,0.019,0.020,0.020,0.020,0.020,,
32280,0.020,0.020,0.020,0.021,0.021,,
32340,0.019,0.019,0.020,0.020,0.020,,
32400,0.020,0.020,0.020,0.021,0.021,,
32460,0.019,0.020,0.020,0.020,0.020,,
32520,0.019,0.020,0.020,0.020,0.020,,
32580,0.019,0.020,0.020,0.020,0.020,,
32640,0.019,0.019,0.019,0.020,0.020,,
32700,0.019,0.019,0.020,0.020,0.020,,
32760,0.020,0.020,0.020,0.020,0.020,,
32820,0.019,0.020,0.020,0.020,0.020,,
32880,0.020,0.020,0.020,0.020,0.020,,
32940,0.019,0.020,0.020,0.020,0.020,,
33000,0.019,0.020,0.020,0.020,0.020,,
33060,0.019,0.019,0.020,0.020,0.020,,
33120,0.019,0.020,0.020,0.020,0.020,,
33180,0.020,0.021,0.021,0.021,0.022,,
33240,0.019,0.020,0.020,0.020,0.020,,
33300,0.019,0.019,0.020,0.020,0.020,,
33360,0.020,0.020,0.020,0.020,0.020,,
33420,0.019,0.020,0.020,0.020,0.020,,
33480,0.019,0.020,0.020,0.020,0.020,,
33540,0.019,0.020,0.020,0.020,0.020,,
33600,0.019,0.019,0.019,0.019,0.019,,
33660,0.019,0.020,0.020,0.020,0.020,,
33720,0.019,0.019,0.020,0.020,0.020,,
33780,0.019,0.019,0.019,0.020,0.020,,
33840,0.019,0.020,0.020,0.020,0.020,,
33900,0.019,0.019,0.019,0.020,0.020,,
33960,0.019,0.019,0.019,0.020,0.020,,
34020,0.019,0.019,0.020,0.020,0.020,,
34080,0.019,0.019,0.020,0.020,0.020,,
34140,0.019,0.019,0.019,0.020,0.020,,
34200,0.019,0.019,0.020,0.020,0.020,,
34260,0.019,0.019,0.019,0.020,0.020,,
34320,0.019,0.019,0.019,0.019,0.019,,
34380,0.019,0.019,0.019,0.020,0.020,,
34440,0.019,0.019,0.019,0.019,0.019,,
34500,0.019,0.019,0.019,0.020,0.020,,
34560,0.019,0.019,0.019,0.019,0.019,,
34620,0.019,0.019,0.019,0.020,0.020,,
34680,0.019,0.019,0.019,0.020,0.020,,
34740,0.018,0.019,0.019,0.019,0.019,,
34800,0.019,0.019,0.019,0.020,0.020,,
34860,0.019,0.019,0.019,0.019,0.019,,
34920,0.019,0.019,0.019,0.019,0.019,,
34980,0.019,0.019,0.019,0.019,0.019,,
35040,0.019,0.020,0.020,0.020,0.020,,
35100,0.018,0.019,0.019,0.019,0.019,,
35160,0.018,0.019,0.019,0.019,0.019,,
35220,0.019,0.019,0.019,0.019,0.019,,
35280,0.019,0.019,0.019,0.019,0.019,,
35340,0.019,0.019,0.019,0.019,0.019,,
35400,0.018,0.018,0.019,0.019,0.019,,
35460,0.018,0.019,0.019,0.019,0.019,,
35520,0.018,0.019,0.019,0.019,0.019,,
35580,0.019,0.019,0.019,0.019,0.020,,
35640,0.019,0.019,0.019,0.019,0.019,,
35700,0.018,0.019,0.019,0.019,0.019,,
35760,0.019,0.019,0.019,0.019,0.019,,
35820,0.019,0.019,0.019,0.019,0.019,,
35880,0.018,0.018,0.019,0.019,0.019,,
35940,0.018,0.019,0.019,0.019,0.019,,
36000,0.019,0.019,0.019,0.019,0.019,,
36060,0.018,0.019,0.019,0.019,0.019,,
36120,0.018,0.018,0.019,0.019,0.019,,
36180,0.018,0.018,0.018,0.019,0.019,,
36240,0.018,0.018,0.018,0.018,0.018,,
36300,0.018,0.018,0.019,0.019,0.019,,
36360,0.018,0.019,0.019,0.019,0.019,,
36420,0.018,0.018,0.018,0.018,0.018,,
36480,0.018,0.019,0.019,0.019,0.019,,
36540,0.018,0.018,0.018,0.019,0.019,,
36600,0.018,0.018,0.019,0.019,0.019,,
36660,0.018,0.018,0.018,0.018,0.018,,
36720,0.018,0.018,0.019,0.019,0.019,,
36780,0.018,0.018,0.019,0.019,0.019,,
36840,0.018,0.018,0.018,0.019,0.019,,
36900,0.018,0.018,0.018,0.019,0.019,,
36960,0.018,0.018,0.018,0.019,0.019,,
37020,0.018,0.018,0.018,0.019,0.019,,
37080,0.018,0.018,0.018,0.018,0.018,,
37140,0.018,0.018,0.018,0.018,0.018,,
37200,0.018,0.018,0.018,0.018,0.018,,
37260,0.018,0.018,0.018,0.018,0.018,,
37320,0.018,0.019,0.019,0.019,0.019,,
37380,0.018,0.018,0.019,0.019,0.019,,
37440,0.018,0.018,0.018,0.018,0.018,,
37500,0.018,0.018,0.018,0.018,0.018,,
37560,0.018,0.018,0.018,0.018,0.018,,
37620,0.018,0.018,0.018,0.018,0.018,,
37680,0.017,0.018,0.018,0.018,0.018,,
37740,0.018,0.018,0.018,0.018,0.018,,
37800,0.018,0.018,0.018,0.018,0.018,,
37860,0.018,0.018,0.018,0.018,0.018,,
37920,0.018,0.018,0.018,0.018,0.018,,
37980,0.017,0.018,0.018,0.018,0.018,,
38040,0.017,0.018,0.018,0.018,0.018,,
38100,0.018,0.018,0.018,0.018,0.018,,
38160,0.017,0.017,0.017,0.018,0.018,,
38220,0.017,0.017,0.017,0.017,0.017,,
38280,0.017,0.017,0.018,0.018,0.018,,
38340,0.017,0.017,0.017,0.017,0.017,,
38400,0.017,0.017,0.017,0.018,0.018,,
38460,0.017,0.017,0.017,0.017,0.017,,
38520,0.017,0.017,0.017,0.018,0.018,,
38580,0.017,0.017,0.017,0.017,0.017,,
38640,0.017,0.017,0.017,0.017,0.017,,
38700,0.017,0.017,0.017,0.017,0.017,,
38760,0.017,0.017,0.017,0.018,0.018,,
38820,0.017,0.017,0.017,0.017,0.017,,
38880,0.017,0.017,0.017,0.017,0.017,,
38940,0.017,0.017,0.017,0.017,0.017,,
39000,0.017,0.017,0.017,0.018,0.018,,
39060,0.016,0.017,0.017,0.017,0.017,,
39120,0.017,0.017,0.017,0.017,0.017,,
39180,0.016,0.017,0.017,0.017,0.017,,
39240,0.017,0.017,0.017,0.018,0.018,,
39300,0.017,0.017,0.017,0.017,0.018,,
39360,0.017,0.017,0.017,0.017,0.017,,
39420,0.016,0.016,0.017,0.017,0.017,,
39480,0.016,0.016,0.017,0.017,0.017,,
39540,0.016,0.017,0.017,0.017,0.017,,
39600,0.016,0.016,0.016,0.017,0.017,,
39660,0.016,0.016,0.016,0.016,0.016,,
39720,0.016,0.016,0.016,0.016,0.016,,
39780,0.017,0.017,0.017,0.018,0.018,,
39840,0.016,0.017,0.017,0.017,0.017,,
39900,0.016,0.016,0.016,0.016,0.016,,
39960,0.016,0.016,0.016,0.017,0.017,,
40020,0.016,0.016,0.016,0.016,0.016,,
40080,0.016,0.016,0.016,0.016,0.016,,
40140,0.016,0.016,0.016,0.016,0.016,,
40200,0.015,0.016,0.016,0.016,0.016,,
40260,0.016,0.016,0.016,0.016,0.016,,
40320,0.015,0.016,0.016,0.016,0.016,,
40380,0.016,0.016,0.016,0.016,0.016,,
40440,0.016,0.016,0.016,0.016,0.016,,
40500,0.015,0.016,0.016,0.016,0.016,,
40560,0.015,0.016,0.016,0.016,0.016,,
40620,0.015,0.016,0.016,0.016,0.016,,
40680,0.015,0.015,0.015,0.016,0.016,,
40740,0.015,0.015,0.016,0.016,0.016,,
40800,0.016,0.016,0.016,0.016,0.016,,
40860,0.015,0.016,0.016,0.016,0.016,,
40920,0.015,0.015,0.016,0.016,0.016,,
40980,0.015,0.015,0.016,0.016,0.016,,
41040,0.015,0.015,0.015,0.015,0.015,,
41100,0.015,0.015,0.015,0.015,0.015,,
41160,0.015,0.015,0.015,0.016,0.016,,
41220,0.015,0.015,0.015,0.015,0.015,,
41280,0.015,0.015,0.016,0.016,0.016,,
41340,0.015,0.015,0.015,0.016,0.016,,
41400,0.015,0.015,0.015,0.015,0.015,,
41460,0.015,0.015,0.015,0.015,0.015,,
41520,0.015,0.015,0.015,0.015,0.015,,
41580,0.015,0.015,0.015,0.015,0.015,,
41640,0.014,0.015,0.015,0.015,0.015,,
41700,0.014,0.014,0.015,0.015,0.015,,
41760,0.015,0.015,0.015,0.015,0.015,,
41820,0.014,0.015,0.015,0.015,0.015,,
41880,0.014,0.014,0.015,0.015,0.015,,
41940,0.014,0.014,0.015,0.015,0.015,,
42000,0.015,0.015,0.015,0.015,0.016,,
42060,0.014,0.014,0.014,0.014,0.014,,
42120,0.014,0.014,0.014,0.015,0.015,,
42180,0.014,0.014,0.014,0.015,0.015,,
42240,0.014,0.014,0.014,0.015,0.015,,
42300,0.014,0.014,0.014,0.015,0.015,,
42360,0.014,0.014,0.014,0.014,0.014,,
42420,0.014,0.014,0.014,0.014,0.014,,
42480,0.014,0.014,0.014,0.014,0.014,,
42540,0.014,0.015,0.015,0.015,0.015,,
42600,0.014,0.014,0.014,0.014,0.014,,
42660,0.014,0.014,0.014,0.014,0.014,,
42720,0.013,0.013,0.014,0.014,0.014,,
42780,0.014,0.014,0.014,0.014,0.014,,
42840,0.013,0.014,0.014,0.014,0.014,,
42900,0.013,0.014,0.014,0.014,0.014,,
42960,0.014,0.014,0.014,0.014,0.014,,
43020,0.013,0.013,0.013,0.014,0.014,,
43080,0.013,0.013,0.013,0.013,0.013,,
43140,0.013,0.013,0.013,0.014,0.014,,
43200,0.013,0.014,0.014,0.014,0.014,,
43260,0.013,0.013,0.013,0.014,0.014,,
43320,0.013,0.013,0.013,0.013,0.013,,
43380,0.013,0.013,0.013,0.013,0.013,,
43440,0.013,0.013,0.013,0.013,0.013,,
43500,0.013,0.013,0.013,0.013,0.013,,
43560,0.013,0.013,0.013,0.013,0.013,,
43620,0.013,0.013,0.013,0.013,0.013,,
43680,0.013,0.013,0.013,0.013,0.013,,
43740,0.013,0.013,0.013,0.013,0.013,,
43800,0.013,0.013,0.013,0.013,0.013,,
43860,0.013,0.013,0.013,0.013,0.013,,
43920,0.013,0.013,0.013,0.013,0.013,,
43980,0.012,0.013,0.013,0.013,0.013,,
44040,0.013,0.013,0.013,0.013,0.013,,
44100,0.013,0.013,0.013,0.013,0.013,,
44160,0.012,0.013,0.013,0.013,0.013,,
44220,0.012,0.012,0.013,0.013,0.013,,
44280,0.013,0.013,0.013,0.013,0.013,,
44340,0.012,0.013,0.013,0.013,0.013,,
44400,0.012,0.012,0.013,0.013,0.013,,
44460,0.012,0.012,0.012,0.013,0.013,,
44520,0.012,0.013,0.013,0.013,0.013,,
44580,0.012,0.012,0.013,0.013,0.013,,
44640,0.012,0.012,0.012,0.012,0.013,,
44700,0.012,0.012,0.012,0.012,0.012,,
44760,0.012,0.012,0.012,0.013,0.013,,
44820,0.012,0.012,0.012,0.012,0.012,,
44880,0.012,0.012,0.012,0.013,0.013,,
44940,0.012,0.012,0.012,0.012,0.012,,
45000,0.012,0.012,0.012,0.012,0.012,,
45060,0.012,0.012,0.012,0.012,0.012,,
45120,0.012,0.012,0.012,0.012,0.012,,
45180,0.012,0.012,0.012,0.012,0.012,,
45240,0.012,0.012,0.012,0.013,0.013,,
45300,0.012,0.012,0.012,0.012,0.012,,
45360,0.011,0.011,0.012,0.012,0.012,,
45420,0.012,0.012,0.012,0.012,0.012,,
45480,0.012,0.012,0.012,0.012,0.012,,
45540,0.012,0.012,0.012,0.012,0.012,,
45600,0.012,0.012,0.012,0.012,0.012,,
45660,0.012,0.012,0.012,0.012,0.012,,
45720,0.011,0.012,0.012,0.012,0.012,,
45780,0.011,0.012,0.012,0.012,0.012,,
45840,0.011,0.011,0.012,0.012,0.012,,
45900,0.011,0.011,0.011,0.011,0.011,,
45960,0.011,0.011,0.012,0.012,0.012,,
46020,0.011,0.011,0.012,0.012,0.012,,
46080,0.011,0.011,0.011,0.012,0.012,,
46140,0.011,0.011,0.012,0.012,0.012,,
46200,0.011,0.011,0.011,0.012,0.012,,
46260,0.011,0.011,0.011,0.012,0.012,,
46320,0.011,0.011,0.011,0.011,0.011,,
46380,0.011,0.011,0.011,0.011,0.011,,
46440,0.011,0.011,0.011,0.011,0.011,,
46500,0.011,0.011,0.011,0.011,0.011,,
46560,0.011,0.011,0.011,0.011,0.011,,
46620,0.011,0.011,0.011,0.011,0.011,,
46680,0.011,0.011,0.011,0.012,0.012,,
46740,0.011,0.011,0.011,0.011,0.011,,
46800,0.011,0.011,0.012,0.012,0.012,,
46860,0.011,0.011,0.011,0.011,0.011,,
46920,0.011,0.011,0.011,0.011,0.011,,
46980,0.011,0.011,0.011,0.011,0.011,,
47040,0.010,0.011,0.011,0.011,0.011,,
47100,0.011,0.011,0.011,0.011,0.011,,
47160,0.011,0.011,0.011,0.011,0.011,,
47220,0.011,0.011,0.011,0.011,0.012,,
47280,0.010,0.010,0.010,0.010,0.010,,
47340,0.010,0.011,0.011,0.011,0.011,,
47400,0.010,0.010,0.011,0.011,0.011,,
47460,0.010,0.010,0.011,0.011,0.011,,
47520,0.010,0.010,0.010,0.011,0.011,,
47580,0.010,0.010,0.010,0.010,0.010,,
47640,0.010,0.010,0.010,0.010,0.010,,
47700,0.010,0.010,0.010,0.010,0.010,,
47760,0.010,0.010,0.010,0.010,0.010,,
47820,0.010,0.010,0.010,0.010,0.010,,
47880,0.010,0.010,0.010,0.010,0.010,,
47940,0.010,0.010,0.011,0.011,0.011,,
48000,0.010,0.010,0.010,0.010,0.010,,
48060,0.010,0.010,0.010,0.010,0.010,,
48120,0.010,0.010,0.010,0.010,0.010,,
48180,0.010,0.010,0.010,0.010,0.010,,
48240,0.010,0.010,0.010,0.010,0.010,,
48300,0.009,0.010,0.010,0.010,0.010,,
48360,0.010,0.010,0.010,0.010,0.010,,
48420,0.010,0.010,0.010,0.010,0.010,,
48480,0.010,0.010,0.010,0.010,0.010,,
48540,0.009,0.010,0.010,0.010,0.010,,
48600,0.010,0.010,0.010,0.010,0.010,,
48660,0.009,0.009,0.010,0.010,0.010,,
48720,0.010,0.010,0.010,0.010,0.010,,
48780,0.009,0.009,0.010,0.010,0.010,,
48840,0.009,0.009,0.010,0.010,0.010,,
48900,0.009,0.009,0.010,0.010,0.010,,
48960,0.009,0.009,0.009,0.010,0.010,,
49020,0.009,0.009,0.010,0.010,0.010,,
49080,0.009,0.009,0.009,0.009,0.009,,
49140,0.009,0.009,0.009,0.009,0.010,,
49200,0.009,0.009,0.010,0.010,0.010,,
49260,0.009,0.009,0.009,0.010,0.010,,
49320,0.009,0.009,0.009,0.010,0.010,,
49380,0.009,0.009,0.009,0.009,0.009,,
49440,0.009,0.009,0.010,0.010,0.010,,
49500,0.009,0.009,0.009,0.009,0.009,,
49560,0.009,0.009,0.009,0.009,0.009,,
49620,0.009,0.009,0.009,0.009,0.009,,
49680,0.009,0.009,0.010,0.010,0.010,,
49740,0.009,0.009,0.009,0.009,0.009,,
49800,0.009,0.009,0.009,0.009,0.009,,
49860,0.009,0.009,0.009,0.009,0.009,,
49920,0.009,0.009,0.009,0.009,0.009,,
49980,0.009,0.009,0.009,0.009,0.009,,
50040,0.009,0.009,0.009,0.009,0.009,,
50100,0.009,0.009,0.009,0.009,0.009,,
50160,0.009,0.009,0.009,0.009,0.009,,
50220,0.009,0.009,0.009,0.009,0.009,,
50280,0.009,0.009,0.009,0.009,0.009,,
50340,0.009,0.009,0.009,0.009,0.009,,
50400,0.009,0.009,0.009,0.009,0.009,,
50460,0.009,0.009,0.009,0.009,0.010,,
50520,0.009,0.009,0.009,0.009,0.009,,
50580,0.009,0.009,0.009,0.009,0.009,,
50640,0.009,0.009,0.009,0.009,0.009,,
50700,0.009,0.009,0.009,0.009,0.009,,
50760,0.009,0.009,0.009,0.009,0.009,,
50820,0.008,0.008,0.009,0.009,0.009,,
50880,0.008,0.009,0.009,0.009,0.009,,
50940,0.009,0.009,0.009,0.009,0.009,,
51000,0.008,0.008,0.008,0.009,0.009,,
51060,0.008,0.008,0.009,0.009,0.009,,
51120,0.008,0.009,0.009,0.009,0.009,,
51180,0.008,0.008,0.008,0.008,0.008,,
51240,0.009,0.009,0.009,0.009,0.009,,
51300,0.008,0.008,0.009,0.009,0.009,,
51360,0.008,0.008,0.009,0.009,0.009,,
51420,0.008,0.009,0.009,0.009,0.009,,
51480,0.008,0.008,0.008,0.008,0.008,,
51540,0.008,0.008,0.008,0.009,0.009,,
51600,0.008,0.008,0.008,0.009,0.009,,
51660,0.008,0.008,0.008,0.008,0.008,,
51720,0.008,0.008,0.008,0.009,0.009,,
51780,0.008,0.008,0.008,0.008,0.008,,
51840,0.008,0.008,0.008,0.009,0.009,,
51900,0.008,0.008,0.008,0.009,0.009,,
51960,0.008,0.008,0.008,0.008,0.009,,
52020,0.008,0.008,0.008,0.008,0.008,,
52080,0.008,0.008,0.008,0.008,0.008,,
52140,0.008,0.008,0.008,0.008,0.008,,
52200,0.008,0.008,0.008,0.009,0.009,,
52260,0.008,0.008,0.008,0.008,0.008,,
52320,0.008,0.008,0.008,0.009,0.009,,
52380,0.008,0.008,0.008,0.008,0.008,,
52440,0.008,0.008,0.008,0.008,0.008,,
52500,0.008,0.008,0.008,0.008,0.008,,
52560,0.008,0.008,0.008,0.008,0.008,,
52620,0.008,0.008,0.008,0.008,0.008,,
52680,0.008,0.008,0.008,0.009,0.009,,
52740,0.008,0.008,0.008,0.008,0.008,,
52800,0.008,0.008,0.008,0.008,0.008,,
52860,0.008,0.008,0.008,0.008,0.008,,
52920,0.008,0.008,0.008,0.008,0.008,,
52980,0.008,0.008,0.008,0.008,0.008,,
53040,0.008,0.008,0.008,0.008,0.008,,
53100,0.008,0.008,0.008,0.008,0.008,,
53160,0.008,0.008,0.008,0.008,0.008,,
53220,0.008,0.008,0.008,0.008,0.008,,
53280,0.008,0.008,0.008,0.008,0.008,,
53340,0.008,0.008,0.008,0.008,0.008,,
53400,0.008,0.008,0.008,0.008,0.008,,
53460,0.008,0.008,0.008,0.008,0.008,,
53520,0.008,0.008,0.008,0.008,0.008,,
53580,0.008,0.008,0.008,0.008,0.008,,
53640,0.008,0.008,0.008,0.008,0.009,,
53700,0.008,0.008,0.008,0.008,0.008,,
53760,0.008,0.008,0.008,0.009,0.009,,
53820,0.008,0.008,0.008,0.008,0.008,,
53880,0.008,0.008,0.008,0.008,0.008,,
53940,0.009,0.009,0.009,0.010,0.013,,
54000,0.008,0.008,0.009,0.009,0.010,,
54060,0.008,0.008,0.008,0.008,0.009,,
54120,0.007,0.008,0.008,0.008,0.008,,
54180,0.008,0.008,0.008,0.009,0.009,,
54240,0.008,0.008,0.008,0.008,0.008,,
54300,0.008,0.008,0.008,0.008,0.009,,
54360,0.008,0.008,0.008,0.009,0.010,,
54420,0.009,0.009,0.009,0.010,0.011,,
54480,0.008,0.009,0.009,0.009,0.011,,
54540,0.008,0.008,0.008,0.009,0.010,,
54600,0.008,0.008,0.008,0.008,0.009,,
54660,0.010,0.010,0.010,0.010,0.014,,
54720,0.008,0.008,0.008,0.009,0.009,,
54780,0.008,0.008,0.008,0.008,0.009,,
54840,0.008,0.008,0.008,0.009,0.009,,
54900,0.009,0.009,0.009,0.010,0.011,,
54960,0.008,0.008,0.008,0.009,0.010,,
55020,0.008,0.008,0.008,0.009,0.011,,
55080,0.008,0.008,0.009,0.009,0.010,,
55140,0.009,0.009,0.009,0.010,0.011,,
55200,0.008,0.008,0.008,0.009,0.010,,
55260,0.008,0.009,0.009,0.009,0.012,,
55320,0.008,0.008,0.008,0.009,0.009,,
55380,0.009,0.009,0.009,0.011,0.012,,
55440,0.009,0.009,0.009,0.010,0.014,,
55500,0.008,0.008,0.008,0.009,0.010,,
55560,0.009,0.009,0.009,0.010,0.012,,
55620,0.008,0.009,0.009,0.009,0.010,,
55680,0.008,0.008,0.008,0.009,0.010,,
55740,0.008,0.009,0.009,0.010,0.011,,
55800,0.008,0.009,0.009,0.010,0.012,,
55860,0.008,0.008,0.008,0.009,0.010,,
55920,0.010,0.010,0.010,0.011,0.014,,
55980,0.009,0.009,0.009,0.012,0.014,,
56040,0.008,0.008,0.009,0.010,0.011,,
56100,0.010,0.010,0.010,0.012,0.016,,
56160,0.010,0.010,0.010,0.013,0.016,,
56220,0.012,0.012,0.012,0.016,0.021,,
56280,0.011,0.012,0.012,0.015,0.020,,
56340,0.011,0.011,0.012,0.014,0.018,,
56400,0.010,0.011,0.011,0.014,0.019,,
56460,0.010,0.010,0.011,0.014,0.017,,
56520,0.012,0.012,0.013,0.016,0.023,,
56580,0.014,0.014,0.015,0.018,0.027,,
56640,0.016,0.016,0.017,0.021,0.032,,
56700,0.019,0.020,0.021,0.028,0.046,,
56760,0.024,0.025,0.026,0.037,0.059,,
56820,0.025,0.025,0.026,0.035,0.059,,
56880,0.023,0.023,0.024,0.036,0.058,,
56940,0.027,0.027,0.028,0.040,0.060,,
57000,0.030,0.030,0.032,0.040,0.062,,
57060,0.024,0.025,0.026,0.034,0.053,,
57120,0.029,0.030,0.031,0.040,0.068,,
57180,0.023,0.023,0.025,0.034,0.052,,
57240,0.024,0.025,0.026,0.035,0.056,,
57300,0.018,0.019,0.020,0.028,0.047,,
57360,0.023,0.024,0.025,0.035,0.054,,
57420,0.021,0.022,0.023,0.030,0.048,,
57480,0.021,0.022,0.023,0.031,0.048,,
57540,0.019,0.019,0.021,0.028,0.045,,
57600,0.018,0.019,0.020,0.026,0.041,,
57660,0.020,0.020,0.022,0.029,0.045,,
57720,0.019,0.019,0.020,0.027,0.044,,
57780,0.015,0.015,0.017,0.024,0.034,,
57840,0.017,0.018,0.019,0.027,0.039,,
57900,0.021,0.021,0.022,0.029,0.044,,
57960,0.017,0.017,0.019,0.025,0.038,,
58020,0.019,0.019,0.021,0.028,0.044,,
58080,0.020,0.021,0.022,0.028,0.046,,
58140,0.019,0.019,0.020,0.026,0.042,,
58200,0.020,0.020,0.022,0.030,0.042,,
58260,0.020,0.020,0.021,0.028,0.040,,
58320,0.014,0.014,0.016,0.021,0.030,,
58380,0.018,0.018,0.019,0.026,0.041,,
58440,0.027,0.027,0.028,0.036,0.051,,
58500,0.019,0.020,0.021,0.028,0.041,,
58560,0.021,0.021,0.022,0.030,0.047,,
58620,0.024,0.024,0.025,0.032,0.050,,
58680,0.018,0.018,0.019,0.026,0.039,,
58740,0.019,0.020,0.021,0.029,0.048,,
58800,0.022,0.022,0.024,0.032,0.052,,
58860,0.019,0.020,0.021,0.028,0.044,,
58920,0.023,0.023,0.025,0.032,0.050,,
58980,0.019,0.020,0.021,0.028,0.045,,
59040,0.019,0.020,0.021,0.029,0.046,,
59100,0.020,0.021,0.022,0.031,0.046,,
59160,0.022,0.022,0.024,0.033,0.050,,
59220,0.019,0.020,0.021,0.030,0.048,,
59280,0.022,0.022,0.024,0.033,0.053,,
59340,0.022,0.023,0.024,0.032,0.056,,
59400,0.021,0.022,0.023,0.030,0.047,,
59460,0.017,0.018,0.019,0.027,0.038,,
59520,0.017,0.018,0.019,0.026,0.042,,
59580,0.018,0.019,0.020,0.028,0.042,,
59640,0.018,0.018,0.019,0.027,0.043,,
59700,0.022,0.023,0.024,0.032,0.049,,
59760,0.021,0.022,0.023,0.032,0.049,,
59820,0.020,0.021,0.022,0.029,0.045,,
59880,0.023,0.024,0.025,0.033,0.053,,
59940,0.021,0.022,0.023,0.031,0.051,,
60000,0.021,0.022,0.023,0.030,0.047,,
60060,0.021,0.021,0.023,0.031,0.050,,
60120,0.023,0.024,0.025,0.033,0.051,,
60180,0.019,0.020,0.021,0.028,0.044,,
60240,0.023,0.024,0.025,0.034,0.058,,
60300,0.022,0.023,0.024,0.031,0.053,,
60360,0.030,0.031,0.032,0.042,0.069,,
60420,0.024,0.024,0.026,0.033,0.048,,
60480,0.020,0.021,0.022,0.030,0.052,,
60540,0.024,0.024,0.026,0.034,0.054,,
60600,0.026,0.026,0.028,0.037,0.059,,
60660,0.018,0.018,0.020,0.027,0.041,,
60720,0.027,0.028,0.029,0.038,0.058,,
60780,0.021,0.022,0.023,0.030,0.048,,
60840,0.025,0.026,0.027,0.034,0.059,,
60900,0.022,0.023,0.024,0.032,0.050,,
60960,0.021,0.021,0.023,0.030,0.046,,
61020,0.021,0.021,0.023,0.031,0.049,,
61080,0.019,0.020,0.021,0.027,0.042,,
61140,0.023,0.024,0.025,0.032,0.054,,
61200,0.025,0.025,0.027,0.034,0.056,,
61260,0.024,0.024,0.026,0.035,0.059,,
61320,0.021,0.022,0.023,0.032,0.056,,
61380,0.035,0.036,0.038,0.048,0.076,,
61440,0.026,0.027,0.029,0.039,0.061,,
61500,0.022,0.023,0.025,0.032,0.056,,
61560,0.023,0.024,0.025,0.033,0.050,,
61620,0.021,0.022,0.023,0.032,0.054,,
61680,0.020,0.021,0.023,0.031,0.047,,
61740,0.030,0.031,0.032,0.042,0.069,,
61800,0.033,0.033,0.035,0.044,0.071,,
61860,0.021,0.022,0.024,0.032,0.057,,
61920,0.025,0.026,0.028,0.037,0.062,,
61980,0.023,0.024,0.026,0.035,0.055,,
62040,0.024,0.025,0.026,0.036,0.057,,
62100,0.023,0.023,0.025,0.032,0.059,,
62160,0.023,0.024,0.025,0.034,0.053,,
62220,0.023,0.024,0.025,0.033,0.055,,
62280,0.023,0.024,0.025,0.034,0.055,,
62340,0.022,0.022,0.024,0.033,0.054,,
62400,0.019,0.019,0.021,0.028,0.044,,
62460,0.021,0.022,0.023,0.031,0.052,,
62520,0.016,0.017,0.018,0.026,0.038,,
62580,0.019,0.020,0.021,0.030,0.046,,
62640,0.018,0.019,0.020,0.027,0.041,,
62700,0.017,0.018,0.019,0.027,0.040,,
62760,0.019,0.020,0.022,0.029,0.047,,
62820,0.016,0.017,0.018,0.025,0.032,,
62880,0.017,0.018,0.019,0.027,0.040,,
62940,0.015,0.016,0.017,0.024,0.037,,
63000,0.015,0.016,0.017,0.023,0.034,,
63060,0.018,0.019,0.020,0.026,0.039,,
63120,0.014,0.015,0.016,0.023,0.030,,
63180,0.015,0.015,0.016,0.023,0.030,,
63240,0.014,0.014,0.015,0.020,0.027,,
63300,0.011,0.012,0.013,0.017,0.025,,
63360,0.011,0.012,0.013,0.018,0.021,,
63420,0.013,0.013,0.014,0.019,0.028,,
63480,0.013,0.013,0.014,0.020,0.025,,
63540,0.011,0.012,0.013,0.017,0.021,,
63600,0.011,0.011,0.012,0.016,0.019,,
63660,0.009,0.010,0.011,0.014,0.018,,
63720,0.011,0.012,0.013,0.017,0.024,,
63780,0.012,0.013,0.014,0.018,0.022,,
63840,0.013,0.014,0.015,0.018,0.024,,
63900,0.012,0.013,0.014,0.020,0.024,,
63960,0.011,0.012,0.013,0.016,0.022,,
64020,0.012,0.013,0.014,0.018,0.024,,
64080,0.009,0.010,0.011,0.014,0.016,,
64140,0.010,0.011,0.011,0.015,0.018,,
64200,0.009,0.010,0.011,0.014,0.018,,
64260,0.010,0.010,0.011,0.014,0.019,,
64320,0.013,0.013,0.014,0.018,0.021,,
64380,0.011,0.012,0.013,0.016,0.021,,
64440,0.013,0.013,0.014,0.019,0.024,,
64500,0.015,0.016,0.017,0.023,0.033,,
64560,0.017,0.018,0.019,0.027,0.036,,
64620,0.014,0.015,0.016,0.020,0.035,,
64680,0.015,0.015,0.017,0.021,0.034,,
64740,0.019,0.020,0.021,0.026,0.039,,
64800,0.018,0.019,0.020,0.027,0.044,,
64860,0.020,0.021,0.022,0.030,0.046,,
64920,0.018,0.018,0.020,0.026,0.043,,
64980,0.032,0.032,0.034,0.041,0.056,,
65040,0.022,0.023,0.024,0.031,0.049,,
65100,0.021,0.022,0.023,0.031,0.051,,
65160,0.023,0.023,0.024,0.032,0.050,,
65220,0.019,0.020,0.021,0.028,0.040,,
65280,0.027,0.028,0.029,0.037,0.055,,
65340,0.023,0.024,0.025,0.033,0.051,,
65400,0.020,0.021,0.022,0.031,0.049,,
65460,0.019,0.020,0.022,0.031,0.045,,
65520,0.025,0.026,0.028,0.036,0.056,,
65580,0.018,0.019,0.020,0.027,0.046,,
65640,0.023,0.024,0.025,0.035,0.053,,
65700,0.026,0.027,0.029,0.038,0.057,,
65760,0.023,0.024,0.026,0.034,0.052,,
65820,0.023,0.024,0.025,0.036,0.052,,
65880,0.024,0.024,0.026,0.036,0.054,,
65940,0.024,0.024,0.026,0.035,0.053,,
66000,0.024,0.025,0.026,0.035,0.061,,
66060,0.026,0.026,0.028,0.038,0.059,,
66120,0.020,0.020,0.022,0.032,0.047,,
66180,0.018,0.019,0.021,0.029,0.045,,
66240,0.023,0.024,0.025,0.034,0.051,,
66300,0.022,0.023,0.025,0.035,0.056,,
66360,0.021,0.022,0.024,0.035,0.052,,
66420,0.022,0.023,0.025,0.033,0.052,,
66480,0.028,0.029,0.031,0.039,0.060,,
66540,0.023,0.023,0.025,0.035,0.051,,
66600,0.019,0.020,0.022,0.031,0.045,,
66660,0.025,0.026,0.028,0.037,0.057,,
66720,0.023,0.024,0.026,0.035,0.054,,
66780,0.022,0.023,0.025,0.033,0.055,,
66840,0.023,0.024,0.026,0.036,0.055,,
66900,0.019,0.020,0.021,0.030,0.046,,
66960,0.024,0.024,0.026,0.036,0.053,,
67020,0.022,0.023,0.024,0.034,0.054,,
67080,0.047,0.048,0.050,0.059,0.079,,
67140,0.024,0.025,0.026,0.035,0.055,,
67200,0.024,0.025,0.027,0.036,0.055,,
67260,0.024,0.025,0.027,0.036,0.056,,
67320,0.023,0.024,0.026,0.038,0.054,,
67380,0.024,0.025,0.027,0.037,0.054,,
67440,0.019,0.020,0.022,0.031,0.048,,
67500,0.023,0.024,0.026,0.037,0.055,,
67560,0.023,0.023,0.025,0.034,0.054,,
67620,0.025,0.025,0.027,0.037,0.056,,
67680,0.022,0.023,0.025,0.033,0.048,,
67740,0.024,0.025,0.026,0.035,0.054,,
67800,0.020,0.021,0.023,0.031,0.046,,
67860,0.023,0.023,0.025,0.035,0.058,,
67920,0.024,0.025,0.027,0.035,0.050,,
67980,0.020,0.020,0.022,0.031,0.043,,
68040,0.022,0.023,0.024,0.033,0.055,,
68100,0.021,0.022,0.024,0.033,0.052,,
68160,0.025,0.026,0.027,0.038,0.060,,
68220,0.025,0.026,0.028,0.038,0.058,,
68280,0.025,0.026,0.028,0.038,0.058,,
68340,0.025,0.026,0.028,0.038,0.061,,
68400,0.028,0.029,0.030,0.040,0.070,,
68460,0.025,0.026,0.028,0.036,0.056,,
68520,0.021,0.022,0.024,0.033,0.052,,
68580,0.022,0.023,0.025,0.033,0.050,,
68640,0.019,0.020,0.022,0.030,0.042,,
68700,0.017,0.018,0.020,0.026,0.039,,
68760,0.020,0.021,0.023,0.031,0.044,,
68820,0.016,0.017,0.019,0.025,0.036,,
68880,0.022,0.023,0.025,0.034,0.051,,
68940,0.020,0.021,0.022,0.031,0.044,,
69000,0.018,0.018,0.020,0.026,0.037,,
69060,0.019,0.020,0.021,0.029,0.041,,
69120,0.019,0.020,0.021,0.029,0.041,,
69180,0.019,0.020,0.022,0.027,0.040,,
69240,0.014,0.014,0.016,0.021,0.027,,
69300,0.015,0.016,0.017,0.022,0.030,,
69360,0.016,0.016,0.018,0.023,0.031,,
69420,0.016,0.017,0.018,0.024,0.031,,
69480,0.014,0.014,0.015,0.021,0.028,,
69540,0.015,0.016,0.017,0.022,0.033,,
69600,0.016,0.016,0.018,0.022,0.030,,
69660,0.013,0.014,0.015,0.020,0.025,,
69720,0.013,0.014,0.015,0.020,0.025,,
69780,0.014,0.014,0.015,0.020,0.026,,
69840,0.015,0.016,0.017,0.022,0.027,,
69900,0.015,0.016,0.017,0.021,0.027,,
69960,0.013,0.014,0.015,0.019,0.023,,
70020,0.014,0.015,0.016,0.020,0.027,,
70080,0.017,0.017,0.019,0.024,0.034,,
70140,0.015,0.016,0.017,0.023,0.031,,
70200,0.014,0.015,0.016,0.021,0.027,,
70260,0.016,0.017,0.018,0.023,0.034,,
70320,0.012,0.013,0.014,0.018,0.022,,
70380,0.013,0.014,0.015,0.019,0.024,,
70440,0.017,0.017,0.019,0.024,0.031,,
70500,0.015,0.015,0.016,0.021,0.028,,
70560,0.014,0.015,0.016,0.021,0.027,,
70620,0.013,0.013,0.014,0.018,0.022,,
70680,0.014,0.014,0.015,0.020,0.026,,
70740,0.014,0.014,0.016,0.020,0.023,,
70800,0.013,0.014,0.015,0.019,0.021,,
70860,0.015,0.015,0.016,0.021,0.026,,
70920,0.013,0.014,0.015,0.019,0.023,,
70980,0.013,0.014,0.015,0.020,0.023,,
71040,0.015,0.015,0.016,0.021,0.024,,
71100,0.013,0.014,0.015,0.018,0.021,,
71160,0.014,0.015,0.016,0.020,0.024,,
71220,0.013,0.014,0.015,0.020,0.022,,
71280,0.013,0.013,0.015,0.018,0.020,,
71340,0.013,0.014,0.015,0.019,0.021,,
71400,0.013,0.014,0.015,0.019,0.022,,
71460,0.019,0.020,0.021,0.026,0.035,,
71520,0.024,0.025,0.027,0.036,0.057,,
71580,0.028,0.029,0.030,0.038,0.062,,
71640,0.029,0.030,0.032,0.042,0.069,,
71700,0.032,0.033,0.034,0.045,0.067,,
71760,0.025,0.026,0.028,0.037,0.059,,
71820,0.029,0.030,0.032,0.042,0.067,,
71880,0.025,0.026,0.027,0.037,0.056,,
71940,0.026,0.026,0.028,0.039,0.060,,
72000,0.025,0.026,0.027,0.036,0.056,,
72060,0.025,0.026,0.027,0.036,0.058,,
72120,0.026,0.027,0.029,0.038,0.059,,
72180,0.023,0.023,0.025,0.032,0.049,,
72240,0.026,0.027,0.029,0.037,0.056,,
72300,0.025,0.026,0.028,0.036,0.053,,
72360,0.025,0.026,0.028,0.037,0.056,,
72420,0.026,0.027,0.029,0.039,0.057,,
72480,0.025,0.026,0.028,0.036,0.055,,
72540,0.024,0.025,0.027,0.037,0.053,,
72600,0.025,0.025,0.027,0.037,0.057,,
72660,0.026,0.027,0.029,0.039,0.059,,
72720,0.023,0.024,0.026,0.036,0.056,,
72780,0.025,0.026,0.028,0.037,0.055,,
72840,0.022,0.023,0.025,0.036,0.050,,
72900,0.030,0.031,0.033,0.043,0.066,,
72960,0.022,0.023,0.025,0.035,0.051,,
73020,0.025,0.026,0.028,0.037,0.059,,
73080,0.030,0.031,0.033,0.044,0.071,,
73140,0.029,0.030,0.032,0.043,0.065,,
73200,0.027,0.028,0.030,0.043,0.064,,
73260,0.024,0.026,0.028,0.040,0.057,,
73320,0.027,0.028,0.030,0.042,0.059,,
73380,0.028,0.029,0.032,0.044,0.067,,
73440,0.030,0.031,0.033,0.047,0.072,,
73500,0.029,0.031,0.033,0.045,0.069,,
73560,0.031,0.032,0.034,0.047,0.072,,
73620,0.027,0.028,0.030,0.043,0.063,,
73680,0.034,0.036,0.038,0.054,0.086,,
73740,0.034,0.035,0.038,0.051,0.086,,
73800,0.030,0.031,0.033,0.046,0.072,,
73860,0.034,0.035,0.038,0.051,0.083,,
73920,0.030,0.031,0.034,0.046,0.074,,
73980,0.033,0.034,0.037,0.051,0.082,,
74040,0.031,0.032,0.035,0.048,0.073,,
74100,0.033,0.035,0.037,0.052,0.077,,
74160,0.034,0.035,0.038,0.053,0.087,,
74220,0.031,0.032,0.034,0.049,0.076,,
74280,0.031,0.032,0.034,0.047,0.070,,
74340,0.027,0.028,0.030,0.043,0.065,,
74400,0.033,0.034,0.036,0.049,0.075,,
74460,0.030,0.031,0.034,0.048,0.070,,
74520,0.028,0.029,0.031,0.045,0.071,,
74580,0.028,0.029,0.032,0.048,0.070,,
74640,0.028,0.029,0.031,0.043,0.064,,
74700,0.026,0.027,0.030,0.040,0.061,,
74760,0.032,0.033,0.036,0.048,0.072,,
74820,0.025,0.026,0.028,0.042,0.062,,
74880,0.027,0.028,0.031,0.042,0.060,,
74940,0.029,0.030,0.032,0.045,0.065,,
75000,0.027,0.028,0.030,0.043,0.060,,
75060,0.026,0.028,0.030,0.039,0.059,,
75120,0.023,0.024,0.026,0.037,0.051,,
75180,0.024,0.026,0.028,0.040,0.056,,
75240,0.029,0.030,0.033,0.043,0.064,,
75300,0.024,0.025,0.027,0.035,0.053,,
75360,0.022,0.023,0.026,0.036,0.051,,
75420,0.023,0.024,0.026,0.038,0.056,,
75480,0.028,0.030,0.032,0.041,0.057,,
75540,0.031,0.032,0.034,0.048,0.072,,
75600,0.025,0.027,0.029,0.041,0.058,,
75660,0.025,0.027,0.029,0.041,0.061,,
75720,0.026,0.027,0.030,0.041,0.060,,
75780,0.026,0.027,0.029,0.041,0.060,,
75840,0.027,0.028,0.030,0.040,0.057,,
75900,0.032,0.033,0.035,0.048,0.074,,
75960,0.026,0.027,0.030,0.041,0.067,,
76020,0.034,0.035,0.038,0.050,0.076,,
76080,0.032,0.033,0.036,0.048,0.075,,
76140,0.033,0.034,0.037,0.048,0.074,,
76200,0.034,0.036,0.039,0.053,0.079,,
76260,0.029,0.031,0.033,0.047,0.066,,
76320,0.028,0.029,0.032,0.043,0.068,,
76380,0.030,0.032,0.034,0.046,0.069,,
76440,0.028,0.029,0.032,0.044,0.063,,
76500,0.034,0.035,0.038,0.050,0.073,,
76560,0.038,0.039,0.043,0.059,0.088,,
76620,0.029,0.030,0.033,0.047,0.064,,
76680,0.035,0.036,0.039,0.052,0.078,,
76740,0.033,0.034,0.037,0.049,0.073,,
76800,0.026,0.027,0.029,0.041,0.056,,
76860,0.029,0.030,0.033,0.045,0.066,,
76920,0.027,0.029,0.031,0.042,0.060,,
76980,0.033,0.034,0.037,0.049,0.073,,
77040,0.029,0.030,0.033,0.045,0.063,,
77100,0.028,0.030,0.033,0.044,0.062,,
77160,0.029,0.031,0.034,0.046,0.067,,
77220,0.034,0.036,0.039,0.052,0.076,,
77280,0.029,0.030,0.033,0.046,0.064,,
77340,0.030,0.032,0.035,0.048,0.072,,
77400,0.031,0.033,0.036,0.047,0.069,,
77460,0.026,0.028,0.030,0.041,0.058,,
77520,0.028,0.030,0.033,0.045,0.062,,
77580,0.027,0.029,0.031,0.042,0.057,,
77640,0.031,0.032,0.035,0.046,0.070,,
77700,0.037,0.038,0.041,0.052,0.080,,
77760,0.026,0.027,0.030,0.042,0.060,,
77820,0.029,0.030,0.033,0.046,0.069,,
77880,0.036,0.037,0.040,0.052,0.076,,
77940,0.030,0.032,0.034,0.045,0.073,,
78000,0.034,0.036,0.039,0.052,0.077,,
78060,0.031,0.032,0.035,0.048,0.074,,
78120,0.036,0.038,0.041,0.053,0.079,,
78180,0.034,0.036,0.039,0.054,0.085,,
78240,0.039,0.041,0.044,0.061,0.092,,
78300,0.040,0.042,0.046,0.063,0.098,,
78360,0.042,0.044,0.047,0.064,0.105,,
78420,0.041,0.043,0.046,0.063,0.108,,
78480,0.042,0.043,0.046,0.062,0.105,,
78540,0.038,0.040,0.043,0.061,0.096,,
78600,0.044,0.045,0.049,0.067,0.105,,
78660,0.048,0.049,0.053,0.070,0.121,,
78720,0.044,0.046,0.050,0.068,0.114,,
78780,0.050,0.052,0.057,0.079,0.129,,
78840,0.051,0.053,0.057,0.080,0.134,,
78900,0.049,0.051,0.055,0.075,0.125,,
78960,0.049,0.051,0.055,0.076,0.125,,
79020,0.052,0.054,0.058,0.077,0.130,,
79080,0.049,0.051,0.055,0.076,0.124,,
79140,0.047,0.049,0.053,0.073,0.127,,
79200,0.041,0.043,0.046,0.064,0.107,,
79260,0.053,0.055,0.059,0.080,0.139,,
79320,0.048,0.050,0.054,0.079,0.131,,
79380,0.050,0.052,0.056,0.078,0.124,,
79440,0.055,0.057,0.061,0.085,0.142,,
79500,0.049,0.051,0.055,0.076,0.123,,
79560,0.052,0.054,0.058,0.082,0.132,,
79620,0.057,0.059,0.064,0.090,0.149,,
79680,0.058,0.060,0.065,0.086,0.148,,
79740,0.051,0.053,0.057,0.079,0.131,,
79800,0.056,0.058,0.062,0.086,0.138,,
79860,0.046,0.048,0.052,0.073,0.120,,
79920,0.045,0.047,0.051,0.070,0.121,,
79980,0.046,0.048,0.053,0.073,0.115,,
80040,0.047,0.048,0.053,0.075,0.117,,
80100,0.042,0.044,0.047,0.068,0.106,,
80160,0.038,0.040,0.044,0.064,0.100,,
80220,0.039,0.041,0.045,0.066,0.101,,
80280,0.033,0.035,0.039,0.057,0.085,,
80340,0.035,0.037,0.040,0.056,0.087,,
80400,0.041,0.043,0.047,0.068,0.104,,
80460,0.038,0.039,0.043,0.059,0.091,,
80520,0.038,0.040,0.043,0.061,0.090,,
80580,0.032,0.034,0.037,0.052,0.082,,
80640,0.034,0.036,0.039,0.056,0.083,,
80700,0.034,0.036,0.039,0.054,0.081,,
80760,0.036,0.038,0.042,0.057,0.083,,
80820,0.031,0.033,0.036,0.051,0.079,,
80880,0.034,0.035,0.038,0.055,0.079,,
80940,0.032,0.033,0.037,0.052,0.079,,
81000,0.027,0.029,0.032,0.046,0.064,,
81060,0.028,0.030,0.033,0.046,0.063,,
81120,0.026,0.027,0.030,0.041,0.056,,
81180,0.023,0.025,0.028,0.040,0.055,,
81240,0.025,0.026,0.029,0.042,0.056,,
81300,0.023,0.025,0.028,0.041,0.057,,
81360,0.024,0.026,0.029,0.038,0.055,,
81420,0.023,0.024,0.027,0.038,0.049,,
81480,0.024,0.025,0.028,0.039,0.052,,
81540,0.027,0.028,0.031,0.043,0.057,,
81600,0.022,0.023,0.026,0.036,0.047,,
81660,0.022,0.024,0.026,0.037,0.051,,
81720,0.023,0.025,0.028,0.038,0.056,,
81780,0.021,0.023,0.025,0.037,0.050,,
81840,0.023,0.025,0.027,0.036,0.048,,
81900,0.022,0.023,0.026,0.038,0.048,,
81960,0.026,0.027,0.030,0.042,0.055,,
82020,0.022,0.024,0.026,0.037,0.050,,
82080,0.021,0.023,0.025,0.037,0.051,,
82140,0.020,0.021,0.024,0.034,0.045,,
82200,0.021,0.022,0.025,0.033,0.043,,
82260,0.023,0.025,0.028,0.038,0.050,,
82320,0.022,0.024,0.026,0.036,0.051,,
82380,0.018,0.019,0.022,0.031,0.040,,
82440,0.021,0.022,0.025,0.035,0.043,,
82500,0.020,0.021,0.024,0.035,0.046,,
82560,0.019,0.020,0.023,0.031,0.042,,
82620,0.023,0.024,0.027,0.038,0.051,,
82680,0.022,0.024,0.026,0.037,0.052,,
82740,0.022,0.023,0.025,0.037,0.052,,
82800,0.021,0.022,0.025,0.034,0.048,,
82860,0.019,0.021,0.023,0.032,0.040,,
82920,0.020,0.021,0.024,0.033,0.045,,
82980,0.018,0.020,0.022,0.033,0.039,,
83040,0.021,0.022,0.025,0.034,0.048,,
83100,0.023,0.024,0.026,0.037,0.054,,
83160,0.021,0.022,0.025,0.034,0.047,,
83220,0.022,0.023,0.025,0.034,0.047,,
83280,0.018,0.019,0.021,0.030,0.040,,
83340,0.024,0.025,0.027,0.038,0.054,,
83400,0.018,0.020,0.022,0.031,0.041,,
83460,0.018,0.020,0.022,0.030,0.041,,
83520,0.020,0.022,0.024,0.033,0.045,,
83580,0.019,0.020,0.023,0.032,0.039,,
83640,0.022,0.023,0.026,0.035,0.047,,
83700,0.020,0.021,0.024,0.033,0.042,,
83760,0.026,0.027,0.030,0.040,0.063,,
83820,0.028,0.030,0.032,0.044,0.066,,
83880,0.033,0.035,0.038,0.052,0.083,,
83940,0.029,0.031,0.033,0.047,0.066,,
84000,0.027,0.028,0.030,0.042,0.065,,
84060,0.022,0.023,0.025,0.035,0.053,,
84120,0.024,0.025,0.028,0.039,0.056,,
84180,0.023,0.024,0.027,0.039,0.056,,
84240,0.023,0.024,0.027,0.037,0.055,,
84300,0.022,0.024,0.026,0.035,0.050,,
84360,0.025,0.027,0.029,0.040,0.055,,
84420,0.023,0.024,0.027,0.038,0.056,,
84480,0.024,0.026,0.028,0.040,0.057,,
84540,0.022,0.023,0.026,0.036,0.050,,
84600,0.024,0.025,0.028,0.040,0.060,,
84660,0.026,0.028,0.031,0.043,0.061,,
84720,0.026,0.027,0.030,0.043,0.057,,
84780,0.022,0.023,0.026,0.040,0.053,,
84840,0.022,0.024,0.026,0.040,0.052,,
84900,0.020,0.022,0.024,0.037,0.047,,
84960,0.023,0.025,0.028,0.040,0.054,,
85020,0.022,0.023,0.026,0.037,0.049,,
85080,0.022,0.023,0.026,0.038,0.050,,
85140,0.019,0.021,0.023,0.032,0.042,,
85200,0.019,0.021,0.023,0.034,0.045,,
85260,0.020,0.021,0.024,0.034,0.047,,
85320,0.022,0.023,0.025,0.039,0.053,,
85380,0.028,0.029,0.032,0.047,0.069,,
85440,0.031,0.032,0.035,0.049,0.080,,
85500,0.030,0.032,0.035,0.050,0.079,,
85560,0.028,0.030,0.033,0.048,0.070,,
85620,0.029,0.031,0.033,0.048,0.071,,
85680,0.028,0.030,0.033,0.047,0.065,,
85740,0.028,0.030,0.033,0.046,0.065,,
85800,0.027,0.028,0.031,0.044,0.065,,
85860,0.026,0.028,0.030,0.043,0.058,,
85920,0.022,0.024,0.026,0.039,0.053,,
85980,0.022,0.023,0.026,0.037,0.050,,
86040,0.022,0.023,0.025,0.036,0.046,,
86100,0.019,0.021,0.023,0.033,0.043,,
86160,0.019,0.021,0.023,0.032,0.040,,
86220,0.018,0.020,0.022,0.032,0.040,,
86280,0.021,0.022,0.024,0.033,0.044,,
86340,0.020,0.021,0.023,0.031,0.043,,
86400,0.019,0.020,0.022,0.033,0.042,,
86460,0.018,0.020,0.022,0.031,0.040,,
86520,0.017,0.018,0.020,0.029,0.034,,
86580,0.018,0.020,0.022,0.030,0.037,,
86640,0.017,0.019,0.021,0.029,0.037,,
86700,0.017,0.018,0.020,0.028,0.031,,
86760,0.018,0.019,0.022,0.028,0.035,,
86820,0.017,0.018,0.020,0.027,0.035,,
86880,0.019,0.020,0.022,0.029,0.036,,
86940,0.018,0.019,0.021,0.029,0.036,,
87000,0.015,0.016,0.018,0.025,0.030,,
87060,0.014,0.015,0.017,0.025,0.028,,
87120,0.016,0.017,0.019,0.024,0.030,,
87180,0.017,0.018,0.020,0.025,0.031,,
87240,0.015,0.016,0.018,0.024,0.030,,
87300,0.013,0.014,0.016,0.022,0.025,,
87360,0.015,0.016,0.018,0.023,0.028,,
87420,0.014,0.015,0.017,0.022,0.026,,
87480,0.014,0.015,0.017,0.021,0.026,,
87540,0.014,0.015,0.017,0.023,0.027,,
87600,0.013,0.014,0.016,0.020,0.024,,
87660,0.014,0.015,0.017,0.022,0.025,,
87720,0.014,0.015,0.017,0.023,0.026,,
87780,0.013,0.014,0.016,0.022,0.025,,
87840,0.013,0.014,0.016,0.021,0.024,,
87900,0.013,0.015,0.016,0.021,0.025,,
87960,0.013,0.014,0.016,0.020,0.023,,
88020,0.013,0.014,0.015,0.020,0.022,,
88080,0.013,0.014,0.016,0.019,0.022,,
88140,0.013,0.014,0.016,0.020,0.023,,
88200,0.014,0.015,0.016,0.021,0.024,,
88260,0.012,0.013,0.015,0.019,0.020,,
88320,0.013,0.014,0.015,0.019,0.021,,
88380,0.013,0.014,0.016,0.020,0.022,,
88440,0.012,0.013,0.015,0.019,0.021,,
88500,0.012,0.014,0.015,0.019,0.023,,
88560,0.013,0.014,0.015,0.019,0.022,,
88620,0.013,0.014,0.015,0.019,0.021,,
88680,0.012,0.013,0.014,0.018,0.020,,
88740,0.012,0.013,0.015,0.019,0.021,,
88800,0.014,0.015,0.016,0.022,0.025,,
88860,0.014,0.015,0.017,0.021,0.025,,
88920,0.014,0.015,0.016,0.021,0.023,,
88980,0.014,0.015,0.016,0.021,0.022,,
89040,0.013,0.014,0.016,0.019,0.024,,
89100,0.014,0.015,0.017,0.022,0.027,,
89160,0.012,0.013,0.014,0.019,0.021,,
89220,0.015,0.016,0.017,0.022,0.027,,
89280,0.012,0.013,0.015,0.019,0.022,,
89340,0.013,0.014,0.015,0.020,0.022,,
89400,0.013,0.015,0.016,0.020,0.023,,
89460,0.013,0.014,0.016,0.021,0.023,,
89520,0.014,0.015,0.016,0.021,0.025,,
89580,0.014,0.015,0.017,0.022,0.028,,
89640,0.013,0.014,0.016,0.021,0.024,,
89700,0.014,0.015,0.016,0.023,0.027,,
89760,0.014,0.016,0.017,0.022,0.027,,
89820,0.015,0.016,0.018,0.023,0.027,,
89880,0.014,0.016,0.017,0.023,0.026,,
89940,0.014,0.015,0.017,0.022,0.028,,
90000,0.014,0.015,0.017,0.023,0.026,,
90060,0.015,0.016,0.018,0.022,0.026,,
90120,0.015,0.016,0.018,0.023,0.027,,
90180,0.014,0.015,0.017,0.022,0.026,,
90240,0.014,0.015,0.017,0.022,0.028,,
90300,0.014,0.015,0.017,0.024,0.028,,
90360,0.014,0.015,0.017,0.023,0.027,,
90420,0.015,0.016,0.017,0.023,0.028,,
90480,0.015,0.016,0.017,0.022,0.027,,
90540,0.017,0.018,0.019,0.025,0.028,,
90600,0.014,0.015,0.017,0.022,0.025,,
90660,0.014,0.015,0.017,0.022,0.024,,
90720,0.014,0.015,0.016,0.021,0.025,,
90780,0.014,0.015,0.017,0.021,0.027,,
90840,0.013,0.014,0.016,0.020,0.023,,
90900,0.013,0.014,0.016,0.020,0.023,,
90960,0.014,0.015,0.017,0.023,0.026,,
91020,0.014,0.015,0.016,0.021,0.024,,
91080,0.014,0.015,0.016,0.021,0.026,,
91140,0.012,0.013,0.014,0.018,0.019,,
91200,0.013,0.014,0.016,0.020,0.022,,
91260,0.013,0.014,0.015,0.019,0.020,,
91320,0.012,0.013,0.015,0.018,0.020,,
91380,0.013,0.014,0.016,0.020,0.022,,
91440,0.013,0.014,0.015,0.019,0.022,,
91500,0.013,0.014,0.016,0.019,0.021,,
91560,0.013,0.014,0.016,0.021,0.022,,
91620,0.013,0.014,0.015,0.019,0.021,,
91680,0.014,0.015,0.017,0.021,0.024,,
91740,0.013,0.014,0.015,0.019,0.021,,
91800,0.013,0.014,0.015,0.020,0.023,,
91860,0.012,0.013,0.015,0.019,0.021,,
91920,0.013,0.014,0.015,0.019,0.023,,
91980,0.014,0.015,0.017,0.021,0.024,,
92040,0.013,0.014,0.016,0.019,0.023,,
92100,0.012,0.013,0.015,0.019,0.020,,
92160,0.012,0.013,0.015,0.018,0.022,,
92220,0.013,0.014,0.015,0.018,0.022,,
92280,0.012,0.013,0.014,0.018,0.019,,
92340,0.012,0.013,0.014,0.018,0.021,,
92400,0.013,0.014,0.015,0.019,0.022,,
92460,0.013,0.014,0.015,0.019,0.021,,
92520,0.012,0.013,0.014,0.017,0.018,,
92580,0.012,0.013,0.014,0.018,0.019,,
92640,0.012,0.012,0.014,0.018,0.019,,
92700,0.011,0.012,0.014,0.016,0.018,,
92760,0.011,0.012,0.014,0.017,0.017,,
92820,0.011,0.012,0.014,0.017,0.018,,
92880,0.012,0.013,0.015,0.018,0.020,,
92940,0.012,0.013,0.014,0.018,0.020,,
93000,0.012,0.013,0.014,0.017,0.018,,
93060,0.012,0.013,0.015,0.019,0.020,,
93120,0.012,0.013,0.014,0.017,0.018,,
93180,0.012,0.013,0.014,0.017,0.018,,
93240,0.012,0.013,0.014,0.017,0.018,,
93300,0.013,0.014,0.015,0.019,0.020,,
93360,0.012,0.013,0.014,0.017,0.019,,
93420,0.012,0.013,0.014,0.017,0.018,,
93480,0.012,0.013,0.014,0.017,0.019,,
93540,0.012,0.012,0.014,0.015,0.016,,
93600,0.011,0.012,0.013,0.015,0.015,,
93660,0.011,0.012,0.013,0.016,0.017,,
93720,0.011,0.011,0.013,0.014,0.016,,
93780,0.011,0.012,0.013,0.016,0.018,,
93840,0.012,0.013,0.014,0.017,0.018,,
93900,0.011,0.012,0.013,0.016,0.017,,
93960,0.011,0.012,0.013,0.017,0.018,,
94020,0.011,0.012,0.013,0.015,0.016,,
94080,0.011,0.012,0.013,0.016,0.017,,
94140,0.013,0.013,0.015,0.018,0.020,,
94200,0.011,0.012,0.013,0.016,0.017,,
94260,0.011,0.012,0.013,0.016,0.016,,
94320,0.011,0.012,0.013,0.015,0.015,,
94380,0.011,0.012,0.013,0.017,0.018,,
94440,0.011,0.011,0.013,0.014,0.014,,
94500,0.011,0.012,0.013,0.016,0.017,,
94560,0.011,0.012,0.013,0.015,0.016,,
94620,0.011,0.012,0.013,0.015,0.016,,
94680,0.011,0.011,0.013,0.014,0.015,,
94740,0.011,0.012,0.013,0.016,0.016,,
94800,0.011,0.012,0.013,0.016,0.016,,
94860,0.011,0.012,0.013,0.016,0.016,,
94920,0.012,0.012,0.014,0.016,0.017,,
94980,0.011,0.012,0.013,0.015,0.015,,
95040,0.012,0.013,0.014,0.016,0.017,,
95100,0.011,0.012,0.013,0.015,0.015,,
95160,0.011,0.012,0.013,0.015,0.016,,
95220,0.011,0.012,0.013,0.016,0.016,,
95280,0.011,0.012,0.013,0.015,0.016,,
95340,0.011,0.012,0.013,0.015,0.016,,
95400,0.011,0.012,0.013,0.014,0.014,,
95460,0.011,0.012,0.013,0.016,0.016,,
95520,0.012,0.012,0.013,0.016,0.016,,
95580,0.012,0.013,0.014,0.016,0.018,,
95640,0.011,0.012,0.013,0.015,0.016,,
95700,0.011,0.012,0.013,0.015,0.016,,
95760,0.011,0.012,0.013,0.016,0.016,,
95820,0.011,0.012,0.013,0.016,0.016,,
95880,0.011,0.012,0.013,0.016,0.016,,
95940,0.010,0.011,0.012,0.014,0.014,,
96000,0.011,0.012,0.013,0.015,0.015,,
96060,0.011,0.011,0.012,0.014,0.015,,
96120,0.011,0.011,0.013,0.015,0.016,,
96180,0.012,0.012,0.013,0.015,0.016,,
96240,0.012,0.013,0.014,0.016,0.016,,
96300,0.010,0.011,0.012,0.015,0.015,,
96360,0.010,0.011,0.012,0.014,0.014,,
96420,0.011,0.011,0.012,0.014,0.014,,
96480,0.011,0.012,0.013,0.014,0.014,,
96540,0.011,0.011,0.012,0.014,0.014,,
96600,0.011,0.011,0.012,0.015,0.016,,
96660,0.011,0.012,0.013,0.014,0.014,,
96720,0.011,0.012,0.013,0.015,0.015,,
96780,0.010,0.011,0.012,0.014,0.014,,
96840,0.010,0.011,0.012,0.014,0.014,,
96900,0.011,0.012,0.013,0.015,0.015,,
96960,0.011,0.012,0.013,0.015,0.015,,
97020,0.010,0.011,0.012,0.014,0.015,,
97080,0.010,0.011,0.012,0.014,0.015,,
97140,0.010,0.011,0.012,0.014,0.014,,
97200,0.011,0.012,0.013,0.015,0.015,,
97260,0.010,0.011,0.012,0.013,0.013,,
97320,0.011,0.012,0.013,0.015,0.015,,
97380,0.011,0.011,0.013,0.014,0.015,,
97440,0.011,0.012,0.013,0.014,0.015,,
97500,0.011,0.011,0.013,0.014,0.014,,
97560,0.010,0.011,0.012,0.013,0.014,,
97620,0.011,0.012,0.013,0.014,0.015,,
97680,0.011,0.011,0.012,0.014,0.014,,
97740,0.010,0.011,0.011,0.013,0.013,,
97800,0.011,0.011,0.012,0.014,0.014,,
97860,0.011,0.012,0.013,0.014,0.015,,
97920,0.011,0.012,0.013,0.014,0.015,,
97980,0.011,0.011,0.012,0.013,0.014,,
98040,0.010,0.011,0.011,0.013,0.013,,
98100,0.010,0.011,0.012,0.013,0.013,,
98160,0.010,0.011,0.011,0.013,0.013,,
98220,0.011,0.012,0.012,0.014,0.015,,
98280,0.011,0.012,0.012,0.014,0.014,,
98340,0.011,0.011,0.012,0.014,0.014,,
98400,0.010,0.011,0.012,0.013,0.013,,
98460,0.011,0.011,0.012,0.014,0.015,,
98520,0.010,0.011,0.012,0.013,0.013,,
98580,0.011,0.011,0.012,0.014,0.015,,
98640,0.011,0.011,0.012,0.014,0.014,,
98700,0.010,0.011,0.012,0.013,0.014,,
98760,0.010,0.011,0.012,0.013,0.013,,
98820,0.011,0.011,0.012,0.014,0.015,,
98880,0.010,0.011,0.012,0.013,0.013,,
98940,0.010,0.011,0.012,0.013,0.014,,
99000,0.010,0.011,0.011,0.012,0.012,,
99060,0.010,0.011,0.012,0.013,0.014,,
99120,0.009,0.010,0.011,0.012,0.012,,
99180,0.010,0.011,0.012,0.013,0.013,,
99240,0.010,0.011,0.012,0.013,0.013,,
99300,0.010,0.011,0.012,0.013,0.014,,
99360,0.010,0.011,0.012,0.013,0.013,,
99420,0.010,0.010,0.011,0.012,0.013,,
99480,0.010,0.011,0.012,0.013,0.013,,
99540,0.010,0.011,0.012,0.012,0.013,,
99600,0.010,0.010,0.011,0.012,0.012,,
99660,0.011,0.012,0.013,0.013,0.014,,
99720,0.011,0.011,0.012,0.014,0.014,,
99780,0.011,0.012,0.012,0.013,0.014,,
99840,0.010,0.011,0.012,0.013,0.013,,
99900,0.010,0.011,0.012,0.013,0.013,,
99960,0.011,0.011,0.012,0.014,0.014,,
100020,0.010,0.011,0.012,0.013,0.013,,
100080,0.010,0.011,0.012,0.012,0.012,,
100140,0.010,0.011,0.012,0.013,0.014,,
100200,0.010,0.010,0.011,0.012,0.012,,
100260,0.010,0.011,0.012,0.013,0.013,,
100320,0.010,0.010,0.011,0.012,0.012,,
100380,0.010,0.010,0.011,0.012,0.012,,
100440,0.010,0.010,0.011,0.012,0.012,,
100500,0.010,0.011,0.012,0.013,0.013,,
100560,0.010,0.010,0.011,0.012,0.012,,
100620,0.010,0.010,0.011,0.012,0.012,,
100680,0.010,0.011,0.011,0.013,0.013,,
100740,0.010,0.011,0.012,0.013,0.013,,
100800,0.010,0.011,0.011,0.012,0.012,,
100860,0.010,0.011,0.012,0.013,0.014,,
100920,0.010,0.010,0.011,0.012,0.012,,
100980,0.010,0.011,0.011,0.013,0.013,,
101040,0.010,0.010,0.011,0.012,0.012,,
101100,0.010,0.011,0.012,0.013,0.013,,
101160,0.010,0.010,0.011,0.012,0.012,,
101220,0.009,0.010,0.010,0.011,0.011,,
101280,0.010,0.010,0.011,0.012,0.012,,
101340,0.010,0.010,0.011,0.012,0.012,,
101400,0.010,0.010,0.011,0.012,0.013,,
101460,0.009,0.010,0.011,0.011,0.011,,
101520,0.010,0.010,0.011,0.012,0.012,,
101580,0.009,0.010,0.011,0.012,0.012,,
101640,0.010,0.010,0.011,0.012,0.012,,
101700,0.009,0.010,0.010,0.011,0.011,,
101760,0.010,0.010,0.011,0.012,0.012,,
101820,0.010,0.010,0.011,0.012,0.012,,
101880,0.009,0.009,0.010,0.010,0.010,,
101940,0.009,0.010,0.011,0.011,0.012,,
102000,0.009,0.010,0.011,0.012,0.012,,
102060,0.010,0.011,0.011,0.012,0.013,,
102120,0.009,0.010,0.010,0.011,0.011,,
102180,0.009,0.009,0.010,0.011,0.011,,
102240,0.010,0.010,0.011,0.012,0.012,,
102300,0.009,0.010,0.011,0.012,0.012,,
102360,0.009,0.010,0.010,0.011,0.011,,
102420,0.009,0.010,0.010,0.011,0.011,,
102480,0.009,0.010,0.011,0.012,0.012,,
102540,0.009,0.010,0.010,0.011,0.011,,
102600,0.009,0.010,0.010,0.011,0.011,,
102660,0.009,0.010,0.010,0.011,0.011,,
102720,0.009,0.010,0.010,0.011,0.011,,
102780,0.009,0.010,0.010,0.011,0.011,,
102840,0.009,0.010,0.010,0.012,0.012,,
102900,0.009,0.010,0.010,0.011,0.011,,
102960,0.009,0.010,0.010,0.011,0.012,,
103020,0.009,0.010,0.010,0.011,0.011,,
103080,0.009,0.009,0.010,0.011,0.011,,
103140,0.009,0.009,0.010,0.011,0.011,,
103200,0.009,0.009,0.010,0.010,0.010,,
103260,0.009,0.010,0.010,0.011,0.011,,
103320,0.008,0.009,0.009,0.010,0.010,,
103380,0.010,0.010,0.011,0.011,0.012,,
103440,0.009,0.010,0.010,0.011,0.011,,
103500,0.009,0.010,0.010,0.011,0.012,,
103560,0.009,0.009,0.010,0.011,0.011,,
103620,0.009,0.009,0.010,0.011,0.011,,
103680,0.009,0.010,0.010,0.011,0.011,,
103740,0.010,0.010,0.011,0.012,0.012,,
103800,0.009,0.009,0.010,0.011,0.011,,
103860,0.009,0.009,0.010,0.011,0.011,,
103920,0.009,0.009,0.010,0.011,0.011,,
103980,0.009,0.009,0.010,0.010,0.010,,
104040,0.009,0.009,0.010,0.011,0.011,,
104100,0.009,0.010,0.010,0.011,0.011,,
104160,0.009,0.010,0.010,0.011,0.012,,
104220,0.009,0.009,0.010,0.010,0.011,,
104280,0.009,0.009,0.010,0.011,0.011,,
104340,0.009,0.009,0.010,0.011,0.011,,
104400,0.009,0.009,0.010,0.010,0.010,,
104460,0.009,0.009,0.010,0.011,0.011,,
104520,0.009,0.009,0.010,0.010,0.010,,
104580,0.009,0.009,0.010,0.011,0.011,,
104640,0.009,0.009,0.010,0.011,0.011,,
104700,0.009,0.009,0.010,0.010,0.010,,
104760,0.009,0.009,0.010,0.010,0.010,,
104820,0.009,0.009,0.010,0.010,0.010,,
104880,0.009,0.009,0.010,0.011,0.011,,
104940,0.008,0.009,0.009,0.010,0.010,,
105000,0.008,0.009,0.009,0.010,0.010,,
105060,0.009,0.009,0.010,0.010,0.010,,
105120,0.009,0.009,0.010,0.011,0.011,,
105180,0.008,0.009,0.009,0.010,0.010,,
105240,0.008,0.009,0.010,0.010,0.010,,
105300,0.008,0.009,0.009,0.010,0.010,,
105360,0.008,0.009,0.009,0.010,0.010,,
105420,0.009,0.009,0.010,0.010,0.010,,
105480,0.009,0.009,0.010,0.010,0.010,,
105540,0.008,0.009,0.009,0.010,0.010,,
105600,0.009,0.009,0.010,0.010,0.011,,
105660,0.008,0.009,0.009,0.010,0.010,,
105720,0.008,0.009,0.009,0.010,0.010,,
105780,0.008,0.009,0.009,0.010,0.010,,
105840,0.008,0.009,0.009,0.010,0.010,,
105900,0.009,0.009,0.010,0.010,0.010,,
105960,0.008,0.009,0.009,0.010,0.010,,
106020,0.008,0.009,0.009,0.010,0.010,,
106080,0.008,0.009,0.009,0.009,0.009,,
106140,0.008,0.009,0.009,0.009,0.009,,
106200,0.008,0.008,0.009,0.009,0.009,,
106260,0.008,0.009,0.009,0.010,0.010,,
106320,0.008,0.009,0.009,0.010,0.010,,
106380,0.008,0.009,0.009,0.010,0.010,,
106440,0.008,0.009,0.009,0.010,0.011,,
106500,0.008,0.008,0.009,0.009,0.009,,
106560,0.008,0.009,0.009,0.010,0.010,,
106620,0.008,0.009,0.009,0.009,0.009,,
106680,0.008,0.009,0.009,0.010,0.010,,
106740,0.008,0.008,0.009,0.009,0.009,,
106800,0.008,0.008,0.009,0.009,0.009,,
106860,0.008,0.008,0.009,0.010,0.010,,
106920,0.008,0.009,0.009,0.010,0.010,,
106980,0.008,0.009,0.009,0.009,0.009,,
107040,0.008,0.008,0.009,0.009,0.009,,
107100,0.008,0.008,0.009,0.009,0.009,,
107160,0.008,0.009,0.009,0.010,0.010,,
107220,0.008,0.009,0.009,0.010,0.010,,
107280,0.008,0.009,0.009,0.010,0.010,,
107340,0.008,0.008,0.009,0.009,0.009,,
107400,0.008,0.009,0.009,0.010,0.010,,
107460,0.008,0.009,0.009,0.010,0.010,,
107520,0.008,0.009,0.009,0.010,0.010,,
107580,0.008,0.008,0.009,0.010,0.010,,
107640,0.008,0.009,0.009,0.009,0.010,,
107700,0.008,0.008,0.009,0.010,0.010,,
107760,0.008,0.008,0.009,0.009,0.009,,
107820,0.008,0.009,0.009,0.010,0.010,,
107880,0.008,0.008,0.008,0.009,0.009,,
107940,0.008,0.008,0.009,0.009,0.009,,
108000,0.008,0.008,0.009,0.009,0.010,,
108060,0.008,0.008,0.009,0.010,0.010,,
108120,0.008,0.009,0.009,0.010,0.010,,
108180,0.008,0.008,0.009,0.010,0.010,,
108240,0.008,0.008,0.009,0.010,0.010,,
108300,0.008,0.009,0.009,0.010,0.010,,
108360,0.008,0.008,0.009,0.009,0.009,,
108420,0.008,0.008,0.009,0.009,0.009,,
108480,0.008,0.008,0.008,0.009,0.009,,
108540,0.008,0.008,0.009,0.009,0.009,,
108600,0.008,0.008,0.008,0.009,0.009,,
108660,0.008,0.009,0.009,0.010,0.010,,
108720,0.008,0.008,0.009,0.009,0.009,,
108780,0.008,0.008,0.009,0.009,0.010,,
108840,0.008,0.008,0.009,0.009,0.009,,
108900,0.008,0.008,0.009,0.010,0.010,,
108960,0.007,0.008,0.008,0.008,0.008,,
109020,0.008,0.008,0.009,0.009,0.009,,
109080,0.007,0.008,0.008,0.009,0.009,,
109140,0.008,0.008,0.009,0.009,0.009,,
109200,0.008,0.008,0.009,0.009,0.009,,
109260,0.008,0.008,0.009,0.009,0.009,,
109320,0.008,0.008,0.009,0.009,0.009,,
109380,0.008,0.009,0.009,0.009,0.009,,
109440,0.007,0.008,0.008,0.009,0.009,,
109500,0.008,0.008,0.008,0.009,0.009,,
109560,0.007,0.008,0.008,0.009,0.009,,
109620,0.007,0.008,0.008,0.008,0.008,,
109680,0.007,0.007,0.008,0.008,0.008,,
109740,0.008,0.008,0.008,0.010,0.010,,
109800,0.007,0.008,0.008,0.009,0.009,,
109860,0.008,0.008,0.009,0.009,0.010,,
109920,0.008,0.008,0.008,0.009,0.009,,
109980,0.007,0.008,0.008,0.008,0.008,,
110040,0.007,0.008,0.008,0.009,0.009,,
110100,0.007,0.008,0.008,0.009,0.009,,
110160,0.008,0.008,0.008,0.009,0.009,,
110220,0.008,0.008,0.008,0.009,0.009,,
110280,0.007,0.008,0.008,0.009,0.009,,
110340,0.007,0.007,0.008,0.008,0.008,,
110400,0.007,0.007,0.008,0.008,0.008,,
110460,0.008,0.008,0.008,0.009,0.009,,
110520,0.007,0.007,0.008,0.008,0.008,,
110580,0.007,0.008,0.008,0.009,0.009,,
110640,0.008,0.008,0.009,0.009,0.009,,
110700,0.007,0.007,0.008,0.008,0.008,,
110760,0.007,0.008,0.008,0.009,0.009,,
110820,0.007,0.008,0.008,0.009,0.009,,
110880,0.007,0.008,0.008,0.008,0.009,,
110940,0.007,0.008,0.008,0.008,0.008,,
111000,0.007,0.008,0.008,0.008,0.008,,
111060,0.008,0.008,0.009,0.009,0.009,,
111120,0.007,0.008,0.008,0.009,0.009,,
111180,0.008,0.008,0.009,0.009,0.009,,
111240,0.007,0.007,0.008,0.008,0.008,,
111300,0.007,0.008,0.008,0.009,0.009,,
111360,0.007,0.008,0.008,0.009,0.009,,
111420,0.007,0.007,0.008,0.008,0.008,,
111480,0.007,0.008,0.008,0.009,0.009,,
111540,0.007,0.008,0.008,0.008,0.008,,
111600,0.007,0.008,0.008,0.008,0.009,,
111660,0.007,0.008,0.008,0.009,0.009,,
111720,0.007,0.008,0.008,0.009,0.009,,
111780,0.007,0.008,0.008,0.008,0.008,,
111840,0.008,0.008,0.008,0.009,0.009,,
111900,0.007,0.007,0.008,0.008,0.008,,
111960,0.007,0.007,0.008,0.008,0.009,,
112020,0.007,0.007,0.007,0.008,0.008,,
112080,0.007,0.008,0.008,0.009,0.009,,
112140,0.007,0.007,0.008,0.008,0.008,,
112200,0.008,0.008,0.008,0.009,0.009,,
112260,0.007,0.008,0.008,0.008,0.008,,
112320,0.007,0.007,0.008,0.008,0.008,,
112380,0.007,0.007,0.008,0.008,0.008,,
112440,0.008,0.008,0.009,0.009,0.009,,
112500,0.007,0.007,0.008,0.008,0.008,,
112560,0.007,0.008,0.008,0.008,0.008,,
112620,0.007,0.008,0.008,0.008,0.008,,
112680,0.007,0.008,0.008,0.008,0.008,,
112740,0.007,0.007,0.008,0.008,0.008,,
112800,0.007,0.007,0.008,0.008,0.008,,
112860,0.007,0.007,0.008,0.008,0.008,,
112920,0.007,0.007,0.008,0.008,0.008,,
112980,0.007,0.008,0.008,0.008,0.008,,
113040,0.007,0.007,0.008,0.008,0.008,,
113100,0.007,0.007,0.008,0.008,0.008,,
113160,0.007,0.007,0.008,0.008,0.008,,
113220,0.007,0.008,0.008,0.008,0.008,,
113280,0.007,0.007,0.008,0.008,0.008,,
113340,0.007,0.008,0.008,0.008,0.009,,
113400,0.007,0.007,0.007,0.008,0.008,,
113460,0.007,0.007,0.007,0.008,0.008,,
113520,0.007,0.007,0.007,0.007,0.008,,
113580,0.007,0.008,0.008,0.008,0.009,,
113640,0.007,0.007,0.008,0.008,0.008,,
113700,0.007,0.007,0.008,0.008,0.008,,
113760,0.007,0.008,0.008,0.008,0.008,,
113820,0.007,0.007,0.007,0.008,0.008,,
113880,0.007,0.007,0.008,0.008,0.008,,
113940,0.007,0.008,0.008,0.008,0.008,,
114000,0.007,0.008,0.008,0.009,0.009,,
114060,0.009,0.009,0.010,0.010,0.010,,
114120,0.008,0.008,0.009,0.009,0.009,,
114180,0.008,0.009,0.009,0.010,0.010,,
114240,0.007,0.008,0.008,0.009,0.009,,
114300,0.007,0.008,0.008,0.009,0.009,,
114360,0.007,0.008,0.008,0.008,0.009,,
114420,0.007,0.008,0.008,0.008,0.008,,
114480,0.007,0.008,0.008,0.008,0.008,,
114540,0.009,0.009,0.009,0.010,0.010,,
114600,0.009,0.010,0.010,0.010,0.010,,
114660,0.009,0.009,0.009,0.010,0.010,,
114720,0.008,0.009,0.009,0.009,0.009,,
114780,0.008,0.009,0.009,0.009,0.010,,
114840,0.008,0.009,0.009,0.009,0.009,,
114900,0.009,0.010,0.010,0.010,0.010,,
114960,0.010,0.010,0.010,0.011,0.011,,
115020,0.009,0.010,0.010,0.011,0.011,,
115080,0.009,0.010,0.010,0.010,0.010,,
115140,0.009,0.009,0.009,0.010,0.010,,
115200,0.009,0.009,0.010,0.010,0.010,,
115260,0.009,0.009,0.009,0.010,0.010,,
115320,0.009,0.009,0.010,0.010,0.010,,
115380,0.009,0.009,0.010,0.010,0.010,,
115440,0.009,0.010,0.010,0.010,0.011,,
115500,0.009,0.009,0.009,0.010,0.010,,
115560,0.009,0.010,0.010,0.011,0.011,,
115620,0.009,0.009,0.010,0.010,0.010,,
115680,0.008,0.009,0.009,0.009,0.009,,
115740,0.009,0.009,0.009,0.010,0.010,,
115800,0.008,0.008,0.009,0.009,0.009,,
115860,0.008,0.009,0.009,0.009,0.009,,
115920,0.008,0.008,0.009,0.009,0.009,,
115980,0.009,0.009,0.009,0.010,0.010,,
116040,0.009,0.009,0.010,0.010,0.010,,
116100,0.008,0.009,0.009,0.009,0.009,,
116160,0.008,0.009,0.009,0.009,0.009,,
116220,0.008,0.009,0.009,0.010,0.010,,
116280,0.009,0.009,0.009,0.010,0.010,,
116340,0.009,0.009,0.010,0.010,0.010,,
116400,0.009,0.010,0.010,0.010,0.011,,
116460,0.008,0.009,0.009,0.009,0.009,,
116520,0.009,0.009,0.009,0.010,0.010,,
116580,0.009,0.009,0.009,0.010,0.010,,
116640,0.008,0.008,0.009,0.009,0.009,,
116700,0.008,0.009,0.009,0.009,0.009,,
116760,0.009,0.009,0.009,0.010,0.010,,
116820,0.009,0.009,0.009,0.010,0.010,,
116880,0.009,0.009,0.009,0.010,0.010,,
116940,0.008,0.009,0.009,0.009,0.009,,
117000,0.008,0.008,0.008,0.008,0.008,,
117060,0.008,0.009,0.009,0.009,0.009,,
117120,0.008,0.008,0.009,0.009,0.009,,
117180,0.008,0.009,0.009,0.009,0.009,,
117240,0.009,0.009,0.010,0.010,0.010,,
117300,0.008,0.009,0.009,0.009,0.009,,
117360,0.008,0.009,0.009,0.009,0.010,,
117420,0.009,0.009,0.009,0.010,0.010,,
117480,0.008,0.009,0.009,0.009,0.009,,
117540,0.009,0.009,0.009,0.010,0.010,,
117600,0.008,0.009,0.009,0.009,0.009,,
117660,0.009,0.009,0.009,0.010,0.010,,
117720,0.008,0.009,0.009,0.009,0.009,,
117780,0.009,0.009,0.010,0.010,0.011,,
117840,0.008,0.008,0.009,0.009,0.009,,
117900,0.008,0.009,0.009,0.009,0.009,,
117960,0.008,0.009,0.009,0.010,0.010,,
118020,0.008,0.008,0.008,0.009,0.009,,
118080,0.008,0.009,0.009,0.009,0.009,,
118140,0.009,0.009,0.009,0.010,0.010,,
118200,0.008,0.009,0.009,0.009,0.009,,
118260,0.008,0.009,0.009,0.009,0.009,,
118320,0.009,0.009,0.009,0.010,0.010,,
118380,0.008,0.009,0.009,0.009,0.009,,
118440,0.009,0.010,0.010,0.010,0.010,,
118500,0.009,0.009,0.009,0.010,0.010,,
118560,0.009,0.009,0.010,0.010,0.010,,
118620,0.009,0.009,0.010,0.010,0.010,,
118680,0.008,0.008,0.009,0.009,0.009,,
118740,0.008,0.009,0.009,0.009,0.009,,
118800,0.008,0.008,0.008,0.009,0.009,,
118860,0.008,0.008,0.008,0.008,0.009,,
118920,0.008,0.008,0.008,0.009,0.009,,
118980,0.008,0.008,0.009,0.009,0.009,,
119040,0.008,0.008,0.008,0.009,0.009,,
119100,0.008,0.008,0.008,0.008,0.008,,
119160,0.007,0.008,0.008,0.008,0.008,,
119220,0.008,0.008,0.008,0.008,0.008,,
119280,0.008,0.008,0.008,0.009,0.009,,
119340,0.008,0.008,0.009,0.009,0.009,,
119400,0.008,0.008,0.008,0.009,0.009,,
119460,0.008,0.008,0.008,0.008,0.009,,
119520,0.008,0.008,0.008,0.009,0.009,,
119580,0.008,0.008,0.008,0.009,0.009,,
119640,0.008,0.008,0.008,0.009,0.009,,
119700,0.008,0.008,0.008,0.008,0.008,,
119760,0.008,0.008,0.008,0.008,0.008,,
119820,0.007,0.008,0.008,0.008,0.008,,
119880,0.008,0.008,0.008,0.009,0.009,,
119940,0.008,0.008,0.008,0.009,0.009,,
120000,0.008,0.008,0.008,0.008,0.008,,
120060,0.008,0.008,0.009,0.009,0.009,,
120120,0.008,0.008,0.009,0.009,0.009,,
120180,0.008,0.009,0.009,0.009,0.010,,
120240,0.008,0.009,0.009,0.009,0.009,,
120300,0.008,0.008,0.009,0.009,0.009,,
120360,0.008,0.008,0.009,0.009,0.009,,
120420,0.008,0.009,0.009,0.009,0.009,,
120480,0.009,0.009,0.010,0.010,0.010,,
120540,0.009,0.009,0.010,0.010,0.010,,
120600,0.008,0.009,0.009,0.009,0.009,,
120660,0.009,0.009,0.009,0.009,0.009,,
120720,0.008,0.008,0.009,0.009,0.009,,
120780,0.008,0.008,0.008,0.009,0.009,,
120840,0.008,0.008,0.009,0.009,0.009,,
120900,0.008,0.008,0.008,0.009,0.009,,
120960,0.008,0.008,0.009,0.009,0.009,,
121020,0.008,0.008,0.008,0.008,0.008,,
121080,0.008,0.008,0.008,0.008,0.008,,
121140,0.007,0.008,0.008,0.008,0.008,,
121200,0.008,0.008,0.008,0.009,0.009,,
121260,0.008,0.008,0.008,0.009,0.009,,
121320,0.007,0.008,0.008,0.008,0.008,,
121380,0.008,0.008,0.008,0.008,0.008,,
121440,0.008,0.008,0.008,0.008,0.008,,
121500,0.008,0.008,0.008,0.009,0.009,,
121560,0.007,0.008,0.008,0.008,0.008,,
121620,0.008,0.008,0.008,0.009,0.009,,
121680,0.008,0.008,0.008,0.008,0.008,,
121740,0.007,0.008,0.008,0.008,0.008,,
121800,0.008,0.008,0.008,0.009,0.009,,
121860,0.007,0.008,0.008,0.008,0.009,,
121920,0.007,0.007,0.008,0.008,0.008,,
121980,0.007,0.008,0.008,0.008,0.008,,
122040,0.008,0.008,0.008,0.008,0.008,,
122100,0.008,0.008,0.008,0.009,0.009,,
122160,0.008,0.008,0.008,0.008,0.008,,
122220,0.008,0.008,0.008,0.008,0.008,,
122280,0.007,0.008,0.008,0.008,0.008,,
122340,0.008,0.008,0.008,0.008,0.008,,
122400,0.008,0.008,0.008,0.009,0.009,,
122460,0.007,0.007,0.008,0.008,0.008,,
122520,0.008,0.008,0.008,0.008,0.008,,
122580,0.008,0.008,0.009,0.009,0.009,,
122640,0.007,0.008,0.008,0.008,0.008,,
122700,0.008,0.008,0.008,0.009,0.009,,
122760,0.007,0.008,0.008,0.008,0.008,,
122820,0.008,0.008,0.008,0.008,0.008,,
122880,0.007,0.008,0.008,0.008,0.008,,
122940,0.008,0.008,0.008,0.009,0.009,,
123000,0.007,0.008,0.008,0.008,0.008,,
123060,0.008,0.008,0.008,0.008,0.008,,
123120,0.007,0.008,0.008,0.008,0.008,,
123180,0.007,0.008,0.008,0.008,0.008,,
123240,0.007,0.007,0.008,0.008,0.008,,
123300,0.007,0.008,0.008,0.008,0.008,,
123360,0.007,0.008,0.008,0.008,0.008,,
123420,0.007,0.008,0.008,0.008,0.008,,
123480,0.007,0.007,0.008,0.008,0.008,,
123540,0.007,0.007,0.008,0.008,0.008,,
123600,0.007,0.008,0.008,0.008,0.008,,
123660,0.007,0.008,0.008,0.008,0.008,,
123720,0.007,0.008,0.008,0.008,0.008,,
123780,0.007,0.008,0.008,0.008,0.008,,
123840,0.007,0.007,0.008,0.008,0.008,,
123900,0.007,0.008,0.008,0.008,0.008,,
123960,0.007,0.008,0.008,0.008,0.008,,
124020,0.007,0.008,0.008,0.008,0.008,,
124080,0.007,0.008,0.008,0.008,0.008,,
124140,0.007,0.007,0.007,0.008,0.008,,
124200,0.007,0.007,0.008,0.008,0.008,,
124260,0.007,0.007,0.007,0.008,0.008,,
124320,0.007,0.007,0.007,0.008,0.008,,
124380,0.007,0.008,0.008,0.008,0.008,,
124440,0.007,0.008,0.008,0.008,0.008,,
124500,0.007,0.008,0.008,0.008,0.008,,
124560,0.007,0.008,0.008,0.008,0.008,,
124620,0.007,0.008,0.008,0.008,0.008,,
124680,0.007,0.007,0.008,0.008,0.008,,
124740,0.007,0.007,0.008,0.008,0.008,,
124800,0.007,0.007,0.008,0.008,0.008,,
124860,0.007,0.007,0.008,0.008,0.008,,
124920,0.007,0.007,0.008,0.008,0.008,,
124980,0.007,0.008,0.008,0.008,0.008,,
125040,0.007,0.008,0.008,0.008,0.008,,
125100,0.007,0.007,0.008,0.008,0.008,,
125160,0.008,0.008,0.008,0.008,0.008,,
125220,0.007,0.008,0.008,0.008,0.008,,
125280,0.007,0.007,0.008,0.008,0.008,,
125340,0.007,0.007,0.008,0.008,0.008,,
125400,0.007,0.007,0.007,0.008,0.008,,
125460,0.007,0.007,0.008,0.008,0.008,,
125520,0.007,0.007,0.008,0.008,0.008,,
125580,0.007,0.007,0.008,0.008,0.008,,
125640,0.007,0.008,0.008,0.008,0.008,,
125700,0.007,0.007,0.008,0.008,0.008,,
125760,0.007,0.007,0.008,0.008,0.008,,
125820,0.007,0.008,0.008,0.008,0.008,,
125880,0.007,0.007,0.008,0.008,0.008,,
125940,0.007,0.007,0.008,0.008,0.008,,
126000,0.007,0.007,0.008,0.008,0.008,,
126060,0.007,0.007,0.007,0.007,0.007,,
126120,0.007,0.007,0.008,0.008,0.008,,
126180,0.007,0.007,0.008,0.008,0.008,,
126240,0.007,0.007,0.008,0.008,0.008,,
126300,0.007,0.007,0.007,0.008,0.008,,
126360,0.007,0.007,0.007,0.008,0.008,,
126420,0.007,0.007,0.008,0.008,0.008,,
126480,0.007,0.007,0.008,0.008,0.008,,
126540,0.007,0.007,0.008,0.008,0.008,,
126600,0.007,0.007,0.008,0.008,0.008,,
126660,0.007,0.007,0.007,0.008,0.008,,
126720,0.007,0.007,0.007,0.008,0.008,,
126780,0.007,0.007,0.007,0.007,0.007,,
126840,0.007,0.007,0.007,0.008,0.008,,
126900,0.007,0.007,0.008,0.008,0.008,,
126960,0.007,0.007,0.007,0.007,0.007,,
127020,0.007,0.007,0.007,0.007,0.007,,
127080,0.007,0.007,0.008,0.008,0.008,,
127140,0.007,0.007,0.008,0.008,0.008,,
127200,0.007,0.007,0.007,0.008,0.008,,
127260,0.007,0.007,0.007,0.008,0.008,,
127320,0.007,0.007,0.007,0.007,0.007,,
127380,0.007,0.007,0.007,0.007,0.007,,
127440,0.007,0.007,0.007,0.008,0.008,,
127500,0.007,0.008,0.008,0.008,0.008,,
127560,0.007,0.007,0.008,0.008,0.008,,
127620,0.007,0.007,0.007,0.007,0.007,,
127680,0.007,0.007,0.007,0.007,0.007,,
127740,0.007,0.007,0.007,0.007,0.007,,
127800,0.007,0.007,0.007,0.007,0.007,,
127860,0.007,0.007,0.007,0.007,0.007,,
127920,0.007,0.007,0.007,0.008,0.008,,
127980,0.007,0.008,0.008,0.008,0.008,,
128040,0.007,0.007,0.007,0.007,0.007,,
128100,0.007,0.007,0.007,0.007,0.007,,
128160,0.007,0.007,0.007,0.007,0.007,,
128220,0.007,0.007,0.007,0.007,0.007,,
128280,0.007,0.007,0.007,0.007,0.007,,
128340,0.007,0.007,0.007,0.007,0.008,,
128400,0.007,0.007,0.007,0.007,0.007,,
128460,0.007,0.007,0.007,0.007,0.007,,
128520,0.007,0.007,0.007,0.007,0.007,,
128580,0.007,0.007,0.007,0.007,0.007,,
128640,0.007,0.007,0.007,0.007,0.007,,
128700,0.007,0.007,0.007,0.007,0.007,,
128760,0.007,0.007,0.007,0.007,0.007,,
128820,0.006,0.007,0.007,0.007,0.007,,
128880,0.007,0.007,0.007,0.007,0.007,,
128940,0.007,0.007,0.007,0.007,0.007,,
129000,0.007,0.007,0.007,0.007,0.008,,
129060,0.006,0.007,0.007,0.007,0.007,,
129120,0.013,0.013,0.013,0.014,0.014,,
129180,0.007,0.007,0.007,0.008,0.008,,
129240,0.007,0.007,0.007,0.007,0.007,,
129300,0.007,0.007,0.007,0.008,0.008,,
129360,0.007,0.007,0.007,0.007,0.007,,
129420,0.007,0.007,0.007,0.007,0.007,,
129480,0.007,0.007,0.007,0.008,0.008,,
129540,0.007,0.007,0.007,0.008,0.008,,
129600,0.007,0.007,0.007,0.007,0.007,,
129660,0.007,0.007,0.007,0.007,0.007,,
129720,0.006,0.007,0.007,0.007,0.007,,
129780,0.006,0.007,0.007,0.007,0.007,,
129840,0.006,0.007,0.007,0.007,0.007,,
129900,0.007,0.007,0.007,0.008,0.008,,
129960,0.007,0.007,0.007,0.007,0.007,,
130020,0.007,0.007,0.007,0.007,0.007,,
130080,0.007,0.007,0.007,0.007,0.007,,
130140,0.007,0.007,0.007,0.007,0.007,,
130200,0.007,0.007,0.007,0.007,0.007,,
130260,0.007,0.007,0.007,0.008,0.008,,
130320,0.006,0.007,0.007,0.007,0.007,,
130380,0.006,0.007,0.007,0.007,0.007,,
130440,0.006,0.007,0.007,0.007,0.007,,
130500,0.006,0.006,0.007,0.007,0.007,,
130560,0.006,0.007,0.007,0.007,0.007,,
130620,0.006,0.007,0.007,0.007,0.007,,
130680,0.006,0.006,0.007,0.007,0.007,,
130740,0.006,0.006,0.007,0.007,0.007,,
130800,0.006,0.007,0.007,0.007,0.007,,
130860,0.006,0.007,0.007,0.007,0.007,,
130920,0.006,0.006,0.007,0.007,0.007,,
130980,0.006,0.006,0.007,0.007,0.007,,
131040,0.006,0.007,0.007,0.007,0.007,,
131100,0.006,0.006,0.007,0.007,0.007,,
131160,0.006,0.007,0.007,0.007,0.007,,
131220,0.006,0.007,0.007,0.007,0.007,,
131280,0.006,0.007,0.007,0.007,0.007,,
131340,0.006,0.007,0.007,0.007,0.007,,
131400,0.006,0.006,0.007,0.007,0.007,,
131460,0.006,0.006,0.007,0.007,0.007,,
131520,0.006,0.006,0.007,0.007,0.007,,
131580,0.006,0.006,0.006,0.007,0.007,,
131640,0.006,0.007,0.007,0.007,0.007,,
131700,0.006,0.006,0.006,0.006,0.006,,
131760,0.006,0.007,0.007,0.007,0.007,,
131820,0.006,0.006,0.006,0.007,0.007,,
131880,0.006,0.007,0.007,0.007,0.007,,
131940,0.006,0.007,0.007,0.007,0.007,,
132000,0.006,0.006,0.006,0.007,0.007,,
132060,0.006,0.006,0.006,0.007,0.007,,
132120,0.006,0.006,0.007,0.007,0.007,,
132180,0.006,0.007,0.007,0.007,0.007,,
132240,0.006,0.007,0.007,0.007,0.007,,
132300,0.006,0.006,0.006,0.006,0.006,,
132360,0.006,0.006,0.006,0.006,0.006,,
132420,0.006,0.006,0.007,0.007,0.007,,
132480,0.006,0.006,0.007,0.007,0.007,,
132540,0.006,0.006,0.006,0.007,0.007,,
132600,0.006,0.006,0.006,0.006,0.006,,
132660,0.006,0.006,0.007,0.007,0.007,,
132720,0.006,0.007,0.007,0.007,0.007,,
132780,0.006,0.006,0.007,0.007,0.007,,
132840,0.006,0.006,0.006,0.006,0.006,,
132900,0.006,0.007,0.007,0.007,0.007,,
132960,0.006,0.006,0.006,0.007,0.007,,
133020,0.007,0.007,0.007,0.007,0.008,,
133080,0.006,0.006,0.006,0.007,0.007,,
133140,0.006,0.006,0.007,0.007,0.007,,
133200,0.006,0.006,0.007,0.007,0.007,,
133260,0.006,0.006,0.006,0.007,0.007,,
133320,0.006,0.006,0.007,0.007,0.007,,
133380,0.006,0.007,0.007,0.007,0.008,,
133440,0.006,0.007,0.007,0.007,0.007,,
133500,0.006,0.006,0.007,0.007,0.007,,
133560,0.006,0.006,0.006,0.007,0.007,,
133620,0.006,0.006,0.006,0.007,0.007,,
133680,0.006,0.007,0.007,0.007,0.007,,
133740,0.006,0.007,0.007,0.007,0.007,,
133800,0.006,0.006,0.007,0.007,0.007,,
133860,0.006,0.006,0.007,0.007,0.007,,
133920,0.006,0.007,0.007,0.007,0.007,,
133980,0.006,0.006,0.007,0.007,0.007,,
134040,0.006,0.006,0.007,0.007,0.007,,
134100,0.006,0.007,0.007,0.008,0.008,,
134160,0.006,0.006,0.006,0.007,0.007,,
134220,0.006,0.006,0.006,0.007,0.007,,
134280,0.006,0.006,0.006,0.007,0.007,,
134340,0.006,0.006,0.006,0.007,0.007,,
134400,0.006,0.006,0.006,0.007,0.007,,
134460,0.006,0.006,0.007,0.007,0.007,,
134520,0.006,0.006,0.006,0.006,0.006,,
134580,0.006,0.006,0.007,0.007,0.007,,
134640,0.006,0.006,0.007,0.007,0.007,,
134700,0.006,0.006,0.006,0.006,0.006,,
134760,0.006,0.006,0.007,0.007,0.007,,
134820,0.006,0.006,0.006,0.006,0.006,,
134880,0.006,0.006,0.006,0.007,0.007,,
134940,0.006,0.006,0.007,0.007,0.007,,
135000,0.006,0.006,0.006,0.007,0.007,,
135060,0.006,0.007,0.007,0.007,0.007,,
135120,0.006,0.006,0.007,0.007,0.007,,
135180,0.006,0.006,0.007,0.007,0.007,,
135240,0.006,0.006,0.007,0.007,0.007,,
135300,0.006,0.006,0.007,0.007,0.007,,
135360,0.006,0.006,0.007,0.007,0.007,,
135420,0.007,0.007,0.008,0.008,0.009,,
135480,0.006,0.006,0.006,0.007,0.007,,
135540,0.006,0.006,0.006,0.007,0.007,,
135600,0.006,0.006,0.007,0.007,0.007,,
135660,0.006,0.006,0.007,0.007,0.007,,
135720,0.006,0.006,0.007,0.007,0.007,,
135780,0.006,0.006,0.007,0.007,0.007,,
135840,0.006,0.006,0.007,0.007,0.007,,
135900,0.006,0.006,0.006,0.006,0.006,,
135960,0.006,0.006,0.007,0.007,0.007,,
136020,0.006,0.006,0.007,0.007,0.007,,
136080,0.006,0.007,0.007,0.008,0.008,,
136140,0.006,0.006,0.007,0.007,0.007,,
136200,0.006,0.006,0.006,0.007,0.007,,
136260,0.006,0.006,0.007,0.007,0.007,,
136320,0.006,0.006,0.007,0.007,0.007,,
136380,0.006,0.007,0.007,0.007,0.007,,
136440,0.006,0.006,0.007,0.007,0.007,,
136500,0.006,0.006,0.007,0.007,0.007,,
136560,0.006,0.006,0.007,0.007,0.007,,
136620,0.006,0.006,0.007,0.007,0.007,,
136680,0.006,0.006,0.007,0.007,0.007,,
136740,0.006,0.007,0.007,0.007,0.007,,
136800,0.006,0.006,0.006,0.007,0.007,,
136860,0.006,0.006,0.006,0.007,0.007,,
136920,0.006,0.006,0.006,0.006,0.006,,
136980,0.006,0.006,0.007,0.007,0.007,,
137040,0.006,0.006,0.007,0.007,0.007,,
137100,0.006,0.006,0.007,0.007,0.007,,
137160,0.006,0.006,0.006,0.007,0.007,,
137220,0.006,0.006,0.007,0.007,0.007,,
137280,0.006,0.006,0.006,0.007,0.007,,
137340,0.006,0.006,0.007,0.007,0.007,,
137400,0.006,0.006,0.006,0.007,0.007,,
137460,0.006,0.006,0.006,0.007,0.007,,
137520,0.006,0.006,0.007,0.007,0.007,,
137580,0.006,0.006,0.006,0.007,0.007,,
137640,0.006,0.006,0.006,0.007,0.007,,
137700,0.006,0.006,0.006,0.006,0.006,,
137760,0.006,0.006,0.006,0.007,0.007,,
137820,0.006,0.006,0.006,0.007,0.007,,
137880,0.006,0.006,0.006,0.006,0.006,,
137940,0.006,0.006,0.006,0.006,0.006,,
138000,0.006,0.006,0.006,0.006,0.006,,
138060,0.006,0.006,0.006,0.007,0.007,,
138120,0.006,0.006,0.006,0.007,0.007,,
138180,0.006,0.006,0.006,0.007,0.007,,
138240,0.006,0.006,0.006,0.007,0.007,,
138300,0.006,0.006,0.007,0.007,0.007,,
138360,0.006,0.006,0.007,0.007,0.007,,
138420,0.006,0.006,0.006,0.007,0.007,,
138480,0.006,0.006,0.006,0.006,0.006,,
138540,0.006,0.006,0.006,0.007,0.007,,
138600,0.006,0.006,0.007,0.007,0.007,,
138660,0.006,0.006,0.006,0.006,0.006,,
138720,0.006,0.006,0.007,0.007,0.007,,
138780,0.006,0.006,0.006,0.006,0.006,,
138840,0.006,0.006,0.006,0.006,0.006,,
138900,0.006,0.006,0.006,0.006,0.006,,
138960,0.006,0.006,0.006,0.006,0.006,,
139020,0.006,0.006,0.006,0.006,0.006,,
139080,0.006,0.006,0.007,0.007,0.007,,
139140,0.006,0.006,0.006,0.006,0.006,,
139200,0.006,0.006,0.006,0.006,0.006,,
139260,0.006,0.006,0.007,0.007,0.007,,
139320,0.006,0.006,0.007,0.007,0.007,,
139380,0.006,0.007,0.007,0.008,0.008,,
139440,0.006,0.006,0.007,0.007,0.007,,
139500,0.006,0.006,0.007,0.007,0.007,,
139560,0.006,0.006,0.006,0.007,0.007,,
139620,0.006,0.006,0.006,0.006,0.006,,
139680,0.006,0.007,0.007,0.008,0.008,,
139740,0.007,0.007,0.008,0.008,0.009,,
139800,0.007,0.007,0.008,0.009,0.009,,
139860,0.007,0.007,0.008,0.008,0.008,,
139920,0.006,0.007,0.007,0.008,0.008,,
139980,0.007,0.007,0.008,0.009,0.009,,
140040,0.007,0.008,0.008,0.009,0.009,,
140100,0.007,0.007,0.008,0.009,0.010,,
140160,0.007,0.007,0.008,0.009,0.009,,
140220,0.007,0.008,0.009,0.009,0.010,,
140280,0.007,0.007,0.008,0.008,0.008,,
140340,0.007,0.007,0.008,0.009,0.009,,
140400,0.006,0.007,0.007,0.008,0.008,,
140460,0.007,0.008,0.009,0.010,0.010,,
140520,0.007,0.008,0.009,0.010,0.010,,
140580,0.007,0.008,0.008,0.009,0.009,,
140640,0.008,0.008,0.009,0.011,0.011,,
140700,0.008,0.009,0.010,0.011,0.012,,
140760,0.007,0.008,0.008,0.009,0.010,,
140820,0.007,0.007,0.008,0.008,0.009,,
140880,0.007,0.008,0.008,0.010,0.010,,
140940,0.008,0.008,0.009,0.010,0.011,,
141000,0.007,0.008,0.009,0.010,0.011,,
141060,0.008,0.008,0.010,0.010,0.011,,
141120,0.008,0.008,0.010,0.011,0.011,,
141180,0.007,0.008,0.009,0.010,0.010,,
141240,0.007,0.008,0.009,0.010,0.010,,
141300,0.007,0.008,0.009,0.009,0.010,,
141360,0.008,0.008,0.009,0.011,0.011,,
141420,0.008,0.008,0.009,0.010,0.011,,
141480,0.007,0.008,0.009,0.011,0.011,,
141540,0.007,0.008,0.009,0.010,0.010,,
141600,0.008,0.008,0.009,0.010,0.012,,
141660,0.008,0.009,0.010,0.011,0.013,,
141720,0.008,0.009,0.009,0.011,0.011,,
141780,0.007,0.007,0.008,0.009,0.010,,
141840,0.007,0.007,0.008,0.009,0.010,,
141900,0.007,0.008,0.008,0.009,0.010,,
141960,0.007,0.008,0.009,0.010,0.011,,
142020,0.007,0.008,0.009,0.010,0.011,,
142080,0.007,0.008,0.009,0.010,0.010,,
142140,0.007,0.008,0.009,0.010,0.010,,
142200,0.010,0.010,0.011,0.013,0.018,,
142260,0.008,0.009,0.010,0.011,0.013,,
142320,0.009,0.009,0.010,0.012,0.016,,
142380,0.011,0.011,0.012,0.015,0.023,,
142440,0.010,0.011,0.012,0.014,0.023,,
142500,0.012,0.012,0.014,0.018,0.026,,
142560,0.016,0.016,0.018,0.025,0.039,,
142620,0.015,0.016,0.018,0.025,0.037,,
142680,0.022,0.023,0.025,0.033,0.055,,
142740,0.024,0.025,0.027,0.034,0.059,,
142800,0.023,0.024,0.026,0.034,0.058,,
142860,0.023,0.024,0.026,0.036,0.058,,
142920,0.024,0.025,0.028,0.038,0.063,,
142980,0.022,0.023,0.025,0.035,0.055,,
143040,0.026,0.027,0.029,0.041,0.062,,
143100,0.026,0.027,0.030,0.044,0.067,,
143160,0.033,0.034,0.037,0.053,0.094,,
143220,0.034,0.035,0.038,0.053,0.084,,
143280,0.032,0.034,0.037,0.054,0.091,,
143340,0.038,0.040,0.043,0.065,0.108,,
143400,0.045,0.047,0.050,0.069,0.113,,
143460,0.039,0.040,0.043,0.061,0.098,,
143520,0.039,0.041,0.044,0.063,0.100,,
143580,0.039,0.041,0.044,0.064,0.103,,
143640,0.037,0.038,0.042,0.061,0.100,,
143700,0.039,0.041,0.045,0.064,0.098,,
143760,0.037,0.038,0.042,0.061,0.096,,
143820,0.035,0.037,0.041,0.060,0.095,,
143880,0.035,0.037,0.040,0.058,0.093,,
143940,0.031,0.033,0.037,0.054,0.083,,
144000,0.032,0.034,0.038,0.056,0.081,,
144060,0.036,0.037,0.041,0.057,0.094,,
144120,0.028,0.030,0.033,0.049,0.074,,
144180,0.030,0.032,0.036,0.051,0.082,,
144240,0.031,0.033,0.037,0.053,0.083,,
144300,0.031,0.033,0.037,0.053,0.080,,
144360,0.031,0.033,0.037,0.053,0.086,,
144420,0.031,0.033,0.037,0.053,0.079,,
144480,0.034,0.036,0.040,0.056,0.084,,
144540,0.029,0.031,0.035,0.051,0.078,,
144600,0.032,0.034,0.038,0.053,0.077,,
144660,0.030,0.032,0.036,0.050,0.080,,
144720,0.028,0.030,0.034,0.047,0.069,,
144780,0.027,0.029,0.033,0.046,0.062,,
144840,0.032,0.034,0.038,0.050,0.076,,
144900,0.033,0.035,0.039,0.052,0.076,,
144960,0.028,0.030,0.034,0.048,0.070,,
145020,0.029,0.031,0.035,0.046,0.068,,
145080,0.032,0.034,0.038,0.051,0.075,,
145140,0.031,0.033,0.037,0.051,0.076,,
145200,0.030,0.032,0.036,0.049,0.074,,
145260,0.031,0.034,0.037,0.051,0.080,,
145320,0.036,0.038,0.042,0.056,0.084,,
145380,0.033,0.036,0.040,0.054,0.083,,
145440,0.032,0.034,0.038,0.053,0.077,,
145500,0.034,0.037,0.041,0.055,0.085,,
145560,0.035,0.037,0.041,0.055,0.087,,
145620,0.027,0.029,0.033,0.044,0.062,,
145680,0.031,0.034,0.038,0.050,0.077,,
145740,0.031,0.034,0.037,0.050,0.077,,
145800,0.027,0.030,0.033,0.045,0.068,,
145860,0.026,0.028,0.032,0.043,0.063,,
145920,0.027,0.030,0.033,0.046,0.064,,
145980,0.029,0.031,0.035,0.049,0.067,,
146040,0.027,0.029,0.032,0.043,0.065,,
146100,0.027,0.029,0.033,0.044,0.065,,
146160,0.025,0.027,0.031,0.044,0.061,,
146220,0.028,0.030,0.034,0.045,0.069,,
146280,0.026,0.028,0.032,0.043,0.060,,
146340,0.028,0.030,0.034,0.045,0.064,,
146400,0.027,0.029,0.033,0.046,0.062,,
146460,0.027,0.029,0.033,0.043,0.064,,
146520,0.030,0.032,0.036,0.048,0.069,,
146580,0.024,0.027,0.031,0.041,0.060,,
146640,0.029,0.032,0.035,0.046,0.069,,
146700,0.026,0.029,0.032,0.043,0.062,,
146760,0.030,0.032,0.036,0.047,0.071,,
146820,0.034,0.037,0.040,0.052,0.082,,
146880,0.028,0.030,0.034,0.045,0.070,,
146940,0.028,0.030,0.034,0.045,0.069,,
147000,0.029,0.031,0.035,0.048,0.066,,
147060,0.027,0.029,0.033,0.043,0.066,,
147120,0.026,0.028,0.031,0.042,0.062,,
147180,0.030,0.032,0.036,0.047,0.070,,
147240,0.026,0.028,0.032,0.041,0.060,,
147300,0.029,0.031,0.034,0.044,0.067,,
147360,0.026,0.028,0.032,0.043,0.056,,
147420,0.025,0.027,0.031,0.041,0.057,,
147480,0.025,0.028,0.031,0.043,0.058,,
147540,0.027,0.029,0.033,0.042,0.055,,
147600,0.027,0.030,0.033,0.045,0.063,,
147660,0.022,0.025,0.028,0.038,0.049,,
147720,0.023,0.025,0.029,0.038,0.050,,
147780,0.021,0.024,0.027,0.037,0.049,,
147840,0.022,0.024,0.028,0.036,0.050,,
147900,0.019,0.021,0.025,0.034,0.041,,
147960,0.021,0.023,0.027,0.037,0.046,,
148020,0.021,0.023,0.027,0.034,0.043,,
148080,0.021,0.023,0.026,0.034,0.043,,
148140,0.021,0.024,0.027,0.037,0.045,,
148200,0.024,0.026,0.030,0.038,0.046,,
148260,0.018,0.021,0.024,0.030,0.036,,
148320,0.021,0.024,0.028,0.036,0.045,,
148380,0.021,0.024,0.027,0.035,0.041,,
148440,0.020,0.022,0.026,0.034,0.041,,
148500,0.022,0.024,0.028,0.035,0.041,,
148560,0.020,0.022,0.026,0.032,0.039,,
148620,0.026,0.029,0.032,0.039,0.047,,
148680,0.019,0.021,0.024,0.030,0.036,,
148740,0.020,0.022,0.026,0.031,0.038,,
148800,0.020,0.023,0.026,0.033,0.037,,
148860,0.021,0.023,0.027,0.035,0.043,,
148920,0.022,0.025,0.029,0.036,0.043,,
148980,0.020,0.022,0.026,0.034,0.041,,
149040,0.022,0.025,0.029,0.038,0.048,,
149100,0.026,0.028,0.032,0.043,0.059,,
149160,0.030,0.032,0.036,0.047,0.063,,
149220,0.026,0.029,0.033,0.042,0.052,,
149280,0.029,0.032,0.036,0.048,0.065,,
149340,0.030,0.033,0.037,0.048,0.069,,
149400,0.033,0.036,0.040,0.052,0.077,,
149460,0.027,0.029,0.034,0.044,0.058,,
149520,0.031,0.034,0.038,0.051,0.071,,
149580,0.030,0.033,0.037,0.047,0.065,,
149640,0.032,0.034,0.039,0.050,0.069,,
149700,0.035,0.038,0.043,0.055,0.085,,
149760,0.034,0.037,0.042,0.054,0.082,,
149820,0.032,0.035,0.040,0.049,0.073,,
149880,0.035,0.037,0.042,0.054,0.083,,
149940,0.031,0.034,0.039,0.050,0.076,,
150000,0.035,0.038,0.043,0.055,0.073,,
150060,0.035,0.038,0.042,0.057,0.085,,
150120,0.032,0.035,0.039,0.050,0.071,,
150180,0.034,0.037,0.042,0.053,0.078,,
150240,0.035,0.038,0.043,0.054,0.076,,
150300,0.031,0.034,0.039,0.051,0.071,,
150360,0.032,0.035,0.040,0.052,0.072,,
150420,0.036,0.038,0.043,0.058,0.075,,
150480,0.033,0.035,0.040,0.052,0.071,,
150540,0.033,0.036,0.040,0.053,0.075,,
150600,0.032,0.035,0.039,0.050,0.071,,
150660,0.034,0.037,0.042,0.055,0.078,,
150720,0.035,0.038,0.042,0.055,0.078,,
150780,0.038,0.041,0.045,0.060,0.085,,
150840,0.038,0.041,0.046,0.060,0.081,,
150900,0.038,0.041,0.046,0.060,0.085,,
150960,0.036,0.040,0.045,0.058,0.085,,
151020,0.036,0.039,0.044,0.059,0.087,,
151080,0.036,0.039,0.045,0.058,0.087,,
151140,0.038,0.041,0.047,0.061,0.090,,
151200,0.037,0.040,0.045,0.060,0.081,,
151260,0.034,0.037,0.042,0.053,0.072,,
151320,0.039,0.042,0.048,0.060,0.092,,
151380,0.038,0.041,0.046,0.058,0.080,,
151440,0.036,0.039,0.044,0.056,0.081,,
151500,0.035,0.038,0.043,0.057,0.077,,
151560,0.038,0.041,0.046,0.060,0.088,,
151620,0.041,0.045,0.050,0.064,0.090,,
151680,0.040,0.043,0.049,0.064,0.097,,
151740,0.041,0.045,0.050,0.066,0.102,,
151800,0.044,0.047,0.052,0.065,0.092,,
151860,0.039,0.043,0.048,0.067,0.095,,
151920,0.035,0.038,0.043,0.058,0.082,,
151980,0.046,0.050,0.056,0.074,0.105,,
152040,0.038,0.041,0.047,0.062,0.095,,
152100,0.044,0.048,0.054,0.072,0.099,,
152160,0.042,0.045,0.051,0.068,0.096,,
152220,0.043,0.046,0.052,0.067,0.103,,
152280,0.052,0.055,0.061,0.081,0.113,,
152340,0.045,0.049,0.055,0.070,0.104,,
152400,0.041,0.044,0.050,0.067,0.103,,
152460,0.037,0.041,0.047,0.061,0.085,,
152520,0.036,0.039,0.045,0.061,0.088,,
152580,0.043,0.046,0.053,0.067,0.094,,
152640,0.042,0.045,0.051,0.066,0.095,,
152700,0.039,0.043,0.049,0.064,0.090,,
152760,0.042,0.046,0.051,0.066,0.094,,
152820,0.041,0.044,0.050,0.064,0.089,,
152880,0.037,0.040,0.046,0.060,0.086,,
152940,0.041,0.044,0.050,0.065,0.088,,
153000,0.040,0.044,0.050,0.066,0.093,,
153060,0.039,0.043,0.048,0.063,0.088,,
153120,0.040,0.044,0.050,0.065,0.092,,
153180,0.042,0.045,0.051,0.065,0.087,,
153240,0.041,0.045,0.051,0.068,0.097,,
153300,0.040,0.044,0.050,0.065,0.089,,
153360,0.042,0.046,0.052,0.067,0.093,,
153420,0.037,0.041,0.046,0.064,0.087,,
153480,0.039,0.043,0.049,0.062,0.088,,
153540,0.043,0.047,0.053,0.070,0.102,,
153600,0.041,0.044,0.050,0.067,0.094,,
153660,0.044,0.048,0.054,0.071,0.094,,
153720,0.042,0.045,0.051,0.067,0.096,,
153780,0.046,0.049,0.056,0.071,0.105,,
153840,0.046,0.049,0.056,0.073,0.106,,
153900,0.044,0.048,0.054,0.071,0.103,,
153960,0.038,0.042,0.048,0.065,0.091,,
154020,0.038,0.042,0.048,0.063,0.090,,
154080,0.040,0.044,0.050,0.067,0.092,,
154140,0.038,0.042,0.047,0.064,0.088,,
154200,0.038,0.041,0.047,0.063,0.088,,
154260,0.038,0.041,0.047,0.061,0.083,,
154320,0.036,0.039,0.045,0.062,0.079,,
154380,0.041,0.044,0.050,0.063,0.088,,
154440,0.041,0.045,0.051,0.063,0.091,,
154500,0.038,0.042,0.048,0.062,0.082,,
154560,0.043,0.046,0.052,0.066,0.090,,
154620,0.035,0.039,0.045,0.060,0.078,,
154680,0.037,0.040,0.046,0.061,0.078,,
154740,0.036,0.040,0.046,0.059,0.078,,
154800,0.040,0.044,0.050,0.066,0.089,,
154860,0.045,0.049,0.055,0.068,0.094,,
154920,0.038,0.042,0.047,0.062,0.080,,
154980,0.041,0.045,0.050,0.064,0.090,,
155040,0.042,0.046,0.051,0.066,0.091,,
155100,0.044,0.047,0.053,0.067,0.094,,
155160,0.042,0.045,0.051,0.064,0.086,,
155220,0.041,0.045,0.050,0.065,0.085,,
155280,0.043,0.047,0.053,0.069,0.091,,
155340,0.046,0.050,0.056,0.074,0.100,,
155400,0.049,0.053,0.059,0.076,0.108,,
155460,0.048,0.051,0.058,0.073,0.101,,
155520,0.047,0.050,0.057,0.073,0.097,,
155580,0.046,0.050,0.057,0.073,0.099,,
155640,0.054,0.058,0.065,0.083,0.113,,
155700,0.052,0.056,0.063,0.077,0.106,,
155760,0.051,0.055,0.060,0.076,0.101,,
155820,0.048,0.052,0.058,0.072,0.093,,
155880,0.043,0.047,0.053,0.066,0.084,,
155940,0.041,0.045,0.050,0.063,0.078,,
156000,0.043,0.047,0.053,0.068,0.085,,
156060,0.042,0.046,0.051,0.064,0.079,,
156120,0.043,0.046,0.052,0.066,0.083,,
156180,0.043,0.047,0.053,0.065,0.084,,
156240,0.043,0.047,0.052,0.062,0.081,,
156300,0.042,0.045,0.051,0.062,0.073,,
156360,0.039,0.043,0.048,0.060,0.070,,
156420,0.041,0.045,0.050,0.061,0.073,,
156480,0.041,0.045,0.051,0.062,0.074,,
156540,0.040,0.044,0.050,0.062,0.071,,
156600,0.044,0.048,0.054,0.066,0.078,,
156660,0.042,0.046,0.051,0.063,0.075,,
156720,0.043,0.047,0.053,0.063,0.075,,
156780,0.041,0.044,0.050,0.060,0.067,,
156840,0.040,0.043,0.049,0.058,0.066,,
156900,0.041,0.045,0.050,0.062,0.068,,
156960,0.042,0.045,0.051,0.062,0.070,,
157020,0.042,0.046,0.051,0.061,0.068,,
157080,0.040,0.044,0.049,0.059,0.066,,
157140,0.042,0.046,0.051,0.061,0.067,,
157200,0.041,0.045,0.050,0.060,0.065,,
157260,0.037,0.041,0.046,0.055,0.061,,
157320,0.037,0.041,0.046,0.056,0.062,,
157380,0.039,0.043,0.048,0.058,0.064,,
157440,0.038,0.042,0.047,0.057,0.062,,
157500,0.038,0.042,0.047,0.057,0.062,,
157560,0.039,0.042,0.048,0.059,0.065,,
157620,0.036,0.040,0.046,0.053,0.058,,
157680,0.037,0.040,0.046,0.054,0.060,,
157740,0.036,0.040,0.046,0.055,0.059,,
157800,0.037,0.041,0.046,0.054,0.060,,
157860,0.036,0.040,0.045,0.054,0.058,,
157920,0.035,0.039,0.044,0.050,0.054,,
157980,0.035,0.039,0.044,0.053,0.056,,
158040,0.035,0.039,0.044,0.052,0.055,,
158100,0.035,0.038,0.044,0.051,0.053,,
158160,0.035,0.039,0.044,0.052,0.054,,
158220,0.035,0.039,0.044,0.051,0.055,,
158280,0.033,0.037,0.042,0.051,0.053,,
158340,0.035,0.038,0.044,0.050,0.055,,
158400,0.034,0.037,0.043,0.050,0.052,,
158460,0.032,0.036,0.041,0.048,0.051,,
158520,0.031,0.035,0.040,0.047,0.049,,
158580,0.032,0.036,0.041,0.047,0.048,,
158640,0.033,0.036,0.042,0.048,0.049,,
158700,0.033,0.036,0.042,0.048,0.050,,
158760,0.033,0.036,0.041,0.048,0.052,,
158820,0.031,0.035,0.040,0.046,0.048,,
158880,0.033,0.037,0.042,0.048,0.050,,
158940,0.032,0.036,0.041,0.047,0.051,,
159000,0.030,0.034,0.039,0.045,0.047,,
159060,0.031,0.034,0.039,0.046,0.048,,
159120,0.032,0.036,0.041,0.048,0.051,,
159180,0.030,0.033,0.038,0.044,0.045,,
159240,0.030,0.034,0.038,0.044,0.046,,
159300,0.034,0.038,0.042,0.048,0.050,,
159360,0.030,0.033,0.038,0.043,0.044,,
159420,0.029,0.033,0.037,0.042,0.044,,
159480,0.029,0.032,0.037,0.042,0.044,,
159540,0.030,0.033,0.038,0.043,0.045,,
159600,0.031,0.035,0.040,0.046,0.047,,
159660,0.031,0.035,0.039,0.045,0.045,,
159720,0.031,0.035,0.039,0.045,0.047,,
159780,0.031,0.034,0.039,0.044,0.046,,
159840,0.031,0.034,0.039,0.044,0.045,,
159900,0.030,0.033,0.038,0.042,0.043,,
159960,0.031,0.035,0.040,0.044,0.045,,
160020,0.030,0.033,0.038,0.044,0.045,,
160080,0.029,0.033,0.037,0.043,0.044,,
160140,0.031,0.034,0.039,0.046,0.047,,
160200,0.029,0.032,0.037,0.042,0.044,,
160260,0.028,0.031,0.035,0.043,0.044,,
160320,0.029,0.032,0.036,0.042,0.044,,
160380,0.028,0.031,0.036,0.041,0.043,,
160440,0.029,0.032,0.036,0.041,0.042,,
160500,0.028,0.031,0.036,0.042,0.042,,
160560,0.029,0.032,0.036,0.041,0.041,,
160620,0.028,0.031,0.035,0.042,0.042,,
160680,0.028,0.031,0.036,0.040,0.042,,
160740,0.029,0.032,0.036,0.041,0.043,,
160800,0.029,0.032,0.036,0.042,0.044,,
160860,0.030,0.033,0.037,0.044,0.046,,
160920,0.028,0.031,0.035,0.040,0.042,,
160980,0.028,0.031,0.035,0.041,0.042,,
161040,0.028,0.031,0.036,0.041,0.043,,
161100,0.029,0.032,0.037,0.044,0.045,,
161160,0.028,0.031,0.035,0.041,0.043,,
161220,0.028,0.031,0.035,0.041,0.043,,
161280,0.026,0.029,0.033,0.039,0.040,,
161340,0.027,0.030,0.034,0.039,0.041,,
161400,0.026,0.029,0.033,0.041,0.043,,
161460,0.027,0.030,0.034,0.040,0.044,,
161520,0.028,0.031,0.035,0.041,0.045,,
161580,0.031,0.034,0.038,0.047,0.056,,
161640,0.034,0.037,0.042,0.051,0.065,,
161700,0.035,0.038,0.042,0.053,0.065,,
161760,0.034,0.037,0.041,0.052,0.065,,
161820,0.033,0.036,0.041,0.052,0.068,,
161880,0.034,0.037,0.041,0.052,0.069,,
161940,0.035,0.038,0.042,0.052,0.064,,
162000,0.034,0.037,0.041,0.052,0.070,,
162060,0.033,0.036,0.040,0.048,0.064,,
162120,0.031,0.034,0.038,0.050,0.058,,
162180,0.030,0.033,0.037,0.047,0.060,,
162240,0.026,0.029,0.033,0.042,0.052,,
162300,0.028,0.031,0.035,0.044,0.055,,
162360,0.029,0.032,0.037,0.046,0.061,,
162420,0.031,0.033,0.037,0.049,0.064,,
162480,0.028,0.031,0.035,0.046,0.060,,
162540,0.030,0.032,0.037,0.048,0.063,,
162600,0.030,0.032,0.036,0.048,0.064,,
162660,0.033,0.036,0.040,0.052,0.064,,
162720,0.034,0.036,0.040,0.051,0.069,,
162780,0.032,0.034,0.038,0.049,0.067,,
162840,0.028,0.031,0.035,0.045,0.061,,
162900,0.028,0.031,0.035,0.045,0.061,,
162960,0.033,0.035,0.039,0.052,0.071,,
163020,0.030,0.033,0.037,0.047,0.061,,
163080,0.029,0.032,0.036,0.046,0.063,,
163140,0.026,0.028,0.032,0.042,0.056,,
163200,0.027,0.029,0.033,0.044,0.058,,
163260,0.032,0.034,0.038,0.050,0.069,,
163320,0.028,0.030,0.034,0.047,0.065,,
163380,0.029,0.032,0.036,0.048,0.067,,
163440,0.031,0.033,0.037,0.049,0.069,,
163500,0.043,0.046,0.050,0.064,0.100,,
163560,0.037,0.039,0.044,0.056,0.084,,
163620,0.035,0.037,0.041,0.054,0.084,,
163680,0.035,0.037,0.042,0.055,0.081,,
163740,0.033,0.036,0.040,0.053,0.077,,
163800,0.035,0.037,0.042,0.055,0.079,,
163860,0.035,0.038,0.042,0.055,0.087,,
163920,0.040,0.042,0.047,0.062,0.091,,
163980,0.034,0.037,0.041,0.057,0.082,,
164040,0.032,0.035,0.040,0.053,0.077,,
164100,0.035,0.038,0.043,0.056,0.086,,
164160,0.040,0.042,0.047,0.062,0.091,,
164220,0.035,0.038,0.042,0.056,0.086,,
164280,0.036,0.038,0.043,0.057,0.091,,
164340,0.053,0.056,0.061,0.078,0.111,,
164400,0.038,0.041,0.046,0.062,0.096,,
164460,0.037,0.040,0.045,0.062,0.091,,
164520,0.040,0.043,0.047,0.065,0.101,,
164580,0.034,0.037,0.042,0.059,0.085,,
164640,0.038,0.040,0.045,0.063,0.097,,
164700,0.035,0.038,0.042,0.060,0.088,,
164760,0.035,0.037,0.042,0.057,0.085,,
164820,0.038,0.041,0.046,0.064,0.092,,
164880,0.032,0.035,0.039,0.054,0.079,,
164940,0.031,0.034,0.038,0.056,0.075,,
165000,0.035,0.038,0.042,0.057,0.089,,
165060,0.033,0.036,0.040,0.055,0.085,,
165120,0.030,0.033,0.038,0.051,0.075,,
165180,0.034,0.037,0.042,0.056,0.080,,
165240,0.031,0.034,0.038,0.053,0.080,,
165300,0.039,0.042,0.047,0.064,0.091,,
165360,0.033,0.035,0.040,0.056,0.082,,
165420,0.029,0.031,0.036,0.051,0.072,,
165480,0.031,0.034,0.038,0.052,0.074,,
165540,0.033,0.036,0.041,0.055,0.083,,
165600,0.037,0.040,0.045,0.061,0.082,,
165660,0.031,0.033,0.038,0.055,0.080,,
165720,0.033,0.035,0.040,0.055,0.081,,
165780,0.033,0.036,0.040,0.055,0.082,,
165840,0.034,0.037,0.042,0.057,0.079,,
165900,0.039,0.042,0.047,0.065,0.095,,
165960,0.039,0.042,0.047,0.064,0.097,,
166020,0.032,0.034,0.040,0.056,0.084,,
166080,0.036,0.039,0.043,0.063,0.093,,
166140,0.041,0.043,0.048,0.064,0.103,,
166200,0.036,0.039,0.044,0.061,0.094,,
166260,0.036,0.038,0.044,0.059,0.090,,
166320,0.035,0.038,0.043,0.060,0.087,,
166380,0.038,0.040,0.046,0.064,0.096,,
166440,0.042,0.044,0.049,0.066,0.100,,
166500,0.036,0.039,0.044,0.065,0.100,,
166560,0.043,0.046,0.051,0.071,0.114,,
166620,0.042,0.045,0.050,0.071,0.113,,
166680,0.039,0.042,0.047,0.068,0.113,,
166740,0.046,0.049,0.054,0.075,0.118,,
166800,0.041,0.043,0.049,0.070,0.104,,
166860,0.038,0.041,0.047,0.067,0.099,,
166920,0.037,0.040,0.045,0.065,0.102,,
166980,0.036,0.039,0.043,0.061,0.092,,
167040,0.036,0.038,0.043,0.062,0.088,,
167100,0.033,0.036,0.041,0.060,0.090,,
167160,0.039,0.042,0.047,0.064,0.091,,
167220,0.033,0.036,0.041,0.056,0.083,,
167280,0.036,0.039,0.044,0.062,0.088,,
167340,0.037,0.039,0.044,0.066,0.091,,
167400,0.031,0.034,0.038,0.055,0.082,,
167460,0.029,0.031,0.036,0.051,0.071,,
167520,0.028,0.030,0.035,0.048,0.068,,
167580,0.022,0.025,0.028,0.041,0.052,,
167640,0.022,0.024,0.028,0.040,0.051,,
167700,0.021,0.024,0.028,0.039,0.049,,
167760,0.026,0.028,0.032,0.047,0.062,,
167820,0.023,0.025,0.029,0.041,0.058,,
167880,0.020,0.023,0.026,0.037,0.049,,
167940,0.024,0.026,0.030,0.042,0.056,,
168000,0.091,0.093,0.097,0.125,0.217,,
168060,0.037,0.039,0.043,0.060,0.098,,
168120,0.031,0.033,0.037,0.053,0.085,,
168180,0.033,0.035,0.039,0.055,0.088,,
168240,0.031,0.033,0.037,0.051,0.084,,
168300,0.027,0.029,0.033,0.047,0.075,,
168360,0.032,0.035,0.038,0.052,0.077,,
168420,0.024,0.026,0.030,0.043,0.065,,
168480,0.023,0.025,0.029,0.042,0.063,,
168540,0.023,0.025,0.028,0.043,0.058,,
168600,0.027,0.029,0.032,0.044,0.062,,
168660,0.025,0.027,0.031,0.042,0.057,,
168720,0.022,0.024,0.027,0.041,0.054,,
168780,0.020,0.022,0.025,0.037,0.047,,
168840,0.021,0.023,0.026,0.036,0.048,,
168900,0.023,0.025,0.028,0.040,0.052,,
168960,0.020,0.022,0.025,0.036,0.046,,
169020,0.020,0.022,0.025,0.035,0.044,,
169080,0.020,0.022,0.025,0.034,0.043,,
169140,0.021,0.023,0.026,0.037,0.047,,
169200,0.018,0.020,0.024,0.032,0.042,,
169260,0.020,0.022,0.025,0.034,0.044,,
169320,0.017,0.019,0.023,0.030,0.037,,
169380,0.018,0.020,0.023,0.030,0.036,,
169440,0.017,0.019,0.022,0.029,0.035,,
169500,0.017,0.019,0.022,0.030,0.037,,
169560,0.015,0.017,0.020,0.027,0.032,,
169620,0.017,0.019,0.022,0.030,0.036,,
169680,0.015,0.018,0.021,0.028,0.030,,
169740,0.016,0.017,0.021,0.028,0.031,,
169800,0.015,0.017,0.020,0.026,0.029,,
169860,0.015,0.017,0.020,0.027,0.033,,
169920,0.016,0.018,0.021,0.026,0.033,,
169980,0.019,0.021,0.024,0.032,0.041,,
170040,0.014,0.016,0.019,0.025,0.030,,
170100,0.016,0.018,0.021,0.028,0.036,,
170160,0.017,0.019,0.022,0.031,0.040,,
170220,0.018,0.020,0.023,0.030,0.040,,
170280,0.015,0.017,0.020,0.028,0.036,,
170340,0.016,0.018,0.021,0.029,0.037,,
170400,0.017,0.019,0.022,0.030,0.036,,
170460,0.018,0.020,0.023,0.031,0.037,,
170520,0.016,0.018,0.021,0.028,0.037,,
170580,0.015,0.017,0.020,0.027,0.032,,
170640,0.017,0.019,0.022,0.030,0.038,,
170700,0.018,0.020,0.023,0.030,0.037,,
170760,0.019,0.021,0.024,0.032,0.039,,
170820,0.016,0.018,0.021,0.029,0.036,,
170880,0.017,0.019,0.021,0.028,0.036,,
170940,0.015,0.017,0.020,0.028,0.033,,
171000,0.016,0.018,0.021,0.028,0.036,,
171060,0.017,0.018,0.021,0.029,0.036,,
171120,0.015,0.016,0.019,0.026,0.032,,
171180,0.017,0.019,0.022,0.028,0.037,,
171240,0.016,0.017,0.021,0.027,0.033,,
171300,0.017,0.019,0.021,0.027,0.036,,
171360,0.017,0.019,0.022,0.028,0.033,,
171420,0.015,0.017,0.019,0.027,0.034,,
171480,0.015,0.017,0.020,0.027,0.034,,
171540,0.016,0.017,0.020,0.027,0.032,,
171600,0.014,0.016,0.019,0.026,0.031,,
171660,0.016,0.017,0.020,0.027,0.031,,
171720,0.015,0.017,0.020,0.027,0.031,,
171780,0.016,0.018,0.020,0.026,0.033,,
171840,0.014,0.016,0.019,0.026,0.030,,
171900,0.016,0.018,0.021,0.026,0.033,,
171960,0.016,0.017,0.020,0.026,0.031,,
172020,0.014,0.016,0.018,0.025,0.027,,
172080,0.015,0.017,0.020,0.026,0.030,,
172140,0.018,0.020,0.023,0.030,0.040,,
172200,0.017,0.019,0.022,0.028,0.036,,
172260,0.017,0.019,0.022,0.029,0.038,,
172320,0.014,0.015,0.018,0.024,0.029,,
172380,0.014,0.016,0.019,0.024,0.028,,
172440,0.015,0.017,0.020,0.025,0.030,,
172500,0.013,0.015,0.018,0.022,0.026,,
172560,0.014,0.016,0.019,0.024,0.026,,
172620,0.016,0.018,0.021,0.027,0.032,,
172680,0.017,0.019,0.022,0.027,0.037,,
172740,0.015,0.017,0.019,0.025,0.032,,
172800,0.016,0.017,0.020,0.025,0.030,,
172860,0.014,0.015,0.018,0.023,0.030,,
172920,0.017,0.018,0.021,0.027,0.034,,
172980,0.013,0.015,0.018,0.023,0.027,,
173040,0.012,0.014,0.016,0.023,0.023,,
173100,0.014,0.016,0.018,0.024,0.027,,
173160,0.014,0.016,0.018,0.024,0.029,,
173220,0.014,0.015,0.018,0.023,0.027,,
173280,0.016,0.017,0.020,0.026,0.031,,
173340,0.014,0.016,0.018,0.024,0.029,,
173400,0.015,0.017,0.020,0.025,0.029,,
173460,0.014,0.015,0.018,0.023,0.027,,
173520,0.015,0.017,0.019,0.025,0.031,,
173580,0.015,0.017,0.019,0.025,0.031,,
173640,0.014,0.016,0.018,0.023,0.030,,
173700,0.014,0.016,0.018,0.025,0.029,,
173760,0.015,0.016,0.019,0.024,0.030,,
173820,0.014,0.016,0.018,0.025,0.031,,
173880,0.018,0.020,0.022,0.030,0.043,,
173940,0.020,0.022,0.024,0.036,0.048,,
174000,0.019,0.020,0.023,0.031,0.045,,
174060,0.024,0.025,0.028,0.039,0.054,,
174120,0.022,0.024,0.027,0.037,0.056,,
174180,0.023,0.025,0.028,0.040,0.053,,
174240,0.021,0.023,0.026,0.038,0.051,,
174300,0.021,0.023,0.026,0.039,0.053,,
174360,0.021,0.023,0.026,0.039,0.050,,
174420,0.022,0.024,0.027,0.039,0.052,,
174480,0.026,0.028,0.031,0.043,0.055,,
174540,0.025,0.027,0.030,0.043,0.061,,
174600,0.023,0.025,0.029,0.041,0.059,,
174660,0.021,0.023,0.026,0.036,0.056,,
174720,0.020,0.022,0.025,0.036,0.049,,
174780,0.020,0.022,0.025,0.036,0.048,,
174840,0.025,0.026,0.030,0.042,0.057,,
174900,0.023,0.025,0.028,0.040,0.052,,
174960,0.021,0.023,0.026,0.036,0.046,,
175020,0.021,0.023,0.026,0.036,0.050,,
175080,0.021,0.022,0.025,0.036,0.049,,
175140,0.018,0.020,0.023,0.034,0.041,,
175200,0.020,0.022,0.025,0.038,0.049,,
175260,0.021,0.023,0.026,0.038,0.049,,
175320,0.019,0.021,0.024,0.035,0.044,,
175380,0.024,0.026,0.030,0.044,0.056,,
175440,0.020,0.022,0.025,0.039,0.048,,
175500,0.024,0.026,0.030,0.041,0.052,,
175560,0.022,0.024,0.028,0.040,0.051,,
175620,0.023,0.025,0.028,0.042,0.051,,
175680,0.023,0.025,0.028,0.043,0.051,,
175740,0.021,0.023,0.026,0.040,0.049,,
175800,0.022,0.024,0.028,0.040,0.055,,
175860,0.022,0.024,0.028,0.041,0.051,,
175920,0.021,0.023,0.027,0.039,0.048,,
175980,0.021,0.022,0.026,0.038,0.046,,
176040,0.021,0.023,0.026,0.038,0.046,,
176100,0.021,0.023,0.027,0.039,0.047,,
176160,0.021,0.023,0.026,0.037,0.046,,
176220,0.021,0.023,0.026,0.040,0.049,,
176280,0.021,0.023,0.026,0.038,0.047,,
176340,0.023,0.025,0.028,0.040,0.054,,
176400,0.022,0.024,0.027,0.039,0.053,,
176460,0.025,0.026,0.030,0.040,0.051,,
176520,0.021,0.023,0.027,0.037,0.044,,
176580,0.021,0.023,0.026,0.036,0.046,,
176640,0.024,0.026,0.030,0.041,0.051,,
176700,0.023,0.025,0.028,0.041,0.051,,
176760,0.019,0.021,0.024,0.035,0.043,,
176820,0.022,0.024,0.027,0.039,0.048,,
176880,0.021,0.023,0.026,0.036,0.043,,
176940,0.021,0.023,0.026,0.036,0.047,,
177000,0.021,0.023,0.026,0.037,0.042,,
177060,0.021,0.023,0.026,0.037,0.044,,
177120,0.020,0.022,0.025,0.035,0.041,,
177180,0.021,0.022,0.026,0.036,0.042,,
177240,0.024,0.025,0.028,0.038,0.047,,
177300,0.021,0.023,0.026,0.037,0.045,,
177360,0.022,0.023,0.026,0.036,0.044,,
177420,0.021,0.023,0.026,0.035,0.044,,
177480,0.023,0.025,0.028,0.036,0.044,,
177540,0.019,0.021,0.024,0.033,0.036,,
177600,0.020,0.021,0.024,0.034,0.038,,
177660,0.020,0.022,0.025,0.034,0.040,,
177720,0.019,0.021,0.024,0.033,0.037,,
177780,0.020,0.022,0.025,0.032,0.036,,
177840,0.022,0.023,0.026,0.034,0.041,,
177900,0.020,0.021,0.024,0.031,0.038,,
177960,0.020,0.021,0.024,0.031,0.036,,
178020,0.020,0.022,0.024,0.032,0.036,,
178080,0.019,0.020,0.023,0.030,0.033,,
178140,0.018,0.020,0.022,0.029,0.032,,
178200,0.020,0.021,0.024,0.032,0.036,,
178260,0.019,0.021,0.023,0.031,0.034,,
178320,0.017,0.019,0.021,0.026,0.029,,
178380,0.019,0.020,0.023,0.029,0.034,,
178440,0.017,0.018,0.020,0.026,0.028,,
178500,0.018,0.020,0.022,0.028,0.031,,
178560,0.019,0.021,0.023,0.029,0.033,,
178620,0.018,0.019,0.022,0.028,0.030,,
178680,0.018,0.019,0.021,0.028,0.029,,
178740,0.019,0.020,0.022,0.029,0.030,,
178800,0.019,0.020,0.022,0.028,0.030,,
178860,0.020,0.021,0.023,0.030,0.035,,
178920,0.020,0.022,0.024,0.030,0.034,,
178980,0.019,0.020,0.022,0.026,0.030,,
179040,0.020,0.022,0.024,0.029,0.033,,
179100,0.019,0.020,0.022,0.028,0.029,,
179160,0.020,0.021,0.023,0.029,0.032,,
179220,0.019,0.021,0.023,0.028,0.031,,
179280,0.019,0.020,0.022,0.026,0.028,,
179340,0.018,0.019,0.022,0.027,0.028,,
179400,0.019,0.020,0.022,0.027,0.029,,
179460,0.020,0.022,0.024,0.028,0.030,,
179520,0.018,0.019,0.021,0.026,0.028,,
179580,0.018,0.020,0.022,0.025,0.027,,
179640,0.019,0.020,0.022,0.026,0.027,,
179700,0.018,0.020,0.022,0.025,0.026,,
179760,0.018,0.020,0.021,0.026,0.027,,
179820,0.018,0.020,0.022,0.025,0.027,,
179880,0.019,0.020,0.022,0.026,0.027,,
179940,0.020,0.021,0.023,0.027,0.028,,
180000,0.018,0.019,0.021,0.024,0.026,,
180060,0.018,0.019,0.021,0.025,0.028,,
180120,0.017,0.018,0.020,0.023,0.023,,
180180,0.017,0.018,0.020,0.024,0.025,,
180240,0.017,0.018,0.020,0.023,0.024,,
180300,0.017,0.018,0.020,0.024,0.026,,
180360,0.016,0.017,0.019,0.022,0.024,,
180420,0.015,0.016,0.018,0.021,0.022,,
180480,0.016,0.018,0.019,0.023,0.024,,
180540,0.016,0.017,0.019,0.022,0.024,,
180600,0.017,0.018,0.020,0.023,0.024,,
180660,0.016,0.018,0.019,0.023,0.025,,
180720,0.016,0.017,0.019,0.022,0.022,,
180780,0.016,0.017,0.019,0.022,0.022,,
180840,0.017,0.018,0.019,0.023,0.025,,
180900,0.015,0.016,0.018,0.021,0.022,,
180960,0.015,0.016,0.018,0.021,0.022,,
181020,0.016,0.017,0.019,0.022,0.023,,
181080,0.015,0.016,0.018,0.020,0.020,,
181140,0.016,0.017,0.018,0.021,0.022,,
181200,0.016,0.017,0.018,0.021,0.024,,
181260,0.016,0.017,0.018,0.020,0.022,,
181320,0.015,0.016,0.017,0.020,0.020,,
181380,0.016,0.017,0.018,0.021,0.023,,
181440,0.015,0.016,0.018,0.020,0.021,,
181500,0.016,0.017,0.019,0.022,0.023,,
181560,0.015,0.016,0.018,0.020,0.021,,
181620,0.016,0.017,0.018,0.021,0.021,,
181680,0.015,0.016,0.018,0.020,0.020,,
181740,0.016,0.017,0.018,0.021,0.022,,
181800,0.015,0.016,0.017,0.021,0.022,,
181860,0.015,0.016,0.017,0.020,0.021,,
181920,0.015,0.016,0.018,0.020,0.021,,
181980,0.016,0.017,0.019,0.021,0.022,,
182040,0.015,0.016,0.018,0.020,0.020,,
182100,0.016,0.017,0.018,0.021,0.021,,
182160,0.015,0.016,0.017,0.020,0.020,,
182220,0.015,0.016,0.017,0.019,0.020,,
182280,0.015,0.016,0.017,0.020,0.021,,
182340,0.014,0.015,0.017,0.019,0.019,,
182400,0.015,0.016,0.017,0.018,0.019,,
182460,0.014,0.016,0.017,0.019,0.020,,
182520,0.015,0.016,0.018,0.020,0.021,,
182580,0.014,0.015,0.017,0.019,0.019,,
182640,0.014,0.015,0.016,0.018,0.019,,
182700,0.016,0.017,0.018,0.020,0.021,,
182760,0.014,0.015,0.016,0.018,0.019,,
182820,0.014,0.015,0.016,0.018,0.018,,
182880,0.014,0.015,0.016,0.018,0.018,,
182940,0.015,0.016,0.017,0.019,0.021,,
183000,0.014,0.015,0.016,0.018,0.018,,
183060,0.014,0.015,0.017,0.019,0.019,,
183120,0.014,0.015,0.016,0.018,0.019,,
183180,0.014,0.015,0.017,0.019,0.019,,
183240,0.015,0.016,0.017,0.019,0.020,,
183300,0.014,0.015,0.016,0.019,0.019,,
183360,0.014,0.015,0.016,0.018,0.018,,
183420,0.014,0.015,0.016,0.018,0.019,,
183480,0.013,0.014,0.016,0.017,0.018,,
183540,0.014,0.015,0.016,0.017,0.018,,
183600,0.014,0.015,0.016,0.018,0.018,,
183660,0.014,0.015,0.017,0.018,0.019,,
183720,0.014,0.015,0.016,0.018,0.019,,
183780,0.014,0.015,0.016,0.018,0.018,,
183840,0.014,0.015,0.016,0.018,0.018,,
183900,0.014,0.014,0.016,0.018,0.019,,
183960,0.015,0.016,0.017,0.019,0.019,,
184020,0.014,0.015,0.016,0.018,0.018,,
184080,0.015,0.016,0.017,0.019,0.020,,
184140,0.014,0.015,0.016,0.018,0.018,,
184200,0.013,0.014,0.015,0.016,0.016,,
184260,0.014,0.015,0.016,0.018,0.018,,
184320,0.014,0.015,0.016,0.017,0.017,,
184380,0.014,0.015,0.016,0.018,0.018,,
184440,0.014,0.015,0.016,0.017,0.018,,
184500,0.014,0.015,0.016,0.018,0.018,,
184560,0.014,0.015,0.016,0.017,0.018,,
184620,0.014,0.015,0.016,0.017,0.017,,
184680,0.014,0.015,0.016,0.017,0.017,,
184740,0.014,0.014,0.015,0.017,0.017,,
184800,0.013,0.014,0.015,0.016,0.017,,
184860,0.014,0.015,0.016,0.018,0.018,,
184920,0.014,0.015,0.016,0.018,0.018,,
184980,0.014,0.015,0.016,0.017,0.018,,
185040,0.014,0.015,0.016,0.018,0.019,,
185100,0.014,0.015,0.016,0.017,0.018,,
185160,0.013,0.014,0.015,0.017,0.018,,
185220,0.014,0.014,0.015,0.017,0.017,,
185280,0.014,0.015,0.016,0.017,0.017,,
185340,0.014,0.015,0.016,0.017,0.018,,
185400,0.013,0.014,0.015,0.016,0.016,,
185460,0.014,0.015,0.016,0.017,0.017,,
185520,0.013,0.014,0.015,0.016,0.017,,
185580,0.014,0.015,0.015,0.017,0.018,,
185640,0.014,0.015,0.016,0.017,0.017,,
185700,0.013,0.014,0.015,0.017,0.017,,
185760,0.013,0.014,0.015,0.016,0.016,,
185820,0.013,0.014,0.015,0.016,0.016,,
185880,0.013,0.014,0.015,0.016,0.016,,
185940,0.014,0.015,0.016,0.017,0.018,,
186000,0.014,0.015,0.016,0.017,0.017,,
186060,0.014,0.014,0.015,0.017,0.017,,
186120,0.014,0.015,0.015,0.017,0.018,,
186180,0.014,0.015,0.016,0.017,0.017,,
186240,0.013,0.014,0.015,0.016,0.017,,
186300,0.014,0.014,0.015,0.016,0.017,,
186360,0.014,0.015,0.015,0.017,0.017,,
186420,0.013,0.014,0.015,0.016,0.016,,
186480,0.014,0.015,0.016,0.017,0.017,,
186540,0.013,0.014,0.015,0.016,0.016,,
186600,0.013,0.014,0.015,0.016,0.016,,
186660,0.014,0.014,0.015,0.016,0.016,,
186720,0.014,0.015,0.016,0.017,0.017,,
186780,0.013,0.014,0.015,0.016,0.016,,
186840,0.013,0.014,0.015,0.016,0.016,,
186900,0.013,0.014,0.015,0.016,0.016,,
186960,0.013,0.014,0.015,0.016,0.016,,
187020,0.013,0.014,0.015,0.016,0.016,,
187080,0.013,0.014,0.015,0.016,0.016,,
187140,0.013,0.014,0.015,0.016,0.016,,
187200,0.013,0.014,0.015,0.016,0.016,,
187260,0.013,0.014,0.015,0.016,0.016,,
187320,0.013,0.014,0.015,0.016,0.017,,
187380,0.014,0.014,0.015,0.016,0.017,,
187440,0.014,0.014,0.015,0.016,0.016,,
187500,0.013,0.014,0.015,0.016,0.016,,
187560,0.013,0.014,0.015,0.016,0.016,,
187620,0.013,0.014,0.015,0.015,0.015,,
187680,0.013,0.014,0.014,0.015,0.016,,
187740,0.014,0.015,0.016,0.017,0.018,,
187800,0.014,0.015,0.015,0.016,0.016,,
187860,0.014,0.015,0.015,0.017,0.017,,
187920,0.013,0.014,0.014,0.015,0.015,,
187980,0.013,0.014,0.015,0.016,0.016,,
188040,0.014,0.014,0.015,0.016,0.017,,
188100,0.013,0.014,0.015,0.016,0.016,,
188160,0.014,0.014,0.015,0.016,0.016,,
188220,0.013,0.014,0.015,0.015,0.015,,
188280,0.013,0.014,0.015,0.016,0.016,,
188340,0.013,0.014,0.015,0.015,0.016,,
188400,0.013,0.014,0.015,0.015,0.015,,
188460,0.013,0.014,0.014,0.015,0.015,,
188520,0.013,0.014,0.015,0.015,0.015,,
188580,0.013,0.014,0.015,0.016,0.016,,
188640,0.013,0.014,0.014,0.015,0.015,,
188700,0.014,0.014,0.015,0.016,0.016,,
188760,0.014,0.014,0.015,0.016,0.016,,
188820,0.013,0.014,0.015,0.015,0.016,,
188880,0.013,0.014,0.015,0.016,0.016,,
188940,0.013,0.014,0.014,0.015,0.015,,
189000,0.013,0.014,0.015,0.016,0.016,,
189060,0.014,0.014,0.015,0.017,0.017,,
189120,0.014,0.015,0.016,0.017,0.017,,
189180,0.014,0.014,0.015,0.016,0.016,,
189240,0.014,0.015,0.015,0.016,0.016,,
189300,0.013,0.014,0.015,0.016,0.016,,
189360,0.014,0.015,0.015,0.017,0.017,,
189420,0.014,0.014,0.015,0.016,0.016,,
189480,0.014,0.015,0.015,0.017,0.017,,
189540,0.014,0.014,0.015,0.016,0.016,,
189600,0.014,0.015,0.015,0.016,0.016,,
189660,0.013,0.014,0.015,0.015,0.015,,
189720,0.014,0.014,0.015,0.016,0.016,,
189780,0.013,0.014,0.015,0.016,0.016,,
189840,0.014,0.014,0.015,0.016,0.016,,
189900,0.014,0.014,0.015,0.016,0.016,,
189960,0.014,0.014,0.015,0.016,0.016,,
190020,0.014,0.014,0.015,0.016,0.016,,
190080,0.013,0.014,0.015,0.015,0.015,,
190140,0.014,0.015,0.015,0.016,0.016,,
190200,0.013,0.014,0.015,0.016,0.016,,
190260,0.014,0.014,0.015,0.016,0.016,,
190320,0.014,0.014,0.015,0.016,0.016,,
190380,0.014,0.014,0.015,0.016,0.016,,
190440,0.014,0.014,0.015,0.016,0.016,,
190500,0.013,0.014,0.015,0.016,0.016,,
190560,0.014,0.015,0.016,0.017,0.018,,
190620,0.014,0.015,0.016,0.016,0.017,,
190680,0.014,0.014,0.015,0.016,0.016,,
190740,0.014,0.014,0.015,0.016,0.016,,
190800,0.014,0.015,0.015,0.016,0.016,,
190860,0.013,0.014,0.015,0.015,0.015,,
190920,0.014,0.015,0.015,0.016,0.016,,
190980,0.014,0.014,0.015,0.016,0.016,,
191040,0.015,0.015,0.016,0.017,0.017,,
191100,0.013,0.014,0.015,0.015,0.015,,
191160,0.014,0.014,0.015,0.016,0.016,,
191220,0.013,0.014,0.015,0.016,0.016,,
191280,0.013,0.014,0.015,0.015,0.016,,
191340,0.014,0.015,0.015,0.016,0.016,,
191400,0.014,0.014,0.015,0.016,0.016,,
191460,0.014,0.014,0.015,0.015,0.015,,
191520,0.014,0.015,0.015,0.016,0.016,,
191580,0.014,0.014,0.015,0.016,0.016,,
191640,0.014,0.014,0.015,0.016,0.016,,
191700,0.014,0.015,0.015,0.016,0.017,,
191760,0.014,0.014,0.015,0.016,0.016,,
191820,0.013,0.014,0.014,0.015,0.015,,
191880,0.013,0.014,0.015,0.016,0.016,,
191940,0.014,0.015,0.015,0.016,0.016,,
192000,0.013,0.014,0.015,0.015,0.016,,
192060,0.013,0.014,0.015,0.016,0.016,,
192120,0.014,0.014,0.015,0.015,0.015,,
192180,0.014,0.014,0.015,0.016,0.016,,
192240,0.013,0.014,0.015,0.015,0.015,,
192300,0.013,0.014,0.015,0.015,0.015,,
192360,0.013,0.014,0.015,0.016,0.016,,
192420,0.014,0.014,0.015,0.015,0.015,,
192480,0.014,0.015,0.015,0.016,0.016,,
192540,0.014,0.015,0.015,0.016,0.017,,
192600,0.014,0.014,0.015,0.015,0.016,,
192660,0.014,0.014,0.015,0.016,0.016,,
192720,0.013,0.014,0.015,0.015,0.016,,
192780,0.014,0.014,0.015,0.016,0.016,,
192840,0.014,0.014,0.015,0.016,0.016,,
192900,0.014,0.015,0.015,0.016,0.016,,
192960,0.014,0.015,0.015,0.016,0.016,,
193020,0.014,0.015,0.015,0.016,0.016,,
193080,0.014,0.014,0.015,0.016,0.016,,
193140,0.014,0.014,0.015,0.015,0.015,,
193200,0.013,0.014,0.015,0.015,0.015,,
193260,0.013,0.014,0.014,0.015,0.015,,
193320,0.014,0.014,0.015,0.016,0.016,,
193380,0.014,0.014,0.015,0.016,0.016,,
193440,0.014,0.014,0.015,0.015,0.016,,
193500,0.014,0.015,0.015,0.016,0.016,,
193560,0.014,0.015,0.015,0.016,0.016,,
193620,0.014,0.015,0.015,0.016,0.016,,
193680,0.013,0.014,0.014,0.015,0.015,,
193740,0.013,0.014,0.014,0.015,0.015,,
193800,0.014,0.014,0.015,0.016,0.016,,
193860,0.014,0.014,0.015,0.015,0.015,,
193920,0.013,0.014,0.014,0.015,0.015,,
193980,0.014,0.014,0.015,0.015,0.016,,
194040,0.013,0.014,0.015,0.015,0.015,,
194100,0.013,0.014,0.015,0.015,0.015,,
194160,0.013,0.014,0.014,0.015,0.015,,
194220,0.013,0.014,0.015,0.015,0.015,,
194280,0.013,0.014,0.015,0.015,0.015,,
194340,0.014,0.014,0.015,0.016,0.016,,
194400,0.014,0.015,0.015,0.016,0.016,,
194460,0.013,0.014,0.015,0.015,0.015,,
194520,0.014,0.014,0.015,0.016,0.016,,
194580,0.013,0.014,0.015,0.015,0.015,,
194640,0.013,0.014,0.014,0.015,0.015,,
194700,0.013,0.014,0.015,0.015,0.015,,
194760,0.014,0.014,0.015,0.015,0.015,,
194820,0.014,0.014,0.015,0.015,0.015,,
194880,0.014,0.014,0.015,0.015,0.015,,
194940,0.014,0.014,0.015,0.015,0.015,,
195000,0.013,0.014,0.015,0.015,0.015,,
195060,0.014,0.014,0.015,0.015,0.015,,
195120,0.014,0.014,0.015,0.016,0.016,,
195180,0.013,0.014,0.015,0.015,0.015,,
195240,0.013,0.014,0.014,0.015,0.015,,
195300,0.013,0.014,0.015,0.015,0.015,,
195360,0.013,0.014,0.014,0.015,0.015,,
195420,0.014,0.014,0.015,0.015,0.015,,
195480,0.014,0.014,0.015,0.015,0.015,,
195540,0.014,0.014,0.015,0.015,0.015,,
195600,0.013,0.014,0.014,0.015,0.015,,
195660,0.014,0.014,0.015,0.015,0.016,,
195720,0.014,0.014,0.015,0.015,0.015,,
195780,0.013,0.014,0.014,0.015,0.015,,
195840,0.014,0.014,0.015,0.015,0.016,,
195900,0.013,0.014,0.014,0.015,0.015,,
195960,0.013,0.014,0.014,0.015,0.015,,
196020,0.013,0.014,0.015,0.015,0.015,,
196080,0.014,0.014,0.015,0.015,0.015,,
196140,0.013,0.014,0.015,0.015,0.015,,
196200,0.014,0.014,0.015,0.015,0.015,,
196260,0.014,0.014,0.015,0.015,0.015,,
196320,0.013,0.014,0.015,0.015,0.015,,
196380,0.013,0.014,0.015,0.015,0.015,,
196440,0.013,0.014,0.014,0.015,0.015,,
196500,0.014,0.014,0.015,0.015,0.015,,
196560,0.013,0.014,0.014,0.015,0.015,,
196620,0.014,0.014,0.015,0.015,0.015,,
196680,0.014,0.014,0.015,0.015,0.015,,
196740,0.014,0.014,0.015,0.015,0.015,,
196800,0.014,0.014,0.015,0.015,0.015,,
196860,0.013,0.014,0.015,0.015,0.015,,
196920,0.014,0.014,0.015,0.016,0.016,,
196980,0.014,0.014,0.015,0.015,0.015,,
197040,0.014,0.014,0.015,0.015,0.015,,
197100,0.013,0.014,0.015,0.015,0.015,,
197160,0.014,0.015,0.015,0.016,0.016,,
197220,0.013,0.014,0.015,0.015,0.015,,
197280,0.013,0.014,0.015,0.015,0.015,,
197340,0.013,0.014,0.014,0.015,0.015,,
197400,0.013,0.014,0.015,0.015,0.015,,
197460,0.013,0.014,0.015,0.015,0.015,,
197520,0.014,0.014,0.015,0.015,0.015,,
197580,0.013,0.014,0.014,0.015,0.015,,
197640,0.013,0.014,0.015,0.015,0.015,,
197700,0.013,0.014,0.014,0.015,0.015,,
197760,0.013,0.014,0.014,0.015,0.015,,
197820,0.014,0.014,0.015,0.015,0.015,,
197880,0.013,0.014,0.014,0.015,0.015,,
197940,0.014,0.014,0.015,0.015,0.015,,
198000,0.014,0.015,0.015,0.016,0.016,,
198060,0.013,0.014,0.014,0.015,0.015,,
198120,0.014,0.014,0.015,0.015,0.015,,
198180,0.014,0.014,0.015,0.015,0.015,,
198240,0.014,0.014,0.015,0.015,0.015,,
198300,0.014,0.014,0.015,0.015,0.016,,
198360,0.013,0.014,0.014,0.015,0.015,,
198420,0.014,0.014,0.015,0.015,0.015,,
198480,0.013,0.014,0.015,0.015,0.015,,
198540,0.013,0.014,0.014,0.014,0.014,,
198600,0.013,0.014,0.014,0.014,0.014,,
198660,0.014,0.015,0.015,0.016,0.016,,
198720,0.014,0.014,0.015,0.015,0.015,,
198780,0.013,0.014,0.014,0.015,0.015,,
198840,0.013,0.014,0.014,0.015,0.015,,
198900,0.013,0.014,0.015,0.015,0.015,,
198960,0.013,0.014,0.015,0.015,0.015,,
199020,0.013,0.014,0.014,0.015,0.015,,
199080,0.013,0.014,0.014,0.014,0.015,,
199140,0.014,0.014,0.015,0.015,0.015,,
199200,0.014,0.014,0.015,0.015,0.015,,
199260,0.014,0.014,0.015,0.015,0.015,,
199320,0.013,0.014,0.014,0.015,0.015,,
199380,0.013,0.014,0.014,0.015,0.015,,
199440,0.014,0.014,0.015,0.015,0.016,,
199500,0.014,0.014,0.015,0.015,0.015,,
199560,0.014,0.014,0.015,0.015,0.015,,
199620,0.013,0.013,0.014,0.014,0.014,,
199680,0.014,0.014,0.015,0.015,0.015,,
199740,0.013,0.014,0.014,0.015,0.015,,
199800,0.014,0.014,0.015,0.015,0.015,,
199860,0.014,0.014,0.015,0.015,0.015,,
199920,0.014,0.014,0.015,0.015,0.015,,
199980,0.014,0.015,0.015,0.016,0.016,,
200040,0.013,0.014,0.015,0.015,0.015,,
200100,0.014,0.014,0.015,0.015,0.016,,
200160,0.014,0.014,0.015,0.015,0.015,,
200220,0.013,0.014,0.014,0.015,0.015,,
200280,0.013,0.014,0.014,0.015,0.015,,
200340,0.014,0.014,0.015,0.015,0.015,,
200400,0.013,0.014,0.015,0.015,0.015,,
200460,0.014,0.014,0.015,0.015,0.015,,
200520,0.013,0.014,0.014,0.015,0.015,,
200580,0.014,0.014,0.015,0.015,0.015,,
200640,0.013,0.014,0.014,0.015,0.015,,
200700,0.014,0.014,0.015,0.015,0.015,,
200760,0.014,0.014,0.015,0.015,0.015,,
200820,0.013,0.014,0.015,0.015,0.015,,
200880,0.013,0.014,0.014,0.015,0.015,,
200940,0.014,0.014,0.015,0.015,0.015,,
201000,0.014,0.014,0.015,0.015,0.015,,
201060,0.013,0.014,0.014,0.015,0.015,,
201120,0.013,0.014,0.014,0.015,0.015,,
201180,0.014,0.014,0.015,0.015,0.015,,
201240,0.013,0.014,0.014,0.015,0.015,,
201300,0.013,0.014,0.014,0.015,0.015,,
201360,0.014,0.014,0.015,0.015,0.015,,
201420,0.014,0.014,0.015,0.015,0.015,,
201480,0.014,0.014,0.015,0.015,0.015,,
201540,0.014,0.014,0.015,0.015,0.016,,
201600,0.013,0.014,0.014,0.015,0.015,,
201660,0.013,0.014,0.015,0.015,0.015,,
201720,0.013,0.014,0.014,0.015,0.015,,
201780,0.013,0.014,0.014,0.015,0.015,,
201840,0.014,0.014,0.015,0.015,0.016,,
201900,0.013,0.014,0.015,0.015,0.015,,
201960,0.013,0.014,0.014,0.015,0.015,,
202020,0.013,0.014,0.014,0.015,0.015,,
202080,0.013,0.014,0.014,0.015,0.015,,
202140,0.013,0.014,0.014,0.015,0.015,,
202200,0.013,0.014,0.014,0.014,0.015,,
202260,0.013,0.014,0.015,0.015,0.015,,
202320,0.013,0.014,0.014,0.015,0.015,,
202380,0.013,0.014,0.014,0.015,0.015,,
202440,0.014,0.014,0.015,0.015,0.015,,
202500,0.013,0.014,0.014,0.014,0.014,,
202560,0.013,0.014,0.014,0.015,0.015,,
202620,0.013,0.014,0.015,0.015,0.015,,
202680,0.013,0.014,0.015,0.015,0.015,,
202740,0.013,0.014,0.014,0.014,0.014,,
202800,0.013,0.014,0.014,0.015,0.015,,
202860,0.013,0.014,0.014,0.015,0.015,,
202920,0.013,0.014,0.014,0.015,0.015,,
202980,0.013,0.014,0.014,0.015,0.015,,
203040,0.014,0.015,0.015,0.016,0.016,,
203100,0.013,0.014,0.014,0.014,0.014,,
203160,0.013,0.014,0.014,0.014,0.014,,
203220,0.013,0.014,0.014,0.014,0.014,,
203280,0.013,0.014,0.014,0.015,0.015,,
203340,0.013,0.014,0.014,0.014,0.014,,
203400,0.013,0.014,0.014,0.015,0.015,,
203460,0.013,0.014,0.015,0.015,0.015,,
203520,0.013,0.014,0.014,0.014,0.014,,
203580,0.013,0.014,0.014,0.015,0.015,,
203640,0.013,0.014,0.014,0.014,0.015,,
203700,0.013,0.014,0.014,0.014,0.014,,
203760,0.013,0.014,0.015,0.015,0.015,,
203820,0.013,0.014,0.014,0.015,0.015,,
203880,0.013,0.014,0.014,0.015,0.015,,
203940,0.013,0.014,0.014,0.014,0.014,,
204000,0.013,0.014,0.014,0.014,0.015,,
204060,0.013,0.014,0.015,0.015,0.015,,
204120,0.013,0.014,0.015,0.015,0.015,,
204180,0.013,0.013,0.014,0.014,0.014,,
204240,0.013,0.014,0.014,0.015,0.015,,
204300,0.013,0.014,0.014,0.015,0.015,,
204360,0.013,0.013,0.014,0.014,0.014,,
204420,0.013,0.014,0.014,0.014,0.014,,
204480,0.013,0.013,0.014,0.014,0.014,,
204540,0.013,0.013,0.014,0.014,0.014,,
204600,0.013,0.014,0.014,0.014,0.015,,
204660,0.013,0.013,0.014,0.015,0.015,,
204720,0.013,0.014,0.014,0.015,0.015,,
204780,0.013,0.014,0.014,0.015,0.015,,
204840,0.012,0.013,0.014,0.014,0.014,,
204900,0.013,0.013,0.014,0.014,0.014,,
204960,0.013,0.013,0.014,0.014,0.014,,
205020,0.013,0.014,0.014,0.015,0.015,,
205080,0.012,0.013,0.014,0.014,0.014,,
205140,0.012,0.013,0.014,0.014,0.014,,
205200,0.013,0.013,0.014,0.014,0.014,,
205260,0.013,0.013,0.014,0.015,0.015,,
205320,0.013,0.013,0.014,0.015,0.015,,
205380,0.013,0.014,0.014,0.015,0.015,,
205440,0.013,0.014,0.014,0.015,0.015,,
205500,0.012,0.013,0.013,0.014,0.014,,
205560,0.013,0.013,0.014,0.014,0.014,,
205620,0.013,0.013,0.014,0.014,0.014,,
205680,0.012,0.013,0.014,0.014,0.014,,
205740,0.013,0.013,0.014,0.014,0.014,,
205800,0.012,0.013,0.014,0.014,0.014,,
205860,0.013,0.013,0.014,0.014,0.014,,
205920,0.012,0.013,0.014,0.014,0.014,,
205980,0.013,0.013,0.014,0.015,0.015,,
206040,0.013,0.013,0.014,0.014,0.014,,
206100,0.012,0.013,0.014,0.014,0.014,,
206160,0.012,0.013,0.013,0.014,0.014,,
206220,0.012,0.013,0.014,0.014,0.015,,
206280,0.013,0.013,0.014,0.014,0.014,,
206340,0.012,0.013,0.014,0.014,0.014,,
206400,0.013,0.013,0.014,0.014,0.014,,
206460,0.012,0.013,0.014,0.014,0.014,,
206520,0.013,0.013,0.014,0.015,0.015,,
206580,0.012,0.013,0.014,0.015,0.015,,
206640,0.012,0.013,0.013,0.014,0.014,,
206700,0.012,0.013,0.014,0.014,0.014,,
206760,0.012,0.013,0.014,0.014,0.014,,
206820,0.012,0.013,0.013,0.014,0.014,,
206880,0.012,0.013,0.014,0.014,0.014,,
206940,0.012,0.013,0.013,0.014,0.014,,
207000,0.012,0.013,0.013,0.013,0.014,,
207060,0.012,0.013,0.013,0.014,0.014,,
207120,0.012,0.012,0.013,0.013,0.013,,
207180,0.012,0.013,0.013,0.014,0.014,,
207240,0.012,0.012,0.013,0.014,0.014,,
207300,0.012,0.013,0.013,0.014,0.014,,
207360,0.012,0.013,0.013,0.014,0.014,,
207420,0.012,0.013,0.013,0.014,0.014,,
207480,0.012,0.012,0.013,0.013,0.013,,
207540,0.012,0.013,0.013,0.014,0.014,,
207600,0.012,0.012,0.013,0.013,0.014,,
207660,0.012,0.012,0.013,0.014,0.014,,
207720,0.012,0.012,0.013,0.013,0.013,,
207780,0.012,0.013,0.013,0.014,0.014,,
207840,0.012,0.013,0.013,0.014,0.014,,
207900,0.011,0.012,0.012,0.013,0.013,,
207960,0.012,0.012,0.013,0.014,0.014,,
208020,0.012,0.013,0.013,0.014,0.014,,
208080,0.012,0.013,0.013,0.014,0.014,,
208140,0.011,0.012,0.013,0.013,0.013,,
208200,0.012,0.012,0.013,0.013,0.013,,
208260,0.011,0.012,0.012,0.013,0.013,,
208320,0.012,0.012,0.013,0.014,0.014,,
208380,0.012,0.012,0.013,0.013,0.013,,
208440,0.011,0.012,0.013,0.013,0.013,,
208500,0.011,0.012,0.013,0.013,0.013,,
208560,0.011,0.012,0.013,0.013,0.013,,
208620,0.011,0.012,0.012,0.013,0.013,,
208680,0.011,0.012,0.012,0.013,0.013,,
208740,0.011,0.012,0.013,0.013,0.013,,
208800,0.011,0.012,0.012,0.013,0.013,,
208860,0.011,0.012,0.013,0.013,0.013,,
208920,0.011,0.012,0.013,0.013,0.013,,
208980,0.012,0.012,0.013,0.014,0.014,,
209040,0.011,0.012,0.012,0.013,0.013,,
209100,0.011,0.012,0.013,0.013,0.013,,
209160,0.011,0.012,0.012,0.013,0.013,,
209220,0.012,0.012,0.013,0.013,0.013,,
209280,0.011,0.012,0.012,0.012,0.012,,
209340,0.011,0.012,0.012,0.013,0.013,,
209400,0.012,0.012,0.013,0.013,0.014,,
209460,0.012,0.012,0.013,0.014,0.014,,
209520,0.012,0.013,0.013,0.014,0.014,,
209580,0.011,0.011,0.012,0.012,0.012,,
209640,0.012,0.012,0.013,0.013,0.013,,
209700,0.011,0.012,0.012,0.013,0.013,,
209760,0.011,0.012,0.012,0.013,0.013,,
209820,0.011,0.012,0.012,0.013,0.013,,
209880,0.011,0.012,0.012,0.013,0.013,,
209940,0.011,0.012,0.012,0.012,0.012,,
210000,0.011,0.012,0.012,0.013,0.013,,
210060,0.011,0.012,0.012,0.012,0.012,,
210120,0.012,0.012,0.013,0.013,0.013,,
210180,0.011,0.012,0.012,0.012,0.012,,
210240,0.011,0.012,0.012,0.013,0.013,,
210300,0.011,0.012,0.012,0.012,0.012,,
210360,0.011,0.012,0.012,0.013,0.013,,
210420,0.011,0.011,0.012,0.012,0.012,,
210480,0.011,0.012,0.012,0.013,0.013,,
210540,0.011,0.011,0.012,0.012,0.012,,
210600,0.011,0.011,0.012,0.012,0.012,,
210660,0.011,0.012,0.012,0.013,0.013,,
210720,0.010,0.011,0.011,0.012,0.012,,
210780,0.011,0.011,0.012,0.012,0.012,,
210840,0.011,0.011,0.012,0.012,0.012,,
210900,0.011,0.011,0.012,0.012,0.013,,
210960,0.010,0.011,0.011,0.012,0.012,,
211020,0.011,0.011,0.012,0.012,0.012,,
211080,0.011,0.011,0.012,0.012,0.013,,
211140,0.011,0.011,0.012,0.012,0.012,,
211200,0.010,0.011,0.011,0.012,0.012,,
211260,0.010,0.011,0.011,0.012,0.012,,
211320,0.010,0.011,0.011,0.012,0.012,,
211380,0.010,0.011,0.011,0.012,0.012,,
211440,0.011,0.011,0.012,0.012,0.012,,
211500,0.011,0.011,0.012,0.012,0.013,,
211560,0.011,0.011,0.012,0.012,0.012,,
211620,0.010,0.011,0.011,0.011,0.011,,
211680,0.010,0.011,0.011,0.011,0.011,,
211740,0.010,0.011,0.011,0.012,0.012,,
211800,0.010,0.011,0.011,0.012,0.012,,
211860,0.010,0.011,0.011,0.011,0.012,,
211920,0.010,0.011,0.011,0.012,0.012,,
211980,0.010,0.011,0.011,0.011,0.011,,
212040,0.010,0.011,0.011,0.011,0.011,,
212100,0.010,0.011,0.011,0.012,0.012,,
212160,0.010,0.011,0.011,0.012,0.012,,
212220,0.010,0.011,0.011,0.011,0.011,,
212280,0.010,0.011,0.011,0.011,0.011,,
212340,0.010,0.011,0.011,0.011,0.011,,
212400,0.010,0.011,0.011,0.011,0.011,,
212460,0.010,0.011,0.011,0.012,0.012,,
212520,0.010,0.010,0.011,0.011,0.011,,
212580,0.010,0.010,0.010,0.011,0.011,,
212640,0.010,0.011,0.011,0.012,0.012,,
212700,0.010,0.011,0.011,0.011,0.011,,
212760,0.010,0.011,0.011,0.012,0.012,,
212820,0.010,0.011,0.011,0.011,0.012,,
212880,0.010,0.010,0.011,0.011,0.011,,
212940,0.010,0.010,0.011,0.011,0.011,,
213000,0.009,0.010,0.010,0.011,0.011,,
213060,0.010,0.010,0.011,0.011,0.011,,
213120,0.010,0.010,0.011,0.011,0.011,,
213180,0.009,0.010,0.010,0.010,0.010,,
213240,0.010,0.010,0.011,0.011,0.011,,
213300,0.010,0.010,0.011,0.011,0.011,,
213360,0.010,0.010,0.011,0.011,0.011,,
213420,0.010,0.010,0.011,0.011,0.011,,
213480,0.010,0.010,0.011,0.011,0.011,,
213540,0.010,0.011,0.011,0.011,0.011,,
213600,0.010,0.010,0.011,0.011,0.011,,
213660,0.010,0.010,0.011,0.011,0.011,,
213720,0.010,0.010,0.010,0.011,0.011,,
213780,0.009,0.010,0.010,0.011,0.011,,
213840,0.010,0.010,0.010,0.011,0.011,,
213900,0.009,0.010,0.010,0.010,0.010,,
213960,0.010,0.010,0.011,0.011,0.012,,
214020,0.009,0.010,0.010,0.011,0.011,,
214080,0.010,0.010,0.011,0.011,0.011,,
214140,0.009,0.010,0.010,0.010,0.010,,
214200,0.009,0.010,0.010,0.010,0.010,,
214260,0.010,0.010,0.011,0.011,0.011,,
214320,0.009,0.010,0.010,0.011,0.011,,
214380,0.009,0.010,0.010,0.010,0.011,,
214440,0.009,0.010,0.010,0.010,0.010,,
214500,0.009,0.010,0.010,0.010,0.010,,
214560,0.009,0.010,0.010,0.010,0.010,,
214620,0.009,0.010,0.010,0.010,0.010,,
214680,0.009,0.010,0.010,0.010,0.010,,
214740,0.009,0.010,0.010,0.010,0.010,,
214800,0.009,0.010,0.010,0.010,0.010,,
214860,0.009,0.010,0.010,0.010,0.010,,
214920,0.009,0.009,0.010,0.010,0.010,,
214980,0.009,0.009,0.010,0.010,0.010,,
215040,0.009,0.010,0.010,0.010,0.011,,
215100,0.009,0.009,0.010,0.010,0.010,,
215160,0.009,0.009,0.010,0.010,0.010,,
215220,0.009,0.010,0.010,0.011,0.011,,
215280,0.009,0.010,0.010,0.010,0.011,,
215340,0.009,0.009,0.010,0.010,0.010,,
215400,0.009,0.009,0.010,0.010,0.010,,
215460,0.008,0.009,0.009,0.010,0.010,,
215520,0.009,0.009,0.010,0.010,0.010,,
215580,0.009,0.009,0.010,0.010,0.010,,
215640,0.009,0.009,0.010,0.010,0.010,,
215700,0.009,0.009,0.009,0.010,0.010,,
215760,0.009,0.009,0.010,0.010,0.010,,
215820,0.009,0.009,0.009,0.010,0.010,,
215880,0.009,0.010,0.010,0.010,0.011,,
215940,0.009,0.009,0.009,0.010,0.010,,
216000,0.009,0.009,0.010,0.010,0.010,,
216060,0.009,0.009,0.010,0.010,0.010,,
216120,0.009,0.009,0.010,0.010,0.010,,
216180,0.009,0.009,0.009,0.010,0.010,,
216240,0.009,0.009,0.010,0.010,0.010,,
216300,0.009,0.009,0.010,0.010,0.010,,
216360,0.009,0.009,0.010,0.010,0.010,,
216420,0.009,0.009,0.010,0.010,0.010,,
216480,0.008,0.009,0.009,0.009,0.009,,
216540,0.009,0.010,0.010,0.010,0.010,,
216600,0.009,0.009,0.010,0.010,0.010,,
216660,0.009,0.009,0.010,0.010,0.010,,
216720,0.009,0.009,0.010,0.010,0.010,,
216780,0.009,0.009,0.009,0.010,0.010,,
216840,0.009,0.009,0.009,0.010,0.010,,
216900,0.009,0.009,0.010,0.010,0.010,,
216960,0.009,0.009,0.009,0.010,0.010,,
217020,0.009,0.009,0.010,0.010,0.010,,
217080,0.009,0.009,0.010,0.010,0.010,,
217140,0.008,0.009,0.009,0.009,0.009,,
217200,0.009,0.009,0.009,0.010,0.010,,
217260,0.009,0.009,0.009,0.010,0.010,,
217320,0.009,0.009,0.010,0.010,0.010,,
217380,0.009,0.009,0.010,0.010,0.010,,
217440,0.008,0.009,0.009,0.009,0.009,,
217500,0.008,0.009,0.009,0.009,0.009,,
217560,0.009,0.009,0.009,0.010,0.010,,
217620,0.008,0.009,0.009,0.010,0.010,,
217680,0.008,0.009,0.009,0.009,0.009,,
217740,0.009,0.009,0.010,0.010,0.010,,
217800,0.009,0.009,0.009,0.010,0.010,,
217860,0.009,0.009,0.009,0.009,0.009,,
217920,0.008,0.009,0.009,0.009,0.009,,
217980,0.008,0.009,0.009,0.009,0.009,,
218040,0.008,0.009,0.009,0.009,0.009,,
218100,0.008,0.009,0.009,0.009,0.009,,
218160,0.008,0.009,0.009,0.009,0.009,,
218220,0.008,0.009,0.009,0.010,0.010,,
218280,0.008,0.009,0.009,0.009,0.009,,
218340,0.009,0.009,0.009,0.009,0.009,,
218400,0.008,0.009,0.009,0.010,0.010,,
218460,0.009,0.009,0.009,0.010,0.010,,
218520,0.008,0.009,0.009,0.010,0.010,,
218580,0.008,0.008,0.009,0.009,0.009,,
218640,0.009,0.009,0.009,0.009,0.009,,
218700,0.009,0.009,0.009,0.010,0.010,,
218760,0.008,0.009,0.009,0.009,0.009,,
218820,0.008,0.009,0.009,0.009,0.009,,
218880,0.008,0.009,0.009,0.009,0.009,,
218940,0.008,0.008,0.009,0.009,0.009,,
219000,0.008,0.008,0.009,0.009,0.009,,
219060,0.008,0.009,0.009,0.010,0.010,,
219120,0.008,0.009,0.009,0.009,0.009,,
219180,0.008,0.009,0.009,0.009,0.009,,
219240,0.008,0.009,0.009,0.009,0.009,,
219300,0.008,0.009,0.009,0.009,0.010,,
219360,0.008,0.008,0.009,0.009,0.009,,
219420,0.008,0.009,0.009,0.009,0.009,,
219480,0.008,0.008,0.009,0.009,0.009,,
219540,0.008,0.008,0.008,0.009,0.009,,
219600,0.008,0.009,0.009,0.009,0.009,,
219660,0.008,0.008,0.009,0.009,0.009,,
219720,0.008,0.008,0.009,0.009,0.009,,
219780,0.008,0.009,0.009,0.009,0.009,,
219840,0.008,0.009,0.009,0.009,0.009,,
219900,0.008,0.009,0.009,0.009,0.009,,
219960,0.008,0.008,0.009,0.009,0.009,,
220020,0.008,0.008,0.009,0.009,0.009,,
220080,0.008,0.008,0.008,0.009,0.009,,
220140,0.008,0.008,0.009,0.009,0.009,,
220200,0.008,0.009,0.009,0.009,0.009,,
220260,0.008,0.009,0.009,0.009,0.009,,
220320,0.008,0.008,0.009,0.009,0.009,,
220380,0.008,0.008,0.009,0.009,0.009,,
220440,0.008,0.008,0.008,0.008,0.008,,
220500,0.008,0.008,0.008,0.009,0.009,,
220560,0.008,0.008,0.009,0.009,0.009,,
220620,0.008,0.009,0.009,0.009,0.009,,
220680,0.008,0.008,0.009,0.009,0.009,,
220740,0.008,0.008,0.008,0.008,0.008,,
220800,0.008,0.008,0.009,0.009,0.009,,
220860,0.007,0.008,0.008,0.008,0.008,,
220920,0.007,0.008,0.008,0.008,0.008,,
220980,0.008,0.008,0.008,0.009,0.009,,
221040,0.008,0.008,0.009,0.009,0.009,,
221100,0.008,0.008,0.008,0.009,0.009,,
221160,0.008,0.009,0.009,0.009,0.010,,
221220,0.008,0.008,0.008,0.009,0.009,,
221280,0.008,0.008,0.008,0.009,0.009,,
221340,0.008,0.008,0.008,0.008,0.008,,
221400,0.008,0.008,0.009,0.009,0.009,,
221460,0.008,0.008,0.008,0.009,0.009,,
221520,0.008,0.008,0.008,0.008,0.008,,
221580,0.008,0.008,0.009,0.009,0.009,,
221640,0.008,0.008,0.008,0.009,0.009,,
221700,0.008,0.008,0.008,0.008,0.008,,
221760,0.008,0.008,0.009,0.009,0.009,,
221820,0.008,0.008,0.008,0.008,0.009,,
221880,0.007,0.008,0.008,0.008,0.008,,
221940,0.008,0.008,0.008,0.008,0.008,,
222000,0.008,0.008,0.008,0.008,0.008,,
222060,0.008,0.008,0.008,0.008,0.008,,
222120,0.007,0.008,0.008,0.008,0.008,,
222180,0.007,0.008,0.008,0.008,0.008,,
222240,0.008,0.008,0.008,0.008,0.008,,
222300,0.008,0.008,0.009,0.009,0.009,,
222360,0.008,0.008,0.008,0.008,0.008,,
222420,0.008,0.008,0.008,0.008,0.008,,
222480,0.008,0.008,0.008,0.008,0.008,,
222540,0.007,0.008,0.008,0.008,0.008,,
222600,0.007,0.008,0.008,0.008,0.008,,
222660,0.007,0.008,0.008,0.008,0.008,,
222720,0.007,0.008,0.008,0.008,0.008,,
222780,0.008,0.008,0.008,0.008,0.008,,
222840,0.007,0.008,0.008,0.008,0.008,,
222900,0.007,0.008,0.008,0.008,0.008,,
222960,0.007,0.008,0.008,0.008,0.008,,
223020,0.007,0.008,0.008,0.008,0.008,,
223080,0.007,0.008,0.008,0.008,0.008,,
223140,0.007,0.008,0.008,0.008,0.008,,
223200,0.007,0.008,0.008,0.008,0.008,,
223260,0.008,0.008,0.008,0.009,0.009,,
223320,0.007,0.008,0.008,0.008,0.008,,
223380,0.008,0.008,0.008,0.008,0.008,,
223440,0.007,0.008,0.008,0.008,0.008,,
223500,0.007,0.008,0.008,0.008,0.008,,
223560,0.007,0.008,0.008,0.008,0.008,,
223620,0.007,0.008,0.008,0.008,0.008,,
223680,0.007,0.008,0.008,0.008,0.008,,
223740,0.007,0.008,0.008,0.008,0.008,,
223800,0.007,0.008,0.008,0.008,0.008,,
223860,0.007,0.008,0.008,0.008,0.008,,
223920,0.007,0.008,0.008,0.008,0.008,,
223980,0.007,0.008,0.008,0.008,0.008,,
224040,0.007,0.008,0.008,0.008,0.008,,
224100,0.007,0.008,0.008,0.008,0.008,,
224160,0.007,0.008,0.008,0.008,0.008,,
224220,0.007,0.008,0.008,0.008,0.008,,
224280,0.007,0.008,0.008,0.008,0.008,,
224340,0.007,0.008,0.008,0.008,0.008,,
224400,0.007,0.008,0.008,0.008,0.008,,
224460,0.007,0.007,0.008,0.008,0.008,,
224520,0.007,0.008,0.008,0.008,0.008,,
224580,0.007,0.008,0.008,0.008,0.008,,
224640,0.008,0.008,0.008,0.008,0.008,,
224700,0.007,0.007,0.008,0.008,0.008,,
224760,0.007,0.007,0.008,0.008,0.008,,
224820,0.007,0.007,0.008,0.008,0.008,,
224880,0.007,0.007,0.008,0.008,0.008,,
224940,0.007,0.007,0.008,0.008,0.008,,
225000,0.007,0.007,0.008,0.008,0.008,,
225060,0.007,0.007,0.008,0.008,0.008,,
225120,0.007,0.007,0.008,0.008,0.008,,
225180,0.007,0.008,0.008,0.008,0.008,,
225240,0.007,0.008,0.008,0.008,0.008,,
225300,0.007,0.008,0.008,0.008,0.008,,
225360,0.007,0.007,0.008,0.008,0.008,,
225420,0.007,0.007,0.008,0.008,0.008,,
225480,0.007,0.008,0.008,0.008,0.008,,
225540,0.007,0.007,0.007,0.008,0.008,,
225600,0.007,0.007,0.008,0.008,0.008,,
225660,0.007,0.007,0.007,0.007,0.007,,
225720,0.007,0.007,0.008,0.008,0.008,,
225780,0.007,0.008,0.008,0.008,0.008,,
225840,0.007,0.007,0.008,0.008,0.008,,
225900,0.007,0.008,0.008,0.008,0.008,,
225960,0.007,0.007,0.008,0.008,0.008,,
226020,0.007,0.007,0.007,0.007,0.007,,
226080,0.007,0.007,0.007,0.007,0.007,,
226140,0.007,0.008,0.008,0.008,0.008,,
226200,0.007,0.007,0.008,0.008,0.008,,
226260,0.008,0.008,0.008,0.008,0.008,,
226320,0.007,0.007,0.008,0.008,0.008,,
226380,0.007,0.007,0.008,0.008,0.008,,
226440,0.007,0.007,0.008,0.008,0.008,,
226500,0.007,0.007,0.007,0.008,0.008,,
226560,0.007,0.007,0.008,0.008,0.008,,
226620,0.007,0.007,0.007,0.007,0.007,,
226680,0.007,0.007,0.008,0.008,0.008,,
226740,0.007,0.007,0.008,0.008,0.008,,
226800,0.007,0.007,0.008,0.008,0.008,,
226860,0.007,0.007,0.008,0.008,0.008,,
226920,0.007,0.007,0.008,0.008,0.008,,
226980,0.007,0.007,0.008,0.008,0.008,,
227040,0.007,0.007,0.008,0.008,0.008,,
227100,0.007,0.007,0.008,0.008,0.008,,
227160,0.007,0.007,0.007,0.008,0.008,,
227220,0.007,0.007,0.007,0.008,0.008,,
227280,0.007,0.008,0.008,0.008,0.008,,
227340,0.007,0.008,0.008,0.008,0.009,,
227400,0.007,0.008,0.008,0.008,0.008,,
227460,0.007,0.007,0.008,0.008,0.008,,
227520,0.007,0.007,0.008,0.008,0.008,,
227580,0.007,0.007,0.008,0.008,0.008,,
227640,0.007,0.008,0.008,0.008,0.009,,
227700,0.007,0.007,0.007,0.007,0.007,,
227760,0.007,0.008,0.008,0.008,0.008,,
227820,0.007,0.007,0.008,0.008,0.008,,
227880,0.007,0.008,0.008,0.008,0.009,,
227940,0.007,0.008,0.008,0.008,0.009,,
228000,0.009,0.009,0.009,0.011,0.015,,
228060,0.008,0.008,0.009,0.010,0.011,,
228120,0.007,0.008,0.008,0.009,0.010,,
228180,0.008,0.008,0.009,0.009,0.011,,
228240,0.008,0.008,0.008,0.009,0.011,,
228300,0.007,0.008,0.008,0.008,0.009,,
228360,0.008,0.008,0.008,0.009,0.011,,
228420,0.007,0.008,0.008,0.008,0.010,,
228480,0.007,0.008,0.008,0.008,0.010,,
228540,0.007,0.007,0.008,0.008,0.008,,
228600,0.008,0.008,0.009,0.010,0.011,,
228660,0.008,0.009,0.009,0.010,0.013,,
228720,0.009,0.010,0.010,0.011,0.012,,
228780,0.008,0.008,0.009,0.010,0.010,,
228840,0.008,0.009,0.009,0.011,0.013,,
228900,0.008,0.009,0.009,0.011,0.013,,
228960,0.009,0.009,0.010,0.012,0.014,,
229020,0.008,0.009,0.009,0.011,0.013,,
229080,0.009,0.009,0.010,0.012,0.014,,
229140,0.008,0.009,0.009,0.011,0.012,,
229200,0.009,0.009,0.010,0.012,0.015,,
229260,0.009,0.009,0.010,0.011,0.013,,
229320,0.008,0.009,0.010,0.012,0.013,,
229380,0.009,0.009,0.010,0.011,0.013,,
229440,0.008,0.009,0.009,0.011,0.013,,
229500,0.009,0.009,0.010,0.011,0.013,,
229560,0.009,0.009,0.010,0.012,0.013,,
229620,0.010,0.010,0.011,0.013,0.014,,
229680,0.009,0.009,0.010,0.011,0.013,,
229740,0.009,0.010,0.010,0.013,0.014,,
229800,0.009,0.009,0.010,0.012,0.014,,
229860,0.009,0.009,0.010,0.012,0.013,,
229920,0.008,0.009,0.009,0.011,0.011,,
229980,0.008,0.009,0.010,0.012,0.013,,
230040,0.008,0.009,0.010,0.012,0.013,,
230100,0.008,0.009,0.009,0.011,0.011,,
230160,0.009,0.009,0.010,0.012,0.015,,
230220,0.007,0.008,0.009,0.010,0.010,,
230280,0.008,0.009,0.010,0.011,0.011,,
230340,0.008,0.008,0.009,0.011,0.011,,
230400,0.009,0.009,0.010,0.011,0.012,,
230460,0.010,0.010,0.011,0.013,0.016,,
230520,0.009,0.009,0.010,0.012,0.014,,
230580,0.009,0.009,0.010,0.012,0.014,,
230640,0.008,0.009,0.010,0.012,0.013,,
230700,0.009,0.010,0.010,0.012,0.014,,
230760,0.009,0.009,0.010,0.012,0.014,,
230820,0.008,0.009,0.010,0.011,0.012,,
230880,0.009,0.009,0.010,0.012,0.013,,
230940,0.009,0.009,0.010,0.012,0.013,,
231000,0.010,0.010,0.011,0.013,0.016,,
231060,0.009,0.009,0.010,0.012,0.013,,
231120,0.010,0.011,0.012,0.014,0.018,,
231180,0.008,0.009,0.009,0.012,0.012,,
231240,0.008,0.009,0.010,0.011,0.011,,
231300,0.010,0.011,0.012,0.014,0.018,,
231360,0.010,0.011,0.012,0.013,0.017,,
231420,0.012,0.012,0.014,0.018,0.023,,
231480,0.014,0.015,0.017,0.023,0.030,,
231540,0.014,0.015,0.017,0.022,0.032,,
231600,0.012,0.013,0.015,0.022,0.026,,
231660,0.013,0.014,0.016,0.022,0.029,,
231720,0.012,0.013,0.015,0.021,0.024,,
231780,0.013,0.014,0.016,0.022,0.027,,
231840,0.016,0.017,0.019,0.023,0.031,,
231900,0.013,0.014,0.016,0.021,0.026,,
231960,0.014,0.015,0.017,0.022,0.029,,
232020,0.012,0.013,0.015,0.020,0.023,,
232080,0.012,0.012,0.014,0.019,0.023,,
232140,0.011,0.012,0.013,0.017,0.021,,
232200,0.012,0.013,0.014,0.018,0.022,,
232260,0.012,0.013,0.014,0.019,0.023,,
232320,0.011,0.012,0.013,0.018,0.020,,
232380,0.011,0.012,0.014,0.018,0.022,,
232440,0.011,0.011,0.013,0.017,0.020,,
232500,0.011,0.012,0.014,0.016,0.020,,
232560,0.012,0.013,0.014,0.017,0.019,,
232620,0.011,0.012,0.013,0.017,0.020,,
232680,0.011,0.011,0.013,0.017,0.020,,
232740,0.010,0.011,0.013,0.016,0.018,,
232800,0.011,0.012,0.013,0.016,0.019,,
232860,0.011,0.011,0.013,0.016,0.019,,
232920,0.010,0.011,0.012,0.015,0.017,,
232980,0.010,0.011,0.012,0.015,0.018,,
233040,0.010,0.011,0.012,0.015,0.017,,
233100,0.011,0.011,0.013,0.016,0.021,,
233160,0.011,0.012,0.013,0.016,0.019,,
233220,0.010,0.011,0.012,0.015,0.016,,
233280,0.010,0.011,0.012,0.014,0.016,,
233340,0.010,0.010,0.012,0.015,0.016,,
233400,0.010,0.010,0.012,0.015,0.017,,
233460,0.009,0.010,0.011,0.013,0.014,,
233520,0.009,0.010,0.011,0.014,0.014,,
233580,0.009,0.010,0.011,0.013,0.015,,
233640,0.010,0.010,0.011,0.014,0.016,,
233700,0.010,0.010,0.012,0.014,0.017,,
233760,0.009,0.010,0.011,0.014,0.016,,
233820,0.009,0.010,0.011,0.014,0.015,,
233880,0.010,0.011,0.012,0.015,0.016,,
233940,0.009,0.009,0.011,0.012,0.013,,
234000,0.008,0.009,0.010,0.012,0.014,,
234060,0.009,0.009,0.011,0.013,0.013,,
234120,0.009,0.009,0.011,0.013,0.013,,
234180,0.008,0.009,0.010,0.012,0.013,,
234240,0.009,0.010,0.011,0.013,0.014,,
234300,0.008,0.009,0.010,0.012,0.013,,
234360,0.009,0.009,0.011,0.013,0.014,,
234420,0.009,0.010,0.011,0.013,0.014,,
234480,0.008,0.009,0.010,0.012,0.013,,
234540,0.009,0.010,0.011,0.013,0.013,,
234600,0.009,0.010,0.011,0.013,0.014,,
234660,0.008,0.009,0.010,0.011,0.012,,
234720,0.009,0.010,0.011,0.013,0.015,,
234780,0.008,0.009,0.010,0.012,0.012,,
234840,0.008,0.009,0.010,0.012,0.013,,
234900,0.008,0.009,0.010,0.012,0.013,,
234960,0.008,0.009,0.010,0.013,0.014,,
235020,0.008,0.008,0.009,0.011,0.012,,
235080,0.008,0.008,0.010,0.011,0.012,,
235140,0.008,0.009,0.010,0.011,0.012,,
235200,0.008,0.009,0.010,0.011,0.011,,
235260,0.008,0.009,0.010,0.012,0.013,,
235320,0.008,0.009,0.010,0.012,0.013,,
235380,0.008,0.009,0.010,0.012,0.012,,
235440,0.008,0.008,0.009,0.011,0.011,,
235500,0.008,0.009,0.010,0.012,0.013,,
235560,0.008,0.008,0.009,0.012,0.012,,
235620,0.008,0.008,0.009,0.011,0.012,,
235680,0.008,0.008,0.009,0.011,0.011,,
235740,0.008,0.008,0.009,0.011,0.011,,
235800,0.007,0.008,0.008,0.010,0.010,,
235860,0.007,0.008,0.009,0.010,0.011,,
235920,0.007,0.008,0.009,0.010,0.011,,
235980,0.007,0.008,0.009,0.010,0.010,,
236040,0.007,0.008,0.009,0.010,0.010,,
236100,0.008,0.008,0.009,0.011,0.011,,
236160,0.008,0.009,0.009,0.011,0.011,,
236220,0.008,0.009,0.010,0.011,0.012,,
236280,0.007,0.008,0.009,0.011,0.011,,
236340,0.007,0.008,0.009,0.010,0.010,,
236400,0.007,0.008,0.009,0.010,0.010,,
236460,0.008,0.009,0.010,0.011,0.012,,
236520,0.008,0.009,0.010,0.012,0.012,,
236580,0.008,0.009,0.009,0.011,0.012,,
236640,0.008,0.009,0.010,0.012,0.012,,
236700,0.008,0.009,0.010,0.011,0.012,,
236760,0.008,0.008,0.009,0.011,0.011,,
236820,0.008,0.009,0.010,0.012,0.012,,
236880,0.009,0.009,0.010,0.013,0.013,,
236940,0.010,0.011,0.012,0.014,0.017,,
237000,0.008,0.009,0.010,0.011,0.013,,
237060,0.009,0.010,0.011,0.013,0.014,,
237120,0.008,0.009,0.010,0.013,0.013,,
237180,0.009,0.010,0.011,0.014,0.014,,
237240,0.009,0.010,0.011,0.014,0.015,,
237300,0.009,0.010,0.011,0.013,0.013,,
237360,0.009,0.010,0.011,0.013,0.014,,
237420,0.008,0.009,0.010,0.013,0.014,,
237480,0.009,0.010,0.011,0.013,0.016,,
237540,0.009,0.010,0.011,0.013,0.014,,
237600,0.009,0.010,0.011,0.014,0.016,,
237660,0.009,0.010,0.011,0.013,0.015,,
237720,0.009,0.009,0.010,0.012,0.013,,
237780,0.009,0.009,0.011,0.012,0.014,,
237840,0.009,0.010,0.011,0.013,0.015,,
237900,0.009,0.010,0.011,0.013,0.015,,
237960,0.008,0.009,0.010,0.013,0.013,,
238020,0.008,0.009,0.010,0.011,0.014,,
238080,0.010,0.010,0.011,0.012,0.014,,
238140,0.008,0.009,0.010,0.011,0.013,,
238200,0.008,0.009,0.010,0.013,0.013,,
238260,0.010,0.011,0.012,0.015,0.021,,
238320,0.011,0.012,0.013,0.016,0.025,,
238380,0.012,0.013,0.014,0.017,0.023,,
238440,0.010,0.011,0.012,0.015,0.019,,
238500,0.018,0.019,0.021,0.026,0.035,,
238560,0.020,0.021,0.023,0.031,0.048,,
238620,0.022,0.023,0.025,0.037,0.055,,
238680,0.022,0.024,0.026,0.036,0.052,,
238740,0.020,0.021,0.023,0.034,0.048,,
238800,0.023,0.024,0.026,0.036,0.058,,
238860,0.021,0.022,0.024,0.034,0.050,,
238920,0.019,0.020,0.023,0.033,0.047,,
238980,0.019,0.020,0.022,0.033,0.047,,
239040,0.020,0.021,0.023,0.034,0.049,,
239100,0.018,0.019,0.022,0.032,0.043,,
239160,0.023,0.024,0.026,0.037,0.055,,
239220,0.019,0.020,0.022,0.031,0.041,,
239280,0.020,0.021,0.023,0.034,0.047,,
239340,0.018,0.019,0.022,0.031,0.046,,
239400,0.018,0.019,0.022,0.032,0.042,,
239460,0.020,0.021,0.024,0.036,0.047,,
239520,0.020,0.021,0.024,0.035,0.045,,
239580,0.017,0.018,0.020,0.031,0.040,,
239640,0.018,0.019,0.021,0.029,0.041,,
239700,0.020,0.021,0.023,0.034,0.049,,
239760,0.020,0.021,0.023,0.032,0.045,,
239820,0.019,0.020,0.022,0.032,0.045,,
239880,0.018,0.019,0.021,0.033,0.042,,
239940,0.017,0.018,0.020,0.030,0.036,,
240000,0.016,0.018,0.020,0.028,0.035,,
240060,0.017,0.018,0.020,0.029,0.038,,
240120,0.016,0.017,0.020,0.028,0.036,,
240180,0.017,0.018,0.020,0.027,0.036,,
240240,0.018,0.020,0.022,0.030,0.039,,
240300,0.016,0.017,0.019,0.027,0.032,,
240360,0.016,0.018,0.020,0.028,0.035,,
240420,0.018,0.019,0.021,0.030,0.037,,
240480,0.016,0.017,0.019,0.025,0.034,,
240540,0.015,0.016,0.018,0.026,0.032,,
240600,0.016,0.017,0.019,0.028,0.034,,
240660,0.016,0.017,0.019,0.027,0.035,,
240720,0.014,0.016,0.018,0.024,0.029,,
240780,0.016,0.017,0.019,0.025,0.033,,
240840,0.014,0.015,0.017,0.023,0.026,,
240900,0.015,0.016,0.018,0.024,0.031,,
240960,0.013,0.014,0.016,0.022,0.026,,
241020,0.015,0.017,0.019,0.025,0.032,,
241080,0.014,0.015,0.017,0.024,0.028,,
241140,0.013,0.015,0.016,0.023,0.025,,
241200,0.013,0.014,0.016,0.021,0.025,,
241260,0.012,0.013,0.015,0.020,0.023,,
241320,0.016,0.017,0.019,0.025,0.029,,
241380,0.013,0.014,0.015,0.020,0.027,,
241440,0.013,0.014,0.016,0.020,0.025,,
241500,0.014,0.015,0.017,0.024,0.028,,
241560,0.014,0.015,0.017,0.023,0.027,,
241620,0.013,0.014,0.016,0.022,0.026,,
241680,0.017,0.018,0.020,0.027,0.036,,
241740,0.014,0.015,0.016,0.021,0.027,,
241800,0.016,0.017,0.019,0.025,0.030,,
241860,0.015,0.016,0.018,0.025,0.030,,
241920,0.015,0.016,0.018,0.025,0.031,,
241980,0.016,0.017,0.018,0.024,0.033,,
242040,0.015,0.016,0.017,0.024,0.030,,
242100,0.015,0.016,0.017,0.023,0.029,,
242160,0.014,0.015,0.016,0.022,0.026,,
242220,0.016,0.017,0.019,0.024,0.033,,
242280,0.014,0.015,0.017,0.022,0.027,,
242340,0.014,0.015,0.017,0.022,0.029,,
242400,0.015,0.017,0.018,0.024,0.032,,
242460,0.015,0.016,0.018,0.024,0.030,,
242520,0.016,0.018,0.019,0.025,0.033,,
242580,0.014,0.015,0.017,0.025,0.029,,
242640,0.016,0.017,0.019,0.024,0.029,,
242700,0.016,0.017,0.019,0.025,0.029,,
242760,0.014,0.015,0.016,0.022,0.025,,
242820,0.016,0.017,0.019,0.025,0.032,,
242880,0.014,0.015,0.017,0.023,0.026,,
242940,0.013,0.014,0.016,0.022,0.028,,
243000,0.014,0.015,0.017,0.022,0.030,,
243060,0.013,0.014,0.016,0.021,0.025,,
243120,0.015,0.016,0.017,0.022,0.028,,
243180,0.015,0.016,0.017,0.024,0.031,,
243240,0.012,0.013,0.014,0.020,0.024,,
243300,0.014,0.015,0.016,0.023,0.031,,
243360,0.012,0.013,0.015,0.022,0.027,,
243420,0.013,0.014,0.015,0.022,0.026,,
243480,0.013,0.014,0.015,0.021,0.027,,
243540,0.014,0.015,0.016,0.023,0.030,,
243600,0.015,0.016,0.017,0.023,0.029,,
243660,0.014,0.015,0.016,0.023,0.030,,
243720,0.012,0.013,0.014,0.018,0.023,,
243780,0.012,0.012,0.013,0.019,0.023,,
243840,0.011,0.012,0.013,0.017,0.020,,
243900,0.010,0.011,0.012,0.015,0.018,,
243960,0.011,0.012,0.013,0.018,0.020,,
244020,0.012,0.013,0.014,0.019,0.022,,
244080,0.012,0.013,0.014,0.019,0.022,,
244140,0.012,0.013,0.014,0.018,0.020,,
244200,0.010,0.010,0.011,0.015,0.019,,
244260,0.010,0.011,0.012,0.015,0.018,,
244320,0.010,0.010,0.011,0.014,0.016,,
244380,0.009,0.009,0.010,0.013,0.014,,
244440,0.009,0.010,0.011,0.014,0.014,,
244500,0.008,0.008,0.009,0.011,0.013,,
244560,0.008,0.009,0.009,0.011,0.012,,
244620,0.009,0.009,0.010,0.012,0.013,,
244680,0.009,0.010,0.011,0.014,0.015,,
244740,0.010,0.011,0.012,0.015,0.019,,
244800,0.009,0.010,0.011,0.014,0.017,,
244860,0.009,0.010,0.010,0.013,0.015,,
244920,0.008,0.009,0.010,0.012,0.012,,
244980,0.009,0.010,0.010,0.013,0.015,,
245040,0.009,0.010,0.010,0.013,0.015,,
245100,0.010,0.010,0.011,0.013,0.016,,
245160,0.008,0.009,0.010,0.012,0.013,,
245220,0.009,0.009,0.010,0.012,0.013,,
245280,0.008,0.008,0.009,0.011,0.012,,
245340,0.008,0.009,0.010,0.011,0.013,,
245400,0.008,0.009,0.010,0.011,0.013,,
245460,0.009,0.009,0.010,0.012,0.014,,
245520,0.008,0.009,0.009,0.011,0.013,,
245580,0.008,0.009,0.010,0.013,0.015,,
245640,0.008,0.009,0.010,0.012,0.015,,
245700,0.008,0.009,0.009,0.012,0.014,,
245760,0.008,0.009,0.010,0.011,0.012,,
245820,0.008,0.009,0.010,0.012,0.013,,
245880,0.008,0.009,0.009,0.012,0.012,,
245940,0.008,0.009,0.009,0.012,0.012,,
246000,0.007,0.008,0.009,0.010,0.010,,
246060,0.007,0.008,0.008,0.010,0.010,,
246120,0.008,0.009,0.009,0.010,0.013,,
246180,0.008,0.009,0.009,0.011,0.012,,
246240,0.009,0.009,0.010,0.013,0.013,,
246300,0.008,0.008,0.009,0.010,0.011,,
246360,0.008,0.009,0.009,0.011,0.012,,
246420,0.008,0.009,0.009,0.011,0.012,,
246480,0.008,0.009,0.009,0.011,0.012,,
246540,0.008,0.008,0.009,0.010,0.011,,
246600,0.008,0.009,0.009,0.011,0.012,,
246660,0.008,0.009,0.009,0.011,0.011,,
246720,0.008,0.009,0.009,0.011,0.012,,
246780,0.009,0.009,0.010,0.012,0.014,,
246840,0.009,0.009,0.010,0.012,0.014,,
246900,0.008,0.009,0.009,0.011,0.012,,
246960,0.009,0.009,0.010,0.011,0.012,,
247020,0.008,0.009,0.009,0.010,0.011,,
247080,0.008,0.009,0.009,0.010,0.011,,
247140,0.008,0.009,0.010,0.011,0.011,,
247200,0.009,0.009,0.010,0.012,0.012,,
247260,0.008,0.008,0.009,0.010,0.012,,
247320,0.007,0.008,0.008,0.009,0.009,,
247380,0.008,0.009,0.009,0.010,0.011,,
247440,0.010,0.010,0.011,0.014,0.016,,
247500,0.011,0.011,0.012,0.016,0.019,,
247560,0.009,0.010,0.011,0.014,0.014,,
247620,0.009,0.010,0.011,0.013,0.014,,
247680,0.011,0.011,0.012,0.016,0.018,,
247740,0.011,0.012,0.013,0.017,0.019,,
247800,0.010,0.010,0.011,0.014,0.014,,
247860,0.010,0.011,0.011,0.015,0.016,,
247920,0.010,0.010,0.011,0.015,0.016,,
247980,0.012,0.013,0.014,0.017,0.023,,
248040,0.011,0.011,0.012,0.015,0.019,,
248100,0.011,0.011,0.012,0.015,0.021,,
248160,0.011,0.012,0.013,0.017,0.023,,
248220,0.014,0.015,0.016,0.020,0.030,,
248280,0.016,0.016,0.018,0.024,0.034,,
248340,0.018,0.019,0.020,0.029,0.045,,
248400,0.014,0.015,0.016,0.025,0.032,,
248460,0.022,0.022,0.024,0.033,0.049,,
248520,0.018,0.019,0.020,0.032,0.045,,
248580,0.022,0.023,0.024,0.033,0.051,,
248640,0.022,0.022,0.024,0.033,0.050,,
248700,0.021,0.022,0.024,0.033,0.049,,
248760,0.016,0.017,0.018,0.027,0.041,,
248820,0.018,0.018,0.019,0.029,0.043,,
248880,0.019,0.019,0.021,0.027,0.044,,
248940,0.017,0.017,0.019,0.026,0.038,,
249000,0.015,0.015,0.017,0.024,0.037,,
249060,0.020,0.020,0.022,0.031,0.051,,
249120,0.019,0.019,0.020,0.030,0.045,,
249180,0.019,0.020,0.021,0.031,0.048,,
249240,0.020,0.020,0.022,0.031,0.051,,
249300,0.017,0.018,0.019,0.026,0.038,,
249360,0.024,0.024,0.026,0.035,0.057,,
249420,0.024,0.024,0.026,0.036,0.055,,
249480,0.020,0.020,0.021,0.030,0.049,,
249540,0.021,0.021,0.023,0.032,0.054,,
249600,0.021,0.021,0.023,0.032,0.056,,
249660,0.019,0.020,0.021,0.031,0.049,,
249720,0.023,0.023,0.025,0.034,0.052,,
249780,0.022,0.022,0.024,0.035,0.054,,
249840,0.020,0.021,0.022,0.034,0.055,,
249900,0.026,0.026,0.028,0.039,0.066,,
249960,0.019,0.020,0.021,0.031,0.052,,
250020,0.037,0.037,0.039,0.047,0.060,,
250080,0.018,0.018,0.019,0.027,0.044,,
250140,0.022,0.023,0.024,0.033,0.044,,
250200,0.015,0.015,0.017,0.023,0.034,,
250260,0.019,0.019,0.021,0.030,0.045,,
250320,0.020,0.021,0.022,0.030,0.047,,
250380,0.018,0.018,0.020,0.026,0.039,,
250440,0.015,0.016,0.017,0.026,0.038,,
250500,0.022,0.022,0.023,0.031,0.045,,
250560,0.016,0.016,0.017,0.026,0.035,,
250620,0.016,0.016,0.017,0.024,0.033,,
250680,0.015,0.015,0.016,0.022,0.029,,
250740,0.014,0.014,0.015,0.022,0.028,,
250800,0.014,0.015,0.016,0.023,0.030,,
250860,0.015,0.016,0.017,0.025,0.031,,
250920,0.013,0.014,0.015,0.020,0.029,,
250980,0.020,0.021,0.022,0.030,0.046,,
251040,0.016,0.017,0.018,0.027,0.037,,
251100,0.019,0.019,0.021,0.029,0.040,,
251160,0.018,0.019,0.020,0.028,0.041,,
251220,0.020,0.020,0.022,0.033,0.047,,
251280,0.016,0.017,0.018,0.026,0.038,,
251340,0.016,0.016,0.018,0.027,0.035,,
251400,0.019,0.019,0.021,0.029,0.045,,
251460,0.016,0.017,0.018,0.025,0.040,,
251520,0.017,0.018,0.019,0.027,0.043,,
251580,0.017,0.018,0.019,0.029,0.039,,
251640,0.020,0.021,0.022,0.030,0.042,,
251700,0.016,0.017,0.019,0.028,0.038,,
251760,0.019,0.020,0.021,0.030,0.043,,
251820,0.015,0.016,0.017,0.026,0.035,,
251880,0.020,0.021,0.022,0.031,0.043,,
251940,0.014,0.014,0.016,0.023,0.034,,
252000,0.017,0.018,0.019,0.028,0.040,,
252060,0.018,0.019,0.020,0.028,0.044,,
252120,0.015,0.016,0.017,0.024,0.031,,
252180,0.018,0.018,0.020,0.028,0.042,,
252240,0.018,0.019,0.020,0.031,0.048,,
252300,0.021,0.022,0.023,0.034,0.053,,
252360,0.022,0.023,0.024,0.034,0.055,,
252420,0.022,0.022,0.024,0.035,0.052,,
252480,0.023,0.023,0.025,0.038,0.060,,
252540,0.023,0.024,0.026,0.035,0.056,,
252600,0.022,0.023,0.025,0.035,0.053,,
252660,0.022,0.023,0.025,0.038,0.057,,
252720,0.023,0.024,0.026,0.036,0.056,,
252780,0.021,0.022,0.024,0.036,0.053,,
252840,0.027,0.028,0.030,0.043,0.069,,
252900,0.023,0.024,0.026,0.040,0.063,,
252960,0.028,0.029,0.031,0.048,0.076,,
253020,0.030,0.031,0.033,0.049,0.080,,
253080,0.026,0.026,0.029,0.044,0.069,,
253140,0.035,0.036,0.038,0.054,0.090,,
253200,0.025,0.026,0.028,0.043,0.066,,
253260,0.025,0.026,0.028,0.041,0.062,,
253320,0.024,0.025,0.027,0.042,0.062,,
253380,0.022,0.023,0.025,0.036,0.061,,
253440,0.022,0.023,0.025,0.037,0.056,,
253500,0.021,0.022,0.024,0.035,0.055,,
253560,0.023,0.024,0.026,0.040,0.061,,
253620,0.021,0.022,0.024,0.037,0.051,,
253680,0.023,0.024,0.026,0.039,0.059,,
253740,0.021,0.021,0.023,0.033,0.048,,
253800,0.024,0.025,0.027,0.041,0.061,,
253860,0.021,0.021,0.023,0.034,0.052,,
253920,0.021,0.022,0.024,0.036,0.051,,
253980,0.023,0.024,0.026,0.036,0.056,,
254040,0.018,0.019,0.021,0.029,0.045,,
254100,0.021,0.022,0.023,0.035,0.051,,
254160,0.018,0.019,0.021,0.031,0.043,,
254220,0.017,0.018,0.020,0.030,0.039,,
254280,0.017,0.018,0.020,0.029,0.040,,
254340,0.017,0.017,0.019,0.027,0.040,,
254400,0.016,0.016,0.018,0.026,0.036,,
254460,0.016,0.017,0.018,0.027,0.038,,
254520,0.016,0.017,0.018,0.025,0.033,,
254580,0.015,0.016,0.017,0.025,0.036,,
254640,0.016,0.016,0.018,0.025,0.036,,
254700,0.023,0.024,0.026,0.034,0.047,,
254760,0.019,0.019,0.021,0.028,0.042,,
254820,0.016,0.017,0.018,0.026,0.040,,
254880,0.017,0.017,0.019,0.027,0.039,,
254940,0.018,0.019,0.020,0.027,0.043,,
255000,0.023,0.024,0.026,0.035,0.053,,
255060,0.020,0.021,0.022,0.030,0.048,,
255120,0.016,0.017,0.019,0.027,0.045,,
255180,0.018,0.018,0.019,0.027,0.041,,
255240,0.015,0.016,0.017,0.025,0.037,,
255300,0.017,0.017,0.019,0.030,0.040,,
255360,0.018,0.019,0.021,0.029,0.046,,
255420,0.017,0.017,0.019,0.028,0.041,,
255480,0.018,0.019,0.020,0.030,0.044,,
255540,0.020,0.020,0.022,0.031,0.050,,
255600,0.018,0.019,0.021,0.030,0.047,,
255660,0.019,0.020,0.022,0.031,0.049,,
255720,0.018,0.018,0.020,0.031,0.045,,
255780,0.020,0.021,0.022,0.031,0.050,,
255840,0.023,0.024,0.026,0.036,0.060,,
255900,0.020,0.021,0.023,0.036,0.061,,
255960,0.025,0.026,0.028,0.041,0.070,,
256020,0.022,0.023,0.026,0.040,0.059,,
256080,0.023,0.024,0.026,0.042,0.066,,
256140,0.036,0.037,0.040,0.060,0.103,,
256200,0.032,0.033,0.035,0.057,0.092,,
256260,0.037,0.038,0.041,0.062,0.110,,
256320,0.036,0.037,0.041,0.063,0.106,,
256380,0.030,0.031,0.035,0.055,0.091,,
256440,0.040,0.041,0.045,0.070,0.109,,
256500,0.034,0.035,0.039,0.066,0.102,,
256560,0.039,0.040,0.045,0.072,0.118,,
256620,0.039,0.041,0.044,0.076,0.123,,
256680,0.040,0.041,0.045,0.074,0.118,,
256740,0.043,0.045,0.049,0.081,0.128,,
256800,0.045,0.046,0.051,0.082,0.133,,
256860,0.042,0.043,0.047,0.081,0.128,,
256920,0.038,0.040,0.045,0.079,0.121,,
256980,0.052,0.054,0.058,0.091,0.136,,
257040,0.046,0.047,0.052,0.084,0.129,,
257100,0.043,0.044,0.049,0.081,0.129,,
257160,0.043,0.045,0.049,0.084,0.125,,
257220,0.048,0.050,0.054,0.083,0.130,,
257280,0.045,0.047,0.052,0.084,0.138,,
257340,0.043,0.045,0.049,0.080,0.129,,
257400,0.042,0.043,0.048,0.081,0.122,,
257460,0.043,0.045,0.049,0.078,0.119,,
257520,0.039,0.041,0.045,0.073,0.110,,
257580,0.036,0.038,0.042,0.069,0.103,,
257640,0.038,0.039,0.044,0.071,0.106,,
257700,0.042,0.044,0.048,0.076,0.120,,
257760,0.040,0.041,0.046,0.076,0.117,,
257820,0.046,0.047,0.052,0.080,0.118,,
257880,0.038,0.040,0.044,0.071,0.112,,
257940,0.037,0.039,0.043,0.071,0.107,,
258000,0.042,0.044,0.049,0.078,0.113,,
258060,0.037,0.039,0.043,0.070,0.105,,
