Instrument Name,DustTrak DRX
Model Number,8533
Serial Number,8533150914
Firmware Version,3.10
Calibration Date,22/03/2024
Test Name,TRAIN.DT03_011
Test Start Time,16:56:58
Test Start Date,16/01/2025
Test Length [D:H:M],4:23:35
Test Interval [M:S],1:0
PM1 Average [mg/m3],0.031
PM1 Minimum [mg/m3],0.007
PM1 Maximum [mg/m3],0.297
PM1 TWA [mg/m3],0.056
PM2.5 Average [mg/m3],0.033
PM2.5 Minimum [mg/m3],0.007
PM2.5 Maximum [mg/m3],0.316
PM2.5 TWA [mg/m3],0.057
PM4 Average [mg/m3],0.035
PM4 Minimum [mg/m3],0.007
PM4 Maximum [mg/m3],0.374
PM4 TWA [mg/m3],0.059
PM10 Average [mg/m3],0.042
PM10 Minimum [mg/m3],0.007
PM10 Maximum [mg/m3],0.810
PM10 TWA [mg/m3],0.062
TOTAL Average [mg/m3],0.048
TOTAL Minimum [mg/m3],0.007
TOTAL Maximum [mg/m3],1.06
TOTAL TWA [mg/m3],0.064
Photometric User Cal,1.00
Size Correction User Cal,1.00
Flow User Cal,0.00
Errors,
Number of Samples,7175

Elapsed Time [s],PM1 [mg/m3],PM2.5 [mg/m3],PM4 [mg/m3],PM10 [mg/m3],TOTAL [mg/m3],Alarms,Errors
60,0.051,0.054,0.058,0.074,0.099,,
120,0.051,0.053,0.058,0.075,0.094,,
180,0.050,0.052,0.056,0.070,0.090,,
240,0.052,0.054,0.058,0.075,0.094,,
300,0.054,0.056,0.060,0.076,0.097,,
360,0.066,0.068,0.071,0.087,0.110,,
420,0.054,0.056,0.060,0.077,0.099,,
480,0.050,0.052,0.055,0.067,0.083,,
540,0.056,0.058,0.062,0.077,0.097,,
600,0.048,0.050,0.054,0.068,0.078,,
660,0.050,0.052,0.055,0.068,0.081,,
720,0.051,0.052,0.056,0.068,0.081,,
780,0.049,0.051,0.054,0.066,0.078,,
840,0.053,0.055,0.058,0.069,0.085,,
900,0.049,0.051,0.054,0.066,0.079,,
960,0.047,0.049,0.052,0.061,0.075,,
1020,0.047,0.049,0.051,0.061,0.071,,
1080,0.048,0.050,0.052,0.063,0.078,,
1140,0.050,0.052,0.055,0.066,0.084,,
1200,0.046,0.048,0.051,0.061,0.074,,
1260,0.051,0.053,0.057,0.067,0.083,,
1320,0.045,0.047,0.049,0.058,0.066,,
1380,0.045,0.047,0.050,0.059,0.068,,
1440,0.047,0.049,0.051,0.060,0.070,,
1500,0.045,0.047,0.049,0.057,0.066,,
1560,0.044,0.046,0.049,0.056,0.064,,
1620,0.046,0.048,0.050,0.059,0.069,,
1680,0.044,0.046,0.048,0.056,0.063,,
1740,0.045,0.047,0.049,0.057,0.062,,
1800,0.046,0.048,0.050,0.058,0.063,,
1860,0.045,0.046,0.049,0.055,0.061,,
1920,0.045,0.047,0.049,0.057,0.065,,
1980,0.045,0.046,0.049,0.055,0.058,,
2040,0.043,0.044,0.047,0.052,0.056,,
2100,0.045,0.047,0.049,0.058,0.061,,
2160,0.045,0.047,0.049,0.056,0.062,,
2220,0.045,0.047,0.049,0.057,0.064,,
2280,0.047,0.049,0.052,0.060,0.067,,
2340,0.046,0.048,0.050,0.059,0.069,,
2400,0.047,0.049,0.052,0.061,0.072,,
2460,0.048,0.050,0.053,0.063,0.073,,
2520,0.047,0.049,0.051,0.060,0.068,,
2580,0.047,0.049,0.052,0.062,0.071,,
2640,0.048,0.050,0.053,0.064,0.075,,
2700,0.048,0.050,0.053,0.065,0.072,,
2760,0.048,0.050,0.053,0.064,0.075,,
2820,0.050,0.052,0.055,0.067,0.077,,
2880,0.050,0.052,0.056,0.065,0.076,,
2940,0.049,0.051,0.055,0.067,0.076,,
3000,0.054,0.056,0.059,0.071,0.083,,
3060,0.050,0.052,0.055,0.067,0.080,,
3120,0.049,0.051,0.055,0.066,0.075,,
3180,0.048,0.050,0.053,0.064,0.074,,
3240,0.048,0.050,0.053,0.063,0.069,,
3300,0.050,0.052,0.055,0.066,0.075,,
3360,0.048,0.050,0.053,0.064,0.071,,
3420,0.050,0.052,0.055,0.067,0.075,,
3480,0.048,0.050,0.054,0.064,0.072,,
3540,0.049,0.051,0.055,0.066,0.075,,
3600,0.049,0.051,0.054,0.064,0.072,,
3660,0.048,0.051,0.054,0.066,0.074,,
3720,0.049,0.051,0.054,0.065,0.074,,
3780,0.051,0.053,0.056,0.069,0.078,,
3840,0.048,0.050,0.054,0.064,0.070,,
3900,0.049,0.051,0.054,0.066,0.074,,
3960,0.049,0.052,0.055,0.066,0.073,,
4020,0.050,0.053,0.057,0.068,0.076,,
4080,0.050,0.053,0.056,0.068,0.078,,
4140,0.052,0.055,0.058,0.069,0.079,,
4200,0.051,0.053,0.057,0.068,0.077,,
4260,0.053,0.055,0.059,0.072,0.084,,
4320,0.051,0.053,0.057,0.072,0.080,,
4380,0.051,0.053,0.057,0.070,0.079,,
4440,0.052,0.054,0.058,0.071,0.080,,
4500,0.052,0.055,0.059,0.072,0.081,,
4560,0.051,0.053,0.057,0.069,0.076,,
4620,0.051,0.054,0.057,0.067,0.076,,
4680,0.053,0.055,0.059,0.071,0.080,,
4740,0.053,0.055,0.059,0.074,0.081,,
4800,0.052,0.055,0.059,0.072,0.079,,
4860,0.052,0.054,0.058,0.071,0.079,,
4920,0.051,0.054,0.058,0.070,0.075,,
4980,0.053,0.055,0.059,0.072,0.079,,
5040,0.051,0.053,0.057,0.066,0.072,,
5100,0.052,0.055,0.058,0.069,0.077,,
5160,0.053,0.055,0.059,0.071,0.078,,
5220,0.051,0.053,0.057,0.065,0.070,,
5280,0.050,0.053,0.057,0.066,0.071,,
5340,0.051,0.054,0.057,0.067,0.073,,
5400,0.055,0.057,0.061,0.071,0.079,,
5460,0.051,0.054,0.057,0.068,0.072,,
5520,0.052,0.054,0.058,0.068,0.072,,
5580,0.052,0.055,0.058,0.069,0.075,,
5640,0.052,0.055,0.058,0.069,0.073,,
5700,0.051,0.053,0.056,0.065,0.069,,
5760,0.052,0.054,0.057,0.068,0.072,,
5820,0.051,0.054,0.057,0.065,0.071,,
5880,0.051,0.054,0.057,0.065,0.070,,
5940,0.051,0.053,0.056,0.065,0.069,,
6000,0.051,0.053,0.056,0.064,0.067,,
6060,0.051,0.053,0.056,0.064,0.069,,
6120,0.050,0.052,0.055,0.063,0.068,,
6180,0.050,0.052,0.055,0.063,0.068,,
6240,0.051,0.053,0.056,0.063,0.066,,
6300,0.051,0.053,0.057,0.064,0.068,,
6360,0.051,0.053,0.056,0.063,0.067,,
6420,0.051,0.053,0.056,0.063,0.067,,
6480,0.051,0.053,0.056,0.063,0.066,,
6540,0.050,0.053,0.056,0.063,0.067,,
6600,0.052,0.054,0.057,0.064,0.068,,
6660,0.051,0.054,0.056,0.062,0.064,,
6720,0.051,0.053,0.056,0.062,0.063,,
6780,0.051,0.053,0.055,0.062,0.064,,
6840,0.051,0.053,0.056,0.062,0.065,,
6900,0.050,0.052,0.055,0.061,0.063,,
6960,0.050,0.052,0.055,0.060,0.061,,
7020,0.050,0.052,0.055,0.060,0.064,,
7080,0.051,0.053,0.055,0.061,0.063,,
7140,0.050,0.052,0.054,0.059,0.062,,
7200,0.050,0.052,0.055,0.061,0.063,,
7260,0.050,0.053,0.055,0.060,0.061,,
7320,0.050,0.052,0.054,0.059,0.061,,
7380,0.049,0.051,0.053,0.058,0.059,,
7440,0.050,0.052,0.054,0.059,0.061,,
7500,0.050,0.052,0.055,0.060,0.063,,
7560,0.050,0.052,0.054,0.059,0.061,,
7620,0.049,0.051,0.054,0.057,0.059,,
7680,0.050,0.052,0.054,0.058,0.059,,
7740,0.050,0.052,0.054,0.059,0.060,,
7800,0.050,0.052,0.054,0.058,0.059,,
7860,0.049,0.051,0.053,0.057,0.058,,
7920,0.050,0.052,0.054,0.059,0.060,,
7980,0.050,0.052,0.054,0.058,0.059,,
8040,0.050,0.052,0.054,0.057,0.060,,
8100,0.050,0.052,0.054,0.057,0.059,,
8160,0.049,0.051,0.053,0.056,0.057,,
8220,0.050,0.051,0.054,0.058,0.058,,
8280,0.050,0.052,0.054,0.058,0.060,,
8340,0.049,0.050,0.052,0.055,0.056,,
8400,0.050,0.051,0.053,0.057,0.059,,
8460,0.049,0.051,0.053,0.057,0.058,,
8520,0.049,0.051,0.052,0.056,0.056,,
8580,0.049,0.051,0.053,0.056,0.058,,
8640,0.049,0.051,0.053,0.056,0.058,,
8700,0.049,0.051,0.053,0.056,0.057,,
8760,0.049,0.051,0.053,0.056,0.056,,
8820,0.050,0.052,0.054,0.056,0.057,,
8880,0.049,0.051,0.053,0.055,0.056,,
8940,0.049,0.051,0.053,0.056,0.056,,
9000,0.049,0.051,0.052,0.055,0.056,,
9060,0.049,0.051,0.052,0.055,0.058,,
9120,0.050,0.051,0.053,0.055,0.056,,
9180,0.049,0.050,0.052,0.054,0.054,,
9240,0.049,0.050,0.052,0.054,0.056,,
9300,0.049,0.051,0.052,0.056,0.057,,
9360,0.049,0.051,0.052,0.055,0.057,,
9420,0.049,0.051,0.053,0.056,0.057,,
9480,0.049,0.051,0.052,0.055,0.056,,
9540,0.049,0.050,0.052,0.054,0.054,,
9600,0.049,0.051,0.052,0.054,0.055,,
9660,0.049,0.051,0.052,0.054,0.055,,
9720,0.050,0.051,0.053,0.055,0.056,,
9780,0.048,0.050,0.051,0.054,0.054,,
9840,0.049,0.050,0.052,0.054,0.054,,
9900,0.050,0.051,0.053,0.055,0.056,,
9960,0.049,0.050,0.051,0.054,0.055,,
10020,0.049,0.050,0.052,0.054,0.055,,
10080,0.048,0.049,0.051,0.053,0.053,,
10140,0.048,0.050,0.051,0.053,0.054,,
10200,0.049,0.050,0.052,0.053,0.054,,
10260,0.048,0.050,0.051,0.052,0.053,,
10320,0.049,0.050,0.052,0.054,0.054,,
10380,0.049,0.050,0.051,0.053,0.054,,
10440,0.048,0.049,0.051,0.053,0.054,,
10500,0.049,0.050,0.052,0.054,0.054,,
10560,0.048,0.050,0.051,0.053,0.053,,
10620,0.049,0.050,0.052,0.053,0.054,,
10680,0.049,0.050,0.052,0.054,0.054,,
10740,0.049,0.050,0.051,0.053,0.053,,
10800,0.049,0.050,0.051,0.053,0.053,,
10860,0.049,0.051,0.052,0.054,0.055,,
10920,0.049,0.050,0.051,0.053,0.053,,
10980,0.049,0.050,0.051,0.053,0.054,,
11040,0.048,0.049,0.051,0.052,0.053,,
11100,0.048,0.049,0.050,0.051,0.051,,
11160,0.048,0.049,0.050,0.052,0.052,,
11220,0.050,0.051,0.052,0.054,0.054,,
11280,0.049,0.050,0.051,0.053,0.053,,
11340,0.049,0.050,0.051,0.053,0.053,,
11400,0.049,0.050,0.051,0.053,0.054,,
11460,0.049,0.050,0.051,0.053,0.053,,
11520,0.049,0.050,0.051,0.052,0.053,,
11580,0.049,0.050,0.051,0.053,0.053,,
11640,0.049,0.050,0.051,0.052,0.053,,
11700,0.049,0.051,0.052,0.054,0.054,,
11760,0.049,0.050,0.051,0.053,0.054,,
11820,0.049,0.050,0.051,0.053,0.053,,
11880,0.049,0.050,0.051,0.052,0.052,,
11940,0.048,0.050,0.050,0.053,0.053,,
12000,0.048,0.049,0.050,0.051,0.051,,
12060,0.049,0.050,0.051,0.052,0.054,,
12120,0.050,0.051,0.052,0.053,0.054,,
12180,0.049,0.050,0.051,0.053,0.053,,
12240,0.049,0.050,0.051,0.053,0.053,,
12300,0.050,0.051,0.052,0.054,0.054,,
12360,0.050,0.051,0.052,0.053,0.054,,
12420,0.049,0.050,0.051,0.053,0.053,,
12480,0.050,0.051,0.052,0.053,0.053,,
12540,0.049,0.050,0.051,0.052,0.052,,
12600,0.049,0.050,0.051,0.053,0.054,,
12660,0.050,0.051,0.052,0.053,0.054,,
12720,0.049,0.051,0.051,0.053,0.053,,
12780,0.050,0.051,0.052,0.053,0.053,,
12840,0.049,0.051,0.052,0.053,0.053,,
12900,0.049,0.051,0.051,0.052,0.053,,
12960,0.050,0.051,0.052,0.053,0.053,,
13020,0.050,0.051,0.052,0.054,0.054,,
13080,0.050,0.051,0.052,0.053,0.053,,
13140,0.050,0.051,0.052,0.053,0.053,,
13200,0.049,0.050,0.051,0.052,0.052,,
13260,0.049,0.050,0.051,0.052,0.052,,
13320,0.049,0.050,0.051,0.051,0.051,,
13380,0.049,0.050,0.051,0.052,0.052,,
13440,0.050,0.051,0.052,0.052,0.052,,
13500,0.050,0.051,0.052,0.053,0.053,,
13560,0.050,0.051,0.052,0.053,0.053,,
13620,0.049,0.050,0.051,0.052,0.052,,
13680,0.050,0.051,0.052,0.052,0.052,,
13740,0.049,0.050,0.051,0.053,0.053,,
13800,0.049,0.050,0.050,0.051,0.052,,
13860,0.049,0.050,0.051,0.052,0.052,,
13920,0.050,0.051,0.052,0.052,0.052,,
13980,0.050,0.051,0.051,0.052,0.052,,
14040,0.050,0.051,0.051,0.052,0.052,,
14100,0.051,0.052,0.053,0.054,0.054,,
14160,0.050,0.051,0.052,0.053,0.053,,
14220,0.050,0.051,0.052,0.053,0.053,,
14280,0.051,0.052,0.052,0.053,0.053,,
14340,0.050,0.051,0.052,0.053,0.053,,
14400,0.051,0.052,0.053,0.053,0.053,,
14460,0.050,0.051,0.052,0.053,0.053,,
14520,0.051,0.052,0.052,0.053,0.053,,
14580,0.051,0.052,0.053,0.053,0.053,,
14640,0.050,0.051,0.051,0.053,0.053,,
14700,0.051,0.052,0.053,0.054,0.054,,
14760,0.051,0.052,0.053,0.054,0.054,,
14820,0.050,0.051,0.052,0.052,0.052,,
14880,0.051,0.052,0.052,0.053,0.053,,
14940,0.051,0.052,0.053,0.054,0.054,,
15000,0.051,0.052,0.053,0.054,0.054,,
15060,0.052,0.053,0.053,0.054,0.054,,
15120,0.051,0.052,0.053,0.053,0.054,,
15180,0.052,0.053,0.054,0.055,0.055,,
15240,0.051,0.052,0.052,0.053,0.053,,
15300,0.051,0.052,0.053,0.054,0.054,,
15360,0.051,0.052,0.052,0.053,0.053,,
15420,0.052,0.052,0.053,0.054,0.054,,
15480,0.051,0.052,0.053,0.054,0.054,,
15540,0.053,0.054,0.055,0.055,0.055,,
15600,0.053,0.054,0.055,0.055,0.055,,
15660,0.053,0.053,0.054,0.055,0.055,,
15720,0.052,0.053,0.054,0.054,0.054,,
15780,0.052,0.053,0.053,0.054,0.054,,
15840,0.053,0.053,0.054,0.055,0.055,,
15900,0.051,0.052,0.053,0.053,0.053,,
15960,0.052,0.053,0.053,0.054,0.054,,
16020,0.053,0.054,0.054,0.055,0.056,,
16080,0.053,0.054,0.054,0.055,0.055,,
16140,0.054,0.054,0.055,0.056,0.056,,
16200,0.053,0.054,0.055,0.056,0.056,,
16260,0.053,0.054,0.055,0.055,0.055,,
16320,0.054,0.054,0.055,0.056,0.056,,
16380,0.053,0.054,0.054,0.054,0.054,,
16440,0.053,0.054,0.054,0.055,0.055,,
16500,0.053,0.054,0.055,0.056,0.056,,
16560,0.055,0.056,0.056,0.057,0.057,,
16620,0.054,0.055,0.056,0.056,0.056,,
16680,0.053,0.054,0.055,0.055,0.056,,
16740,0.053,0.054,0.054,0.055,0.056,,
16800,0.055,0.055,0.056,0.057,0.057,,
16860,0.055,0.056,0.057,0.057,0.058,,
16920,0.054,0.055,0.056,0.057,0.057,,
16980,0.054,0.055,0.055,0.056,0.056,,
17040,0.053,0.054,0.055,0.055,0.055,,
17100,0.053,0.054,0.054,0.054,0.054,,
17160,0.054,0.055,0.055,0.056,0.056,,
17220,0.054,0.055,0.055,0.056,0.056,,
17280,0.054,0.054,0.055,0.055,0.055,,
17340,0.055,0.056,0.057,0.057,0.057,,
17400,0.055,0.055,0.056,0.056,0.056,,
17460,0.053,0.054,0.054,0.055,0.055,,
17520,0.054,0.055,0.055,0.056,0.056,,
17580,0.054,0.055,0.055,0.056,0.056,,
17640,0.055,0.056,0.056,0.057,0.057,,
17700,0.056,0.056,0.057,0.058,0.058,,
17760,0.055,0.056,0.056,0.056,0.056,,
17820,0.055,0.056,0.057,0.057,0.057,,
17880,0.055,0.056,0.057,0.057,0.057,,
17940,0.054,0.055,0.056,0.056,0.056,,
18000,0.054,0.055,0.056,0.056,0.056,,
18060,0.055,0.056,0.056,0.057,0.057,,
18120,0.056,0.056,0.057,0.058,0.058,,
18180,0.054,0.055,0.056,0.056,0.056,,
18240,0.055,0.055,0.056,0.056,0.056,,
18300,0.056,0.057,0.057,0.058,0.058,,
18360,0.056,0.057,0.057,0.058,0.058,,
18420,0.056,0.056,0.057,0.057,0.057,,
18480,0.055,0.056,0.057,0.057,0.057,,
18540,0.057,0.057,0.058,0.058,0.059,,
18600,0.056,0.056,0.057,0.057,0.057,,
18660,0.056,0.057,0.057,0.058,0.058,,
18720,0.057,0.058,0.058,0.059,0.059,,
18780,0.059,0.059,0.060,0.060,0.060,,
18840,0.056,0.056,0.057,0.057,0.057,,
18900,0.055,0.056,0.057,0.057,0.057,,
18960,0.056,0.057,0.058,0.058,0.058,,
19020,0.058,0.059,0.059,0.060,0.060,,
19080,0.057,0.058,0.059,0.059,0.059,,
19140,0.056,0.057,0.057,0.058,0.058,,
19200,0.057,0.058,0.058,0.058,0.058,,
19260,0.057,0.057,0.058,0.058,0.059,,
19320,0.057,0.058,0.058,0.059,0.059,,
19380,0.057,0.058,0.058,0.059,0.059,,
19440,0.056,0.057,0.057,0.058,0.058,,
19500,0.057,0.058,0.059,0.059,0.059,,
19560,0.057,0.058,0.058,0.058,0.058,,
19620,0.056,0.056,0.057,0.057,0.057,,
19680,0.056,0.057,0.057,0.058,0.058,,
19740,0.056,0.057,0.057,0.058,0.058,,
19800,0.057,0.057,0.058,0.058,0.058,,
19860,0.057,0.058,0.058,0.058,0.058,,
19920,0.057,0.057,0.058,0.058,0.058,,
19980,0.058,0.058,0.059,0.059,0.059,,
20040,0.058,0.058,0.059,0.059,0.059,,
20100,0.057,0.058,0.058,0.059,0.059,,
20160,0.057,0.057,0.058,0.058,0.058,,
20220,0.057,0.058,0.058,0.058,0.058,,
20280,0.057,0.058,0.058,0.058,0.058,,
20340,0.058,0.059,0.059,0.059,0.059,,
20400,0.059,0.060,0.060,0.061,0.061,,
20460,0.058,0.059,0.059,0.060,0.060,,
20520,0.058,0.059,0.059,0.059,0.059,,
20580,0.059,0.060,0.060,0.060,0.061,,
20640,0.059,0.060,0.060,0.061,0.061,,
20700,0.059,0.059,0.060,0.060,0.060,,
20760,0.059,0.060,0.060,0.061,0.061,,
20820,0.059,0.060,0.060,0.061,0.061,,
20880,0.060,0.060,0.060,0.061,0.061,,
20940,0.060,0.061,0.061,0.061,0.061,,
21000,0.059,0.060,0.060,0.061,0.061,,
21060,0.060,0.061,0.061,0.062,0.062,,
21120,0.061,0.061,0.062,0.062,0.062,,
21180,0.060,0.061,0.061,0.062,0.062,,
21240,0.062,0.063,0.063,0.063,0.063,,
21300,0.065,0.066,0.066,0.067,0.067,,
21360,0.066,0.067,0.067,0.067,0.067,,
21420,0.066,0.067,0.067,0.068,0.068,,
21480,0.066,0.067,0.067,0.067,0.068,,
21540,0.065,0.066,0.066,0.066,0.067,,
21600,0.066,0.066,0.066,0.067,0.067,,
21660,0.066,0.066,0.067,0.067,0.067,,
21720,0.068,0.068,0.069,0.069,0.069,,
21780,0.066,0.067,0.067,0.067,0.067,,
21840,0.068,0.068,0.068,0.069,0.069,,
21900,0.068,0.069,0.069,0.069,0.069,,
21960,0.068,0.068,0.068,0.069,0.069,,
22020,0.067,0.068,0.068,0.068,0.068,,
22080,0.068,0.069,0.069,0.070,0.070,,
22140,0.069,0.069,0.069,0.070,0.070,,
22200,0.069,0.070,0.070,0.070,0.070,,
22260,0.069,0.069,0.070,0.070,0.070,,
22320,0.068,0.068,0.069,0.069,0.069,,
22380,0.068,0.069,0.069,0.069,0.070,,
22440,0.068,0.069,0.069,0.070,0.070,,
22500,0.070,0.071,0.071,0.072,0.072,,
22560,0.070,0.071,0.071,0.072,0.072,,
22620,0.070,0.070,0.070,0.071,0.071,,
22680,0.071,0.072,0.072,0.072,0.072,,
22740,0.071,0.071,0.071,0.072,0.072,,
22800,0.072,0.072,0.073,0.073,0.073,,
22860,0.070,0.070,0.071,0.071,0.071,,
22920,0.072,0.073,0.073,0.073,0.073,,
22980,0.073,0.073,0.074,0.074,0.074,,
23040,0.072,0.073,0.073,0.073,0.073,,
23100,0.072,0.072,0.073,0.073,0.073,,
23160,0.072,0.073,0.073,0.074,0.074,,
23220,0.073,0.073,0.073,0.074,0.074,,
23280,0.073,0.073,0.074,0.074,0.074,,
23340,0.073,0.073,0.073,0.074,0.074,,
23400,0.073,0.073,0.074,0.074,0.074,,
23460,0.074,0.074,0.075,0.075,0.076,,
23520,0.073,0.074,0.074,0.075,0.075,,
23580,0.074,0.075,0.075,0.076,0.076,,
23640,0.074,0.074,0.074,0.075,0.075,,
23700,0.074,0.074,0.075,0.075,0.075,,
23760,0.074,0.074,0.074,0.075,0.075,,
23820,0.074,0.074,0.075,0.075,0.075,,
23880,0.074,0.075,0.075,0.075,0.076,,
23940,0.075,0.076,0.076,0.076,0.076,,
24000,0.074,0.074,0.074,0.075,0.075,,
24060,0.075,0.075,0.076,0.076,0.076,,
24120,0.075,0.075,0.075,0.076,0.076,,
24180,0.073,0.074,0.074,0.075,0.075,,
24240,0.075,0.075,0.075,0.076,0.076,,
24300,0.073,0.074,0.074,0.074,0.075,,
24360,0.076,0.076,0.076,0.077,0.077,,
24420,0.075,0.076,0.076,0.076,0.076,,
24480,0.075,0.075,0.075,0.076,0.076,,
24540,0.075,0.075,0.075,0.076,0.076,,
24600,0.075,0.076,0.076,0.077,0.077,,
24660,0.074,0.075,0.075,0.075,0.076,,
24720,0.074,0.075,0.075,0.075,0.076,,
24780,0.074,0.075,0.075,0.075,0.075,,
24840,0.074,0.074,0.075,0.075,0.075,,
24900,0.074,0.075,0.075,0.075,0.075,,
24960,0.074,0.074,0.075,0.075,0.075,,
25020,0.074,0.074,0.075,0.075,0.075,,
25080,0.074,0.074,0.074,0.075,0.075,,
25140,0.074,0.074,0.074,0.074,0.074,,
25200,0.073,0.074,0.074,0.074,0.074,,
25260,0.074,0.074,0.074,0.075,0.075,,
25320,0.073,0.074,0.074,0.074,0.074,,
25380,0.073,0.074,0.074,0.074,0.074,,
25440,0.073,0.074,0.074,0.074,0.074,,
25500,0.072,0.073,0.073,0.073,0.073,,
25560,0.072,0.072,0.072,0.073,0.073,,
25620,0.071,0.072,0.072,0.072,0.072,,
25680,0.072,0.072,0.072,0.073,0.073,,
25740,0.072,0.072,0.073,0.073,0.073,,
25800,0.072,0.072,0.072,0.073,0.073,,
25860,0.073,0.073,0.073,0.074,0.074,,
25920,0.071,0.072,0.072,0.072,0.072,,
25980,0.072,0.072,0.072,0.072,0.072,,
26040,0.071,0.072,0.072,0.072,0.072,,
26100,0.072,0.073,0.073,0.073,0.073,,
26160,0.072,0.072,0.072,0.072,0.072,,
26220,0.072,0.072,0.072,0.073,0.073,,
26280,0.071,0.071,0.072,0.072,0.073,,
26340,0.070,0.070,0.071,0.071,0.071,,
26400,0.070,0.071,0.071,0.071,0.071,,
26460,0.070,0.070,0.070,0.071,0.071,,
26520,0.070,0.071,0.071,0.071,0.071,,
26580,0.069,0.070,0.070,0.070,0.070,,
26640,0.069,0.069,0.069,0.070,0.070,,
26700,0.069,0.069,0.070,0.070,0.070,,
26760,0.069,0.070,0.070,0.070,0.071,,
26820,0.069,0.069,0.070,0.070,0.070,,
26880,0.068,0.069,0.069,0.069,0.069,,
26940,0.068,0.069,0.069,0.069,0.069,,
27000,0.068,0.068,0.068,0.069,0.069,,
27060,0.067,0.067,0.067,0.068,0.068,,
27120,0.067,0.067,0.068,0.068,0.068,,
27180,0.066,0.067,0.067,0.067,0.067,,
27240,0.067,0.068,0.068,0.068,0.068,,
27300,0.066,0.066,0.067,0.067,0.067,,
27360,0.065,0.066,0.066,0.066,0.066,,
27420,0.066,0.067,0.067,0.067,0.067,,
27480,0.066,0.066,0.066,0.067,0.067,,
27540,0.065,0.065,0.065,0.065,0.066,,
27600,0.065,0.065,0.065,0.066,0.066,,
27660,0.064,0.064,0.064,0.065,0.065,,
27720,0.064,0.065,0.065,0.065,0.065,,
27780,0.063,0.063,0.063,0.064,0.064,,
27840,0.064,0.064,0.064,0.065,0.065,,
27900,0.063,0.064,0.064,0.064,0.064,,
27960,0.063,0.063,0.063,0.063,0.064,,
28020,0.063,0.063,0.063,0.064,0.064,,
28080,0.063,0.063,0.063,0.064,0.064,,
28140,0.062,0.062,0.062,0.063,0.063,,
28200,0.061,0.062,0.062,0.062,0.062,,
28260,0.062,0.063,0.063,0.063,0.063,,
28320,0.062,0.062,0.062,0.062,0.062,,
28380,0.062,0.062,0.062,0.062,0.062,,
28440,0.062,0.062,0.062,0.062,0.062,,
28500,0.061,0.061,0.061,0.062,0.062,,
28560,0.061,0.061,0.061,0.061,0.061,,
28620,0.060,0.060,0.060,0.061,0.061,,
28680,0.060,0.061,0.061,0.061,0.061,,
28740,0.060,0.060,0.060,0.061,0.061,,
28800,0.060,0.060,0.061,0.061,0.061,,
28860,0.060,0.061,0.061,0.061,0.061,,
28920,0.060,0.060,0.061,0.061,0.061,,
28980,0.060,0.060,0.060,0.060,0.060,,
29040,0.059,0.060,0.060,0.060,0.060,,
29100,0.059,0.059,0.060,0.060,0.060,,
29160,0.059,0.060,0.060,0.060,0.060,,
29220,0.059,0.059,0.059,0.059,0.059,,
29280,0.059,0.059,0.059,0.059,0.059,,
29340,0.058,0.058,0.058,0.059,0.059,,
29400,0.057,0.058,0.058,0.058,0.058,,
29460,0.058,0.058,0.058,0.058,0.058,,
29520,0.058,0.058,0.058,0.059,0.059,,
29580,0.058,0.058,0.058,0.058,0.058,,
29640,0.057,0.057,0.057,0.058,0.058,,
29700,0.056,0.056,0.057,0.057,0.057,,
29760,0.056,0.056,0.056,0.056,0.056,,
29820,0.056,0.057,0.057,0.057,0.057,,
29880,0.056,0.056,0.056,0.056,0.056,,
29940,0.055,0.055,0.055,0.056,0.056,,
30000,0.055,0.055,0.056,0.056,0.056,,
30060,0.055,0.055,0.055,0.055,0.056,,
30120,0.055,0.056,0.056,0.056,0.056,,
30180,0.055,0.055,0.055,0.055,0.055,,
30240,0.054,0.054,0.054,0.055,0.055,,
30300,0.053,0.054,0.054,0.054,0.054,,
30360,0.054,0.054,0.054,0.054,0.054,,
30420,0.053,0.054,0.054,0.054,0.054,,
30480,0.053,0.053,0.053,0.054,0.054,,
30540,0.053,0.053,0.053,0.053,0.053,,
30600,0.052,0.052,0.052,0.052,0.052,,
30660,0.052,0.052,0.053,0.053,0.053,,
30720,0.052,0.052,0.052,0.052,0.053,,
30780,0.052,0.052,0.052,0.053,0.053,,
30840,0.051,0.051,0.052,0.052,0.052,,
30900,0.051,0.051,0.051,0.052,0.052,,
30960,0.051,0.051,0.051,0.051,0.051,,
31020,0.050,0.050,0.051,0.051,0.051,,
31080,0.050,0.050,0.051,0.051,0.051,,
31140,0.050,0.050,0.051,0.051,0.051,,
31200,0.050,0.050,0.050,0.050,0.050,,
31260,0.050,0.051,0.051,0.051,0.051,,
31320,0.050,0.050,0.050,0.050,0.050,,
31380,0.049,0.049,0.049,0.050,0.050,,
31440,0.048,0.049,0.049,0.049,0.049,,
31500,0.048,0.048,0.049,0.049,0.049,,
31560,0.048,0.049,0.049,0.049,0.049,,
31620,0.048,0.048,0.049,0.049,0.049,,
31680,0.048,0.048,0.048,0.049,0.049,,
31740,0.049,0.049,0.049,0.049,0.049,,
31800,0.048,0.049,0.049,0.049,0.049,,
31860,0.048,0.048,0.048,0.048,0.048,,
31920,0.047,0.048,0.048,0.048,0.048,,
31980,0.047,0.047,0.047,0.047,0.047,,
32040,0.047,0.047,0.047,0.048,0.048,,
32100,0.047,0.047,0.047,0.048,0.048,,
32160,0.046,0.046,0.046,0.047,0.047,,
32220,0.046,0.046,0.046,0.047,0.047,,
32280,0.046,0.046,0.046,0.046,0.046,,
32340,0.046,0.046,0.046,0.046,0.046,,
32400,0.045,0.045,0.045,0.045,0.046,,
32460,0.045,0.045,0.045,0.045,0.045,,
32520,0.045,0.045,0.046,0.046,0.046,,
32580,0.044,0.045,0.045,0.045,0.045,,
32640,0.044,0.044,0.044,0.045,0.045,,
32700,0.044,0.045,0.045,0.045,0.045,,
32760,0.044,0.045,0.045,0.045,0.045,,
32820,0.044,0.044,0.044,0.044,0.044,,
32880,0.044,0.044,0.044,0.044,0.044,,
32940,0.043,0.043,0.043,0.044,0.044,,
33000,0.043,0.043,0.043,0.043,0.043,,
33060,0.043,0.043,0.043,0.044,0.044,,
33120,0.043,0.043,0.043,0.043,0.043,,
33180,0.043,0.043,0.043,0.043,0.043,,
33240,0.042,0.042,0.042,0.043,0.043,,
33300,0.042,0.042,0.043,0.043,0.043,,
33360,0.042,0.042,0.042,0.042,0.042,,
33420,0.042,0.043,0.043,0.043,0.043,,
33480,0.042,0.042,0.042,0.042,0.042,,
33540,0.042,0.042,0.042,0.043,0.043,,
33600,0.041,0.041,0.042,0.042,0.042,,
33660,0.041,0.041,0.042,0.042,0.042,,
33720,0.040,0.040,0.040,0.041,0.041,,
33780,0.041,0.041,0.041,0.042,0.042,,
33840,0.041,0.041,0.041,0.041,0.041,,
33900,0.040,0.041,0.041,0.041,0.041,,
33960,0.041,0.041,0.041,0.041,0.041,,
34020,0.041,0.041,0.041,0.041,0.041,,
34080,0.041,0.041,0.041,0.041,0.041,,
34140,0.041,0.041,0.041,0.042,0.042,,
34200,0.041,0.041,0.041,0.041,0.041,,
34260,0.041,0.041,0.041,0.042,0.042,,
34320,0.041,0.041,0.041,0.042,0.042,,
34380,0.041,0.041,0.041,0.041,0.041,,
34440,0.041,0.041,0.041,0.041,0.041,,
34500,0.040,0.040,0.040,0.041,0.041,,
34560,0.040,0.040,0.041,0.041,0.041,,
34620,0.041,0.041,0.041,0.041,0.041,,
34680,0.040,0.041,0.041,0.041,0.041,,
34740,0.039,0.040,0.040,0.040,0.040,,
34800,0.039,0.040,0.040,0.040,0.040,,
34860,0.040,0.040,0.040,0.040,0.040,,
34920,0.040,0.040,0.040,0.040,0.040,,
34980,0.040,0.040,0.040,0.040,0.040,,
35040,0.040,0.040,0.040,0.040,0.040,,
35100,0.039,0.039,0.039,0.039,0.039,,
35160,0.039,0.039,0.039,0.039,0.039,,
35220,0.039,0.039,0.039,0.039,0.039,,
35280,0.038,0.039,0.039,0.039,0.039,,
35340,0.039,0.039,0.039,0.039,0.039,,
35400,0.038,0.038,0.038,0.038,0.038,,
35460,0.039,0.039,0.039,0.039,0.039,,
35520,0.038,0.038,0.038,0.038,0.038,,
35580,0.038,0.038,0.038,0.038,0.038,,
35640,0.038,0.038,0.039,0.039,0.039,,
35700,0.039,0.039,0.039,0.039,0.040,,
35760,0.037,0.038,0.038,0.038,0.038,,
35820,0.038,0.038,0.038,0.038,0.038,,
35880,0.037,0.037,0.037,0.037,0.037,,
35940,0.037,0.037,0.037,0.037,0.037,,
36000,0.036,0.037,0.037,0.037,0.037,,
36060,0.037,0.037,0.037,0.037,0.037,,
36120,0.036,0.036,0.036,0.036,0.036,,
36180,0.036,0.036,0.036,0.036,0.036,,
36240,0.036,0.036,0.036,0.036,0.036,,
36300,0.035,0.035,0.036,0.036,0.036,,
36360,0.036,0.036,0.036,0.037,0.037,,
36420,0.036,0.036,0.036,0.036,0.036,,
36480,0.035,0.035,0.036,0.036,0.036,,
36540,0.036,0.036,0.036,0.036,0.036,,
36600,0.036,0.036,0.036,0.036,0.036,,
36660,0.036,0.036,0.036,0.036,0.036,,
36720,0.036,0.036,0.036,0.036,0.037,,
36780,0.035,0.035,0.035,0.035,0.035,,
36840,0.034,0.034,0.034,0.034,0.034,,
36900,0.034,0.034,0.034,0.034,0.034,,
36960,0.034,0.034,0.034,0.034,0.034,,
37020,0.034,0.034,0.034,0.034,0.034,,
37080,0.034,0.034,0.034,0.034,0.034,,
37140,0.034,0.034,0.035,0.035,0.035,,
37200,0.035,0.035,0.035,0.035,0.035,,
37260,0.033,0.034,0.034,0.034,0.034,,
37320,0.034,0.034,0.034,0.034,0.034,,
37380,0.034,0.034,0.034,0.034,0.034,,
37440,0.034,0.034,0.035,0.035,0.035,,
37500,0.034,0.034,0.034,0.035,0.035,,
37560,0.033,0.034,0.034,0.034,0.034,,
37620,0.034,0.034,0.034,0.034,0.034,,
37680,0.034,0.034,0.034,0.034,0.034,,
37740,0.033,0.033,0.033,0.034,0.034,,
37800,0.033,0.033,0.033,0.033,0.033,,
37860,0.033,0.033,0.033,0.033,0.033,,
37920,0.033,0.033,0.033,0.033,0.033,,
37980,0.033,0.033,0.033,0.033,0.033,,
38040,0.033,0.033,0.033,0.033,0.033,,
38100,0.033,0.033,0.033,0.033,0.033,,
38160,0.032,0.032,0.033,0.033,0.033,,
38220,0.033,0.033,0.033,0.033,0.033,,
38280,0.032,0.032,0.032,0.033,0.033,,
38340,0.032,0.032,0.032,0.033,0.033,,
38400,0.032,0.032,0.032,0.032,0.032,,
38460,0.032,0.032,0.032,0.032,0.032,,
38520,0.032,0.032,0.032,0.032,0.032,,
38580,0.032,0.032,0.032,0.032,0.032,,
38640,0.032,0.032,0.032,0.032,0.032,,
38700,0.032,0.032,0.032,0.032,0.032,,
38760,0.032,0.032,0.032,0.032,0.032,,
38820,0.032,0.032,0.032,0.032,0.032,,
38880,0.031,0.031,0.031,0.031,0.031,,
38940,0.031,0.031,0.031,0.031,0.031,,
39000,0.030,0.030,0.031,0.031,0.031,,
39060,0.030,0.031,0.031,0.031,0.031,,
39120,0.030,0.030,0.031,0.031,0.031,,
39180,0.031,0.031,0.031,0.031,0.031,,
39240,0.030,0.030,0.030,0.031,0.031,,
39300,0.030,0.030,0.030,0.030,0.030,,
39360,0.029,0.029,0.029,0.030,0.030,,
39420,0.029,0.030,0.030,0.030,0.030,,
39480,0.029,0.029,0.029,0.030,0.030,,
39540,0.029,0.029,0.029,0.029,0.029,,
39600,0.029,0.029,0.029,0.029,0.029,,
39660,0.029,0.029,0.029,0.029,0.029,,
39720,0.029,0.029,0.029,0.029,0.029,,
39780,0.029,0.029,0.029,0.029,0.029,,
39840,0.029,0.029,0.029,0.029,0.029,,
39900,0.028,0.028,0.028,0.028,0.028,,
39960,0.028,0.028,0.028,0.028,0.028,,
40020,0.028,0.028,0.028,0.028,0.028,,
40080,0.028,0.028,0.028,0.028,0.028,,
40140,0.028,0.028,0.028,0.028,0.028,,
40200,0.028,0.028,0.028,0.028,0.028,,
40260,0.027,0.027,0.027,0.027,0.027,,
40320,0.028,0.028,0.028,0.028,0.028,,
40380,0.027,0.028,0.028,0.028,0.028,,
40440,0.027,0.027,0.028,0.028,0.028,,
40500,0.027,0.027,0.027,0.028,0.028,,
40560,0.027,0.027,0.027,0.027,0.027,,
40620,0.027,0.027,0.027,0.027,0.027,,
40680,0.028,0.028,0.028,0.028,0.028,,
40740,0.027,0.027,0.028,0.028,0.028,,
40800,0.027,0.027,0.027,0.027,0.027,,
40860,0.027,0.027,0.027,0.027,0.027,,
40920,0.027,0.027,0.027,0.027,0.027,,
40980,0.027,0.027,0.027,0.027,0.027,,
41040,0.026,0.026,0.026,0.026,0.026,,
41100,0.027,0.027,0.027,0.027,0.027,,
41160,0.026,0.026,0.026,0.026,0.026,,
41220,0.026,0.026,0.026,0.026,0.026,,
41280,0.026,0.026,0.026,0.026,0.026,,
41340,0.026,0.026,0.026,0.026,0.026,,
41400,0.026,0.026,0.026,0.026,0.026,,
41460,0.026,0.026,0.026,0.026,0.026,,
41520,0.026,0.026,0.026,0.026,0.026,,
41580,0.025,0.025,0.025,0.025,0.025,,
41640,0.026,0.026,0.026,0.026,0.026,,
41700,0.025,0.025,0.025,0.026,0.026,,
41760,0.025,0.025,0.025,0.025,0.025,,
41820,0.025,0.025,0.025,0.025,0.025,,
41880,0.025,0.025,0.025,0.025,0.025,,
41940,0.025,0.025,0.025,0.025,0.025,,
42000,0.025,0.025,0.025,0.025,0.025,,
42060,0.025,0.025,0.025,0.025,0.025,,
42120,0.024,0.024,0.024,0.025,0.025,,
42180,0.024,0.024,0.024,0.024,0.024,,
42240,0.024,0.024,0.024,0.024,0.024,,
42300,0.024,0.024,0.024,0.024,0.024,,
42360,0.024,0.024,0.024,0.025,0.025,,
42420,0.024,0.024,0.024,0.024,0.024,,
42480,0.024,0.024,0.024,0.024,0.024,,
42540,0.024,0.024,0.024,0.024,0.024,,
42600,0.024,0.024,0.024,0.024,0.024,,
42660,0.024,0.024,0.024,0.024,0.024,,
42720,0.024,0.024,0.024,0.024,0.024,,
42780,0.023,0.023,0.023,0.023,0.023,,
42840,0.023,0.023,0.024,0.024,0.024,,
42900,0.023,0.023,0.023,0.023,0.023,,
42960,0.023,0.024,0.024,0.024,0.024,,
43020,0.023,0.023,0.023,0.023,0.023,,
43080,0.023,0.023,0.023,0.023,0.023,,
43140,0.023,0.023,0.023,0.023,0.023,,
43200,0.023,0.023,0.023,0.023,0.023,,
43260,0.023,0.023,0.023,0.023,0.023,,
43320,0.023,0.023,0.023,0.023,0.023,,
43380,0.022,0.023,0.023,0.023,0.023,,
43440,0.022,0.022,0.022,0.023,0.023,,
43500,0.022,0.022,0.022,0.022,0.022,,
43560,0.022,0.022,0.022,0.022,0.022,,
43620,0.022,0.022,0.022,0.022,0.022,,
43680,0.022,0.022,0.022,0.022,0.022,,
43740,0.022,0.022,0.022,0.022,0.022,,
43800,0.022,0.022,0.022,0.022,0.022,,
43860,0.021,0.021,0.021,0.022,0.022,,
43920,0.022,0.022,0.022,0.022,0.022,,
43980,0.022,0.022,0.022,0.022,0.022,,
44040,0.021,0.021,0.021,0.021,0.021,,
44100,0.021,0.021,0.021,0.021,0.021,,
44160,0.021,0.021,0.021,0.021,0.021,,
44220,0.021,0.021,0.021,0.021,0.021,,
44280,0.021,0.021,0.021,0.021,0.021,,
44340,0.021,0.021,0.021,0.021,0.021,,
44400,0.021,0.021,0.021,0.021,0.021,,
44460,0.021,0.021,0.021,0.021,0.021,,
44520,0.021,0.021,0.021,0.021,0.021,,
44580,0.021,0.021,0.021,0.021,0.021,,
44640,0.021,0.021,0.021,0.021,0.021,,
44700,0.021,0.021,0.021,0.021,0.021,,
44760,0.020,0.020,0.021,0.021,0.021,,
44820,0.020,0.020,0.021,0.021,0.021,,
44880,0.020,0.020,0.020,0.021,0.021,,
44940,0.020,0.020,0.020,0.020,0.020,,
45000,0.020,0.020,0.020,0.020,0.020,,
45060,0.020,0.020,0.020,0.020,0.020,,
45120,0.020,0.020,0.020,0.020,0.020,,
45180,0.020,0.020,0.020,0.020,0.020,,
45240,0.020,0.020,0.020,0.020,0.020,,
45300,0.020,0.020,0.020,0.020,0.020,,
45360,0.020,0.020,0.020,0.020,0.020,,
45420,0.019,0.019,0.019,0.019,0.019,,
45480,0.020,0.020,0.020,0.020,0.020,,
45540,0.019,0.019,0.019,0.019,0.019,,
45600,0.019,0.019,0.019,0.019,0.019,,
45660,0.019,0.019,0.019,0.019,0.019,,
45720,0.019,0.019,0.020,0.020,0.020,,
45780,0.019,0.019,0.019,0.020,0.020,,
45840,0.019,0.019,0.019,0.019,0.019,,
45900,0.019,0.019,0.019,0.019,0.019,,
45960,0.019,0.019,0.019,0.019,0.019,,
46020,0.018,0.019,0.019,0.019,0.019,,
46080,0.019,0.019,0.019,0.019,0.019,,
46140,0.019,0.019,0.019,0.019,0.019,,
46200,0.018,0.018,0.018,0.018,0.018,,
46260,0.018,0.018,0.018,0.018,0.018,,
46320,0.018,0.018,0.018,0.018,0.018,,
46380,0.018,0.018,0.018,0.018,0.019,,
46440,0.018,0.018,0.018,0.018,0.018,,
46500,0.018,0.018,0.018,0.018,0.018,,
46560,0.018,0.018,0.018,0.018,0.018,,
46620,0.018,0.018,0.018,0.018,0.018,,
46680,0.018,0.018,0.018,0.018,0.018,,
46740,0.018,0.018,0.018,0.018,0.018,,
46800,0.018,0.018,0.018,0.018,0.018,,
46860,0.018,0.018,0.018,0.018,0.018,,
46920,0.018,0.018,0.018,0.018,0.018,,
46980,0.018,0.018,0.018,0.018,0.018,,
47040,0.018,0.018,0.018,0.018,0.018,,
47100,0.018,0.018,0.018,0.018,0.018,,
47160,0.017,0.017,0.017,0.017,0.017,,
47220,0.017,0.017,0.017,0.017,0.017,,
47280,0.017,0.017,0.017,0.017,0.017,,
47340,0.017,0.017,0.017,0.017,0.017,,
47400,0.017,0.017,0.017,0.017,0.017,,
47460,0.017,0.017,0.017,0.017,0.017,,
47520,0.017,0.017,0.017,0.017,0.017,,
47580,0.017,0.017,0.017,0.017,0.017,,
47640,0.017,0.017,0.017,0.017,0.017,,
47700,0.017,0.017,0.017,0.017,0.017,,
47760,0.017,0.017,0.017,0.017,0.017,,
47820,0.017,0.017,0.017,0.017,0.017,,
47880,0.017,0.017,0.017,0.017,0.017,,
47940,0.017,0.017,0.017,0.017,0.017,,
48000,0.016,0.016,0.017,0.017,0.017,,
48060,0.017,0.017,0.017,0.017,0.017,,
48120,0.017,0.017,0.017,0.017,0.017,,
48180,0.016,0.016,0.016,0.016,0.017,,
48240,0.016,0.016,0.016,0.016,0.016,,
48300,0.016,0.016,0.016,0.016,0.016,,
48360,0.016,0.016,0.016,0.016,0.016,,
48420,0.016,0.016,0.016,0.017,0.017,,
48480,0.016,0.016,0.016,0.016,0.016,,
48540,0.016,0.016,0.016,0.016,0.016,,
48600,0.016,0.016,0.016,0.016,0.016,,
48660,0.016,0.016,0.016,0.016,0.016,,
48720,0.016,0.016,0.016,0.016,0.016,,
48780,0.016,0.016,0.016,0.016,0.016,,
48840,0.016,0.016,0.016,0.016,0.016,,
48900,0.016,0.016,0.016,0.016,0.016,,
48960,0.016,0.016,0.016,0.016,0.016,,
49020,0.016,0.016,0.016,0.016,0.016,,
49080,0.016,0.016,0.016,0.016,0.016,,
49140,0.016,0.016,0.016,0.016,0.016,,
49200,0.015,0.015,0.015,0.015,0.015,,
49260,0.016,0.016,0.016,0.016,0.016,,
49320,0.015,0.015,0.015,0.015,0.015,,
49380,0.015,0.015,0.015,0.016,0.016,,
49440,0.015,0.015,0.015,0.015,0.015,,
49500,0.015,0.015,0.015,0.015,0.015,,
49560,0.015,0.015,0.015,0.015,0.015,,
49620,0.015,0.015,0.015,0.015,0.015,,
49680,0.015,0.015,0.015,0.015,0.015,,
49740,0.015,0.015,0.015,0.015,0.015,,
49800,0.015,0.015,0.015,0.015,0.015,,
49860,0.015,0.015,0.015,0.015,0.015,,
49920,0.015,0.015,0.015,0.015,0.015,,
49980,0.015,0.015,0.015,0.015,0.015,,
50040,0.015,0.015,0.015,0.015,0.015,,
50100,0.015,0.015,0.015,0.015,0.015,,
50160,0.015,0.015,0.015,0.015,0.015,,
50220,0.015,0.015,0.015,0.015,0.015,,
50280,0.015,0.015,0.015,0.015,0.015,,
50340,0.015,0.015,0.015,0.015,0.015,,
50400,0.015,0.015,0.015,0.015,0.015,,
50460,0.015,0.015,0.015,0.015,0.015,,
50520,0.015,0.015,0.015,0.015,0.015,,
50580,0.014,0.014,0.014,0.015,0.015,,
50640,0.014,0.014,0.014,0.014,0.014,,
50700,0.014,0.014,0.014,0.014,0.014,,
50760,0.014,0.014,0.014,0.014,0.014,,
50820,0.014,0.014,0.014,0.015,0.015,,
50880,0.014,0.014,0.014,0.014,0.014,,
50940,0.014,0.014,0.014,0.014,0.014,,
51000,0.014,0.014,0.014,0.014,0.014,,
51060,0.014,0.014,0.014,0.014,0.014,,
51120,0.014,0.014,0.014,0.014,0.014,,
51180,0.014,0.014,0.014,0.014,0.014,,
51240,0.014,0.014,0.014,0.014,0.014,,
51300,0.014,0.014,0.014,0.014,0.014,,
51360,0.014,0.014,0.014,0.014,0.014,,
51420,0.014,0.014,0.014,0.014,0.014,,
51480,0.014,0.014,0.014,0.014,0.014,,
51540,0.014,0.014,0.014,0.014,0.014,,
51600,0.014,0.014,0.014,0.014,0.014,,
51660,0.014,0.014,0.014,0.014,0.014,,
51720,0.014,0.014,0.014,0.014,0.014,,
51780,0.014,0.014,0.014,0.014,0.014,,
51840,0.014,0.014,0.014,0.014,0.014,,
51900,0.014,0.014,0.014,0.014,0.014,,
51960,0.014,0.014,0.014,0.014,0.014,,
52020,0.013,0.014,0.014,0.014,0.014,,
52080,0.014,0.014,0.014,0.014,0.014,,
52140,0.014,0.014,0.014,0.014,0.014,,
52200,0.013,0.013,0.013,0.013,0.013,,
52260,0.013,0.013,0.014,0.014,0.014,,
52320,0.013,0.014,0.014,0.014,0.014,,
52380,0.013,0.014,0.014,0.014,0.014,,
52440,0.013,0.013,0.013,0.013,0.013,,
52500,0.013,0.014,0.014,0.014,0.014,,
52560,0.013,0.013,0.013,0.013,0.013,,
52620,0.013,0.013,0.013,0.013,0.013,,
52680,0.013,0.013,0.013,0.013,0.013,,
52740,0.013,0.013,0.013,0.013,0.013,,
52800,0.013,0.013,0.013,0.013,0.013,,
52860,0.013,0.013,0.014,0.014,0.014,,
52920,0.013,0.013,0.013,0.013,0.013,,
52980,0.013,0.013,0.013,0.013,0.013,,
53040,0.013,0.013,0.013,0.013,0.013,,
53100,0.013,0.013,0.013,0.013,0.013,,
53160,0.013,0.013,0.013,0.013,0.013,,
53220,0.013,0.013,0.013,0.013,0.013,,
53280,0.013,0.013,0.013,0.013,0.013,,
53340,0.013,0.013,0.013,0.013,0.013,,
53400,0.013,0.013,0.013,0.013,0.013,,
53460,0.013,0.013,0.013,0.013,0.013,,
53520,0.013,0.013,0.013,0.013,0.013,,
53580,0.013,0.013,0.013,0.013,0.013,,
53640,0.013,0.013,0.013,0.013,0.013,,
53700,0.013,0.013,0.013,0.013,0.013,,
53760,0.013,0.013,0.013,0.013,0.013,,
53820,0.013,0.013,0.013,0.013,0.013,,
53880,0.013,0.013,0.013,0.013,0.013,,
53940,0.013,0.013,0.013,0.013,0.013,,
54000,0.013,0.013,0.013,0.013,0.013,,
54060,0.013,0.013,0.013,0.013,0.013,,
54120,0.013,0.013,0.013,0.013,0.013,,
54180,0.013,0.013,0.013,0.013,0.013,,
54240,0.012,0.013,0.013,0.013,0.013,,
54300,0.013,0.013,0.013,0.013,0.013,,
54360,0.012,0.013,0.013,0.013,0.013,,
54420,0.012,0.012,0.012,0.012,0.012,,
54480,0.012,0.013,0.013,0.013,0.013,,
54540,0.012,0.013,0.013,0.013,0.013,,
54600,0.012,0.013,0.013,0.013,0.013,,
54660,0.012,0.012,0.012,0.013,0.013,,
54720,0.012,0.012,0.012,0.012,0.012,,
54780,0.012,0.012,0.012,0.012,0.012,,
54840,0.012,0.012,0.012,0.012,0.012,,
54900,0.012,0.012,0.012,0.012,0.012,,
54960,0.012,0.012,0.012,0.012,0.012,,
55020,0.012,0.012,0.012,0.012,0.012,,
55080,0.012,0.012,0.012,0.012,0.012,,
55140,0.012,0.012,0.012,0.012,0.012,,
55200,0.012,0.012,0.012,0.012,0.012,,
55260,0.012,0.012,0.012,0.012,0.012,,
55320,0.012,0.012,0.012,0.012,0.012,,
55380,0.012,0.012,0.012,0.012,0.012,,
55440,0.012,0.012,0.012,0.012,0.012,,
55500,0.012,0.012,0.012,0.012,0.012,,
55560,0.012,0.012,0.012,0.012,0.012,,
55620,0.012,0.012,0.012,0.012,0.012,,
55680,0.012,0.012,0.012,0.012,0.012,,
55740,0.012,0.012,0.012,0.012,0.012,,
55800,0.012,0.012,0.012,0.012,0.013,,
55860,0.012,0.012,0.012,0.012,0.012,,
55920,0.012,0.012,0.012,0.012,0.012,,
55980,0.012,0.012,0.012,0.012,0.012,,
56040,0.012,0.012,0.012,0.012,0.013,,
56100,0.012,0.012,0.012,0.013,0.014,,
56160,0.013,0.013,0.013,0.014,0.016,,
56220,0.012,0.012,0.012,0.013,0.013,,
56280,0.012,0.012,0.012,0.013,0.014,,
56340,0.012,0.012,0.012,0.013,0.013,,
56400,0.012,0.012,0.012,0.013,0.013,,
56460,0.012,0.012,0.012,0.013,0.014,,
56520,0.012,0.012,0.012,0.013,0.014,,
56580,0.012,0.013,0.013,0.014,0.015,,
56640,0.013,0.013,0.013,0.016,0.018,,
56700,0.013,0.013,0.013,0.015,0.017,,
56760,0.013,0.013,0.013,0.016,0.017,,
56820,0.014,0.014,0.015,0.018,0.023,,
56880,0.015,0.015,0.016,0.020,0.025,,
56940,0.016,0.016,0.017,0.021,0.028,,
57000,0.016,0.016,0.017,0.020,0.028,,
57060,0.018,0.018,0.019,0.026,0.037,,
57120,0.018,0.018,0.019,0.026,0.038,,
57180,0.017,0.017,0.018,0.026,0.035,,
57240,0.016,0.016,0.017,0.023,0.031,,
57300,0.017,0.018,0.019,0.026,0.035,,
57360,0.018,0.018,0.020,0.027,0.037,,
57420,0.019,0.019,0.021,0.029,0.041,,
57480,0.020,0.020,0.022,0.032,0.046,,
57540,0.023,0.023,0.025,0.038,0.054,,
57600,0.023,0.023,0.025,0.037,0.055,,
57660,0.028,0.029,0.032,0.048,0.078,,
57720,0.035,0.036,0.039,0.062,0.104,,
57780,0.042,0.043,0.047,0.081,0.138,,
57840,0.035,0.037,0.040,0.068,0.115,,
57900,0.036,0.038,0.041,0.070,0.114,,
57960,0.034,0.035,0.038,0.065,0.105,,
58020,0.039,0.041,0.045,0.076,0.126,,
58080,0.042,0.044,0.048,0.080,0.136,,
58140,0.042,0.044,0.048,0.080,0.132,,
58200,0.038,0.039,0.043,0.076,0.122,,
58260,0.038,0.039,0.043,0.071,0.119,,
58320,0.036,0.038,0.042,0.070,0.109,,
58380,0.031,0.032,0.036,0.060,0.087,,
58440,0.033,0.034,0.037,0.060,0.092,,
58500,0.035,0.037,0.040,0.066,0.109,,
58560,0.038,0.040,0.043,0.064,0.112,,
58620,0.041,0.042,0.045,0.068,0.113,,
58680,0.033,0.035,0.038,0.060,0.106,,
58740,0.038,0.040,0.043,0.069,0.113,,
58800,0.039,0.040,0.043,0.067,0.117,,
58860,0.036,0.037,0.040,0.064,0.107,,
58920,0.037,0.038,0.042,0.064,0.114,,
58980,0.035,0.036,0.039,0.057,0.098,,
59040,0.032,0.033,0.037,0.057,0.094,,
59100,0.028,0.029,0.032,0.049,0.078,,
59160,0.027,0.029,0.032,0.051,0.078,,
59220,0.031,0.032,0.035,0.054,0.090,,
59280,0.029,0.030,0.033,0.049,0.079,,
59340,0.029,0.031,0.034,0.051,0.080,,
59400,0.025,0.026,0.029,0.046,0.067,,
59460,0.029,0.030,0.033,0.047,0.077,,
59520,0.030,0.032,0.034,0.051,0.083,,
59580,0.028,0.029,0.032,0.048,0.079,,
59640,0.026,0.027,0.029,0.044,0.066,,
59700,0.023,0.024,0.026,0.039,0.058,,
59760,0.022,0.023,0.026,0.041,0.057,,
59820,0.023,0.024,0.027,0.039,0.057,,
59880,0.024,0.025,0.027,0.040,0.063,,
59940,0.021,0.022,0.024,0.037,0.053,,
60000,0.022,0.023,0.025,0.038,0.054,,
60060,0.025,0.026,0.029,0.040,0.059,,
60120,0.022,0.023,0.025,0.036,0.052,,
60180,0.022,0.023,0.025,0.038,0.053,,
60240,0.024,0.025,0.027,0.041,0.064,,
60300,0.026,0.027,0.029,0.042,0.064,,
60360,0.026,0.027,0.030,0.044,0.065,,
60420,0.023,0.025,0.027,0.041,0.062,,
60480,0.025,0.026,0.029,0.042,0.062,,
60540,0.024,0.025,0.028,0.040,0.064,,
60600,0.027,0.028,0.031,0.047,0.076,,
60660,0.024,0.025,0.028,0.042,0.065,,
60720,0.022,0.023,0.026,0.035,0.049,,
60780,0.022,0.023,0.025,0.035,0.049,,
60840,0.022,0.023,0.025,0.038,0.059,,
60900,0.023,0.024,0.027,0.039,0.055,,
60960,0.022,0.023,0.025,0.036,0.058,,
61020,0.023,0.024,0.027,0.040,0.058,,
61080,0.025,0.026,0.029,0.041,0.060,,
61140,0.024,0.025,0.027,0.040,0.062,,
61200,0.026,0.027,0.030,0.044,0.069,,
61260,0.024,0.025,0.027,0.039,0.062,,
61320,0.022,0.023,0.025,0.036,0.055,,
61380,0.021,0.023,0.025,0.036,0.056,,
61440,0.023,0.024,0.027,0.040,0.060,,
61500,0.029,0.030,0.033,0.048,0.079,,
61560,0.028,0.029,0.032,0.049,0.076,,
61620,0.029,0.031,0.033,0.052,0.087,,
61680,0.030,0.031,0.034,0.052,0.086,,
61740,0.029,0.030,0.033,0.048,0.084,,
61800,0.028,0.029,0.032,0.046,0.076,,
61860,0.027,0.028,0.030,0.046,0.072,,
61920,0.029,0.030,0.033,0.046,0.075,,
61980,0.033,0.034,0.037,0.053,0.095,,
62040,0.026,0.027,0.030,0.042,0.071,,
62100,0.029,0.030,0.033,0.045,0.078,,
62160,0.027,0.029,0.031,0.046,0.074,,
62220,0.025,0.026,0.029,0.041,0.066,,
62280,0.027,0.028,0.031,0.043,0.071,,
62340,0.025,0.026,0.028,0.041,0.067,,
62400,0.027,0.028,0.031,0.043,0.073,,
62460,0.028,0.029,0.032,0.044,0.071,,
62520,0.026,0.027,0.029,0.043,0.070,,
62580,0.024,0.026,0.028,0.041,0.067,,
62640,0.033,0.034,0.037,0.053,0.094,,
62700,0.032,0.033,0.036,0.050,0.086,,
62760,0.027,0.028,0.031,0.046,0.074,,
62820,0.028,0.029,0.031,0.042,0.067,,
62880,0.030,0.031,0.033,0.051,0.085,,
62940,0.030,0.031,0.034,0.046,0.080,,
63000,0.023,0.024,0.026,0.038,0.059,,
63060,0.038,0.039,0.042,0.055,0.080,,
63120,0.026,0.028,0.030,0.044,0.082,,
63180,0.025,0.027,0.029,0.043,0.071,,
63240,0.025,0.026,0.029,0.042,0.073,,
63300,0.028,0.029,0.031,0.046,0.069,,
63360,0.029,0.030,0.033,0.045,0.075,,
63420,0.026,0.027,0.030,0.043,0.071,,
63480,0.027,0.028,0.030,0.044,0.072,,
63540,0.026,0.027,0.030,0.044,0.067,,
63600,0.025,0.026,0.029,0.045,0.064,,
63660,0.026,0.027,0.030,0.045,0.066,,
63720,0.024,0.025,0.028,0.042,0.061,,
63780,0.021,0.022,0.025,0.038,0.047,,
63840,0.023,0.024,0.027,0.037,0.051,,
63900,0.020,0.021,0.024,0.034,0.047,,
63960,0.021,0.022,0.025,0.034,0.047,,
64020,0.020,0.021,0.023,0.032,0.042,,
64080,0.022,0.023,0.026,0.035,0.047,,
64140,0.019,0.020,0.023,0.031,0.040,,
64200,0.021,0.022,0.025,0.036,0.047,,
64260,0.019,0.020,0.023,0.032,0.040,,
64320,0.019,0.020,0.022,0.031,0.038,,
64380,0.019,0.020,0.023,0.033,0.043,,
64440,0.019,0.020,0.022,0.031,0.039,,
64500,0.020,0.021,0.023,0.033,0.044,,
64560,0.019,0.021,0.023,0.033,0.039,,
64620,0.019,0.020,0.022,0.030,0.037,,
64680,0.020,0.021,0.023,0.032,0.041,,
64740,0.018,0.019,0.022,0.031,0.037,,
64800,0.018,0.019,0.021,0.029,0.035,,
64860,0.020,0.021,0.023,0.032,0.042,,
64920,0.018,0.019,0.022,0.030,0.038,,
64980,0.019,0.021,0.023,0.031,0.036,,
65040,0.018,0.019,0.021,0.028,0.034,,
65100,0.017,0.018,0.020,0.026,0.031,,
65160,0.018,0.019,0.021,0.028,0.034,,
65220,0.018,0.019,0.022,0.029,0.034,,
65280,0.017,0.018,0.020,0.028,0.031,,
65340,0.017,0.019,0.021,0.027,0.031,,
65400,0.019,0.020,0.022,0.029,0.035,,
65460,0.017,0.018,0.020,0.026,0.030,,
65520,0.016,0.017,0.019,0.025,0.028,,
65580,0.016,0.017,0.019,0.025,0.029,,
65640,0.017,0.018,0.020,0.028,0.032,,
65700,0.021,0.022,0.024,0.034,0.048,,
65760,0.028,0.030,0.032,0.052,0.084,,
65820,0.033,0.034,0.037,0.056,0.089,,
65880,0.026,0.027,0.030,0.046,0.069,,
65940,0.024,0.025,0.028,0.042,0.060,,
66000,0.027,0.028,0.032,0.045,0.067,,
66060,0.029,0.031,0.034,0.048,0.081,,
66120,0.028,0.029,0.032,0.046,0.072,,
66180,0.028,0.029,0.033,0.049,0.076,,
66240,0.029,0.030,0.033,0.050,0.080,,
66300,0.031,0.033,0.036,0.051,0.089,,
66360,0.027,0.028,0.031,0.048,0.070,,
66420,0.035,0.036,0.039,0.055,0.081,,
66480,0.023,0.024,0.027,0.041,0.056,,
66540,0.027,0.028,0.031,0.042,0.065,,
66600,0.026,0.027,0.030,0.042,0.064,,
66660,0.028,0.029,0.032,0.050,0.081,,
66720,0.024,0.025,0.028,0.043,0.064,,
66780,0.025,0.027,0.029,0.044,0.062,,
66840,0.024,0.025,0.028,0.042,0.060,,
66900,0.022,0.024,0.026,0.038,0.057,,
66960,0.023,0.025,0.027,0.041,0.058,,
67020,0.022,0.024,0.027,0.037,0.055,,
67080,0.025,0.026,0.028,0.041,0.064,,
67140,0.024,0.025,0.028,0.041,0.059,,
67200,0.025,0.026,0.029,0.043,0.064,,
67260,0.025,0.027,0.029,0.043,0.066,,
67320,0.024,0.025,0.027,0.038,0.057,,
67380,0.023,0.024,0.027,0.037,0.053,,
67440,0.022,0.024,0.026,0.038,0.059,,
67500,0.022,0.023,0.026,0.036,0.054,,
67560,0.031,0.033,0.036,0.054,0.088,,
67620,0.029,0.031,0.034,0.053,0.088,,
67680,0.035,0.037,0.040,0.060,0.101,,
67740,0.037,0.039,0.042,0.059,0.099,,
67800,0.028,0.029,0.032,0.049,0.074,,
67860,0.026,0.028,0.031,0.044,0.067,,
67920,0.031,0.032,0.035,0.051,0.081,,
67980,0.033,0.035,0.038,0.054,0.090,,
68040,0.032,0.033,0.036,0.052,0.083,,
68100,0.031,0.032,0.035,0.050,0.084,,
68160,0.031,0.032,0.035,0.050,0.076,,
68220,0.029,0.030,0.033,0.047,0.073,,
68280,0.029,0.031,0.034,0.046,0.072,,
68340,0.030,0.031,0.034,0.049,0.072,,
68400,0.033,0.034,0.037,0.051,0.079,,
68460,0.028,0.029,0.032,0.044,0.070,,
68520,0.030,0.032,0.035,0.048,0.076,,
68580,0.029,0.030,0.033,0.046,0.069,,
68640,0.036,0.037,0.040,0.054,0.084,,
68700,0.034,0.036,0.039,0.054,0.085,,
68760,0.033,0.035,0.038,0.054,0.089,,
68820,0.032,0.033,0.036,0.052,0.084,,
68880,0.033,0.034,0.037,0.051,0.083,,
68940,0.029,0.031,0.034,0.048,0.071,,
69000,0.032,0.033,0.036,0.051,0.079,,
69060,0.030,0.032,0.035,0.049,0.075,,
69120,0.037,0.038,0.042,0.057,0.090,,
69180,0.033,0.035,0.039,0.054,0.084,,
69240,0.032,0.034,0.037,0.054,0.082,,
69300,0.034,0.036,0.039,0.055,0.089,,
69360,0.032,0.033,0.036,0.053,0.081,,
69420,0.034,0.036,0.039,0.052,0.080,,
69480,0.031,0.033,0.036,0.051,0.079,,
69540,0.029,0.031,0.034,0.046,0.067,,
69600,0.031,0.033,0.036,0.048,0.070,,
69660,0.032,0.033,0.036,0.049,0.076,,
69720,0.029,0.031,0.034,0.047,0.077,,
69780,0.032,0.034,0.037,0.053,0.081,,
69840,0.036,0.038,0.041,0.057,0.095,,
69900,0.039,0.041,0.045,0.063,0.107,,
69960,0.035,0.036,0.040,0.055,0.092,,
70020,0.037,0.038,0.041,0.059,0.100,,
70080,0.035,0.037,0.040,0.056,0.089,,
70140,0.028,0.030,0.033,0.045,0.071,,
70200,0.031,0.032,0.035,0.051,0.076,,
70260,0.032,0.033,0.037,0.051,0.076,,
70320,0.038,0.040,0.043,0.057,0.087,,
70380,0.042,0.044,0.048,0.063,0.092,,
70440,0.040,0.042,0.045,0.058,0.089,,
70500,0.046,0.048,0.051,0.064,0.093,,
70560,0.041,0.043,0.046,0.063,0.085,,
70620,0.042,0.044,0.047,0.062,0.083,,
70680,0.038,0.040,0.043,0.058,0.075,,
70740,0.035,0.037,0.040,0.054,0.070,,
70800,0.035,0.037,0.040,0.051,0.069,,
70860,0.035,0.037,0.039,0.050,0.067,,
70920,0.033,0.035,0.038,0.048,0.062,,
70980,0.033,0.035,0.037,0.047,0.062,,
71040,0.031,0.033,0.035,0.045,0.057,,
71100,0.031,0.033,0.036,0.045,0.059,,
71160,0.031,0.033,0.035,0.044,0.059,,
71220,0.030,0.031,0.034,0.041,0.055,,
71280,0.031,0.033,0.035,0.046,0.056,,
71340,0.030,0.032,0.034,0.043,0.055,,
71400,0.028,0.030,0.032,0.042,0.052,,
71460,0.030,0.031,0.033,0.042,0.054,,
71520,0.027,0.028,0.030,0.038,0.044,,
71580,0.028,0.029,0.031,0.040,0.050,,
71640,0.025,0.026,0.028,0.035,0.041,,
71700,0.025,0.026,0.027,0.035,0.042,,
71760,0.025,0.026,0.027,0.033,0.040,,
71820,0.025,0.025,0.027,0.035,0.039,,
71880,0.024,0.024,0.026,0.032,0.039,,
71940,0.024,0.024,0.025,0.031,0.035,,
72000,0.024,0.025,0.026,0.031,0.037,,
72060,0.023,0.023,0.024,0.030,0.036,,
72120,0.023,0.023,0.024,0.029,0.034,,
72180,0.022,0.023,0.024,0.027,0.032,,
72240,0.021,0.022,0.023,0.026,0.030,,
72300,0.021,0.022,0.023,0.027,0.029,,
72360,0.021,0.022,0.022,0.026,0.028,,
72420,0.021,0.022,0.023,0.025,0.029,,
72480,0.021,0.021,0.022,0.024,0.027,,
72540,0.021,0.021,0.022,0.024,0.026,,
72600,0.021,0.022,0.022,0.026,0.028,,
72660,0.022,0.023,0.024,0.027,0.031,,
72720,0.021,0.021,0.022,0.025,0.026,,
72780,0.021,0.021,0.022,0.025,0.026,,
72840,0.022,0.023,0.023,0.026,0.031,,
72900,0.021,0.022,0.022,0.025,0.028,,
72960,0.020,0.021,0.021,0.023,0.025,,
73020,0.021,0.021,0.022,0.025,0.027,,
73080,0.023,0.024,0.025,0.031,0.036,,
73140,0.025,0.026,0.027,0.036,0.041,,
73200,0.025,0.025,0.026,0.035,0.041,,
73260,0.023,0.024,0.025,0.034,0.037,,
73320,0.024,0.025,0.026,0.034,0.039,,
73380,0.025,0.026,0.027,0.035,0.038,,
73440,0.024,0.025,0.026,0.033,0.040,,
73500,0.026,0.027,0.028,0.039,0.044,,
73560,0.025,0.026,0.027,0.036,0.040,,
73620,0.025,0.026,0.027,0.036,0.041,,
73680,0.030,0.030,0.032,0.044,0.055,,
73740,0.024,0.024,0.026,0.033,0.042,,
73800,0.034,0.034,0.035,0.045,0.052,,
73860,0.022,0.023,0.024,0.029,0.033,,
73920,0.023,0.024,0.025,0.031,0.037,,
73980,0.023,0.024,0.025,0.031,0.035,,
74040,0.024,0.024,0.026,0.032,0.036,,
74100,0.023,0.023,0.024,0.030,0.032,,
74160,0.023,0.023,0.024,0.031,0.032,,
74220,0.022,0.022,0.023,0.027,0.029,,
74280,0.023,0.024,0.025,0.029,0.030,,
74340,0.022,0.023,0.023,0.027,0.029,,
74400,0.021,0.022,0.022,0.025,0.027,,
74460,0.021,0.022,0.023,0.026,0.027,,
74520,0.022,0.022,0.023,0.027,0.028,,
74580,0.022,0.022,0.023,0.026,0.028,,
74640,0.022,0.023,0.024,0.027,0.029,,
74700,0.024,0.024,0.025,0.030,0.032,,
74760,0.023,0.023,0.025,0.029,0.030,,
74820,0.023,0.023,0.025,0.029,0.031,,
74880,0.022,0.023,0.024,0.029,0.030,,
74940,0.022,0.023,0.023,0.027,0.028,,
75000,0.022,0.023,0.024,0.028,0.029,,
75060,0.023,0.023,0.024,0.028,0.029,,
75120,0.025,0.025,0.026,0.030,0.033,,
75180,0.022,0.023,0.024,0.029,0.032,,
75240,0.022,0.022,0.023,0.027,0.032,,
75300,0.022,0.023,0.024,0.027,0.031,,
75360,0.021,0.021,0.022,0.026,0.029,,
75420,0.021,0.022,0.022,0.026,0.028,,
75480,0.022,0.023,0.023,0.029,0.032,,
75540,0.022,0.022,0.023,0.029,0.032,,
75600,0.023,0.024,0.025,0.030,0.035,,
75660,0.022,0.022,0.023,0.028,0.030,,
75720,0.022,0.022,0.023,0.029,0.032,,
75780,0.021,0.021,0.022,0.025,0.027,,
75840,0.021,0.021,0.021,0.026,0.027,,
75900,0.023,0.024,0.025,0.032,0.039,,
75960,0.027,0.027,0.029,0.039,0.051,,
76020,0.026,0.027,0.028,0.039,0.051,,
76080,0.026,0.026,0.027,0.036,0.054,,
76140,0.026,0.027,0.029,0.038,0.054,,
76200,0.028,0.029,0.030,0.042,0.063,,
76260,0.030,0.031,0.032,0.043,0.065,,
76320,0.027,0.028,0.029,0.040,0.058,,
76380,0.028,0.029,0.031,0.041,0.062,,
76440,0.026,0.026,0.028,0.036,0.049,,
76500,0.028,0.029,0.030,0.039,0.059,,
76560,0.028,0.029,0.030,0.039,0.057,,
76620,0.026,0.027,0.028,0.038,0.051,,
76680,0.026,0.026,0.028,0.038,0.055,,
76740,0.026,0.027,0.029,0.037,0.055,,
76800,0.026,0.027,0.029,0.038,0.055,,
76860,0.025,0.026,0.028,0.037,0.054,,
76920,0.029,0.029,0.031,0.041,0.068,,
76980,0.027,0.027,0.029,0.036,0.054,,
77040,0.027,0.027,0.029,0.039,0.058,,
77100,0.027,0.027,0.029,0.040,0.059,,
77160,0.028,0.029,0.031,0.042,0.070,,
77220,0.027,0.028,0.030,0.041,0.065,,
77280,0.036,0.036,0.038,0.053,0.086,,
77340,0.028,0.029,0.030,0.043,0.064,,
77400,0.032,0.033,0.035,0.049,0.071,,
77460,0.027,0.028,0.030,0.042,0.064,,
77520,0.027,0.028,0.030,0.045,0.066,,
77580,0.030,0.031,0.033,0.044,0.069,,
77640,0.028,0.029,0.031,0.043,0.064,,
77700,0.025,0.026,0.028,0.038,0.056,,
77760,0.024,0.025,0.027,0.039,0.052,,
77820,0.026,0.027,0.029,0.040,0.057,,
77880,0.027,0.028,0.030,0.042,0.061,,
77940,0.025,0.025,0.027,0.037,0.051,,
78000,0.024,0.025,0.026,0.036,0.052,,
78060,0.025,0.025,0.027,0.038,0.051,,
78120,0.025,0.026,0.028,0.038,0.059,,
78180,0.027,0.027,0.029,0.039,0.060,,
78240,0.023,0.024,0.026,0.036,0.051,,
78300,0.028,0.029,0.031,0.042,0.061,,
78360,0.026,0.027,0.029,0.041,0.060,,
78420,0.030,0.031,0.034,0.047,0.067,,
78480,0.027,0.028,0.030,0.040,0.061,,
78540,0.026,0.026,0.028,0.038,0.056,,
78600,0.029,0.030,0.032,0.045,0.071,,
78660,0.032,0.033,0.035,0.048,0.073,,
78720,0.031,0.032,0.034,0.046,0.072,,
78780,0.027,0.028,0.030,0.042,0.062,,
78840,0.029,0.029,0.032,0.044,0.064,,
78900,0.029,0.030,0.032,0.046,0.072,,
78960,0.032,0.033,0.035,0.048,0.079,,
79020,0.031,0.033,0.035,0.051,0.078,,
79080,0.032,0.033,0.036,0.051,0.079,,
79140,0.026,0.028,0.030,0.044,0.062,,
79200,0.027,0.029,0.031,0.045,0.067,,
79260,0.028,0.029,0.032,0.045,0.068,,
79320,0.029,0.030,0.032,0.045,0.067,,
79380,0.027,0.028,0.030,0.042,0.064,,
79440,0.027,0.028,0.031,0.043,0.066,,
79500,0.030,0.031,0.033,0.047,0.076,,
79560,0.025,0.026,0.028,0.038,0.058,,
79620,0.028,0.029,0.032,0.044,0.066,,
79680,0.025,0.026,0.028,0.040,0.058,,
79740,0.025,0.026,0.028,0.039,0.056,,
79800,0.025,0.026,0.028,0.038,0.053,,
79860,0.027,0.028,0.031,0.043,0.062,,
79920,0.025,0.026,0.028,0.038,0.054,,
79980,0.028,0.029,0.031,0.043,0.068,,
80040,0.027,0.028,0.031,0.043,0.063,,
80100,0.025,0.026,0.028,0.039,0.055,,
80160,0.028,0.030,0.032,0.047,0.069,,
80220,0.027,0.028,0.031,0.043,0.064,,
80280,0.031,0.032,0.035,0.047,0.076,,
80340,0.025,0.027,0.029,0.041,0.061,,
80400,0.027,0.028,0.031,0.041,0.061,,
80460,0.025,0.026,0.028,0.039,0.059,,
80520,0.025,0.026,0.028,0.039,0.057,,
80580,0.025,0.026,0.028,0.039,0.056,,
80640,0.027,0.028,0.030,0.040,0.063,,
80700,0.025,0.026,0.028,0.038,0.054,,
80760,0.027,0.028,0.030,0.040,0.065,,
80820,0.025,0.026,0.028,0.041,0.055,,
80880,0.023,0.024,0.026,0.034,0.046,,
80940,0.023,0.024,0.026,0.035,0.055,,
81000,0.024,0.025,0.027,0.036,0.057,,
81060,0.023,0.024,0.026,0.037,0.051,,
81120,0.028,0.029,0.031,0.042,0.067,,
81180,0.031,0.032,0.034,0.046,0.070,,
81240,0.027,0.028,0.030,0.044,0.068,,
81300,0.028,0.029,0.031,0.044,0.062,,
81360,0.031,0.032,0.034,0.049,0.072,,
81420,0.029,0.030,0.032,0.047,0.071,,
81480,0.026,0.027,0.030,0.045,0.062,,
81540,0.027,0.028,0.031,0.045,0.067,,
81600,0.030,0.031,0.034,0.050,0.074,,
81660,0.031,0.032,0.035,0.053,0.078,,
81720,0.029,0.031,0.034,0.050,0.070,,
81780,0.028,0.029,0.032,0.048,0.061,,
81840,0.030,0.032,0.036,0.054,0.074,,
81900,0.035,0.036,0.040,0.059,0.087,,
81960,0.031,0.032,0.036,0.052,0.074,,
82020,0.030,0.032,0.036,0.055,0.074,,
82080,0.031,0.032,0.037,0.057,0.074,,
82140,0.032,0.033,0.038,0.060,0.078,,
82200,0.033,0.035,0.039,0.057,0.077,,
82260,0.032,0.034,0.039,0.058,0.080,,
82320,0.032,0.034,0.039,0.061,0.083,,
82380,0.032,0.034,0.038,0.056,0.075,,
82440,0.029,0.031,0.036,0.054,0.071,,
82500,0.034,0.037,0.041,0.062,0.084,,
82560,0.029,0.031,0.036,0.054,0.070,,
82620,0.032,0.034,0.040,0.058,0.077,,
82680,0.031,0.033,0.038,0.057,0.075,,
82740,0.030,0.032,0.037,0.056,0.072,,
82800,0.034,0.036,0.041,0.058,0.079,,
82860,0.036,0.038,0.043,0.068,0.090,,
82920,0.038,0.040,0.046,0.072,0.095,,
82980,0.041,0.043,0.049,0.075,0.104,,
83040,0.036,0.039,0.044,0.067,0.091,,
83100,0.038,0.040,0.046,0.070,0.097,,
83160,0.039,0.041,0.047,0.070,0.101,,
83220,0.038,0.040,0.046,0.066,0.098,,
83280,0.037,0.039,0.044,0.065,0.097,,
83340,0.036,0.038,0.044,0.066,0.086,,
83400,0.038,0.040,0.046,0.069,0.092,,
83460,0.035,0.038,0.043,0.062,0.080,,
83520,0.035,0.037,0.042,0.064,0.080,,
83580,0.037,0.039,0.044,0.065,0.087,,
83640,0.032,0.034,0.039,0.056,0.076,,
83700,0.033,0.035,0.040,0.060,0.079,,
83760,0.033,0.035,0.039,0.057,0.075,,
83820,0.037,0.039,0.044,0.064,0.084,,
83880,0.040,0.042,0.047,0.068,0.096,,
83940,0.040,0.042,0.047,0.070,0.108,,
84000,0.046,0.048,0.053,0.075,0.119,,
84060,0.040,0.042,0.047,0.070,0.105,,
84120,0.038,0.040,0.045,0.070,0.102,,
84180,0.040,0.042,0.047,0.072,0.112,,
84240,0.042,0.044,0.050,0.076,0.112,,
84300,0.041,0.044,0.049,0.073,0.116,,
84360,0.043,0.045,0.051,0.079,0.126,,
84420,0.041,0.043,0.048,0.072,0.109,,
84480,0.044,0.047,0.052,0.082,0.127,,
84540,0.043,0.045,0.050,0.076,0.115,,
84600,0.047,0.049,0.055,0.086,0.132,,
84660,0.050,0.053,0.059,0.092,0.154,,
84720,0.055,0.057,0.064,0.101,0.165,,
84780,0.061,0.064,0.071,0.118,0.185,,
84840,0.046,0.049,0.055,0.088,0.138,,
84900,0.049,0.052,0.058,0.097,0.145,,
84960,0.048,0.050,0.056,0.091,0.138,,
85020,0.048,0.050,0.056,0.089,0.132,,
85080,0.044,0.046,0.052,0.081,0.119,,
85140,0.047,0.049,0.055,0.090,0.132,,
85200,0.042,0.044,0.049,0.076,0.106,,
85260,0.040,0.042,0.048,0.078,0.102,,
85320,0.038,0.040,0.046,0.074,0.098,,
85380,0.060,0.062,0.069,0.114,0.181,,
85440,0.059,0.061,0.067,0.112,0.177,,
85500,0.067,0.069,0.076,0.129,0.227,,
85560,0.201,0.203,0.211,0.333,0.658,,
85620,0.086,0.088,0.095,0.165,0.301,,
85680,0.104,0.106,0.114,0.194,0.358,,
85740,0.064,0.067,0.073,0.125,0.206,,
85800,0.062,0.063,0.069,0.117,0.190,,
85860,0.052,0.054,0.059,0.094,0.144,,
85920,0.046,0.047,0.052,0.081,0.113,,
85980,0.044,0.045,0.049,0.077,0.105,,
86040,0.040,0.041,0.045,0.068,0.086,,
86100,0.039,0.041,0.044,0.066,0.086,,
86160,0.039,0.041,0.044,0.062,0.085,,
86220,0.038,0.039,0.042,0.059,0.081,,
86280,0.036,0.037,0.040,0.057,0.074,,
86340,0.035,0.036,0.039,0.054,0.066,,
86400,0.035,0.036,0.039,0.053,0.068,,
86460,0.034,0.035,0.037,0.049,0.062,,
86520,0.032,0.033,0.035,0.047,0.055,,
86580,0.032,0.033,0.035,0.046,0.055,,
86640,0.032,0.033,0.035,0.047,0.058,,
86700,0.033,0.034,0.036,0.047,0.058,,
86760,0.031,0.032,0.034,0.044,0.053,,
86820,0.030,0.031,0.033,0.041,0.047,,
86880,0.032,0.033,0.034,0.044,0.058,,
86940,0.032,0.033,0.035,0.045,0.057,,
87000,0.031,0.032,0.033,0.043,0.054,,
87060,0.031,0.032,0.034,0.045,0.054,,
87120,0.033,0.034,0.035,0.048,0.059,,
87180,0.032,0.032,0.034,0.046,0.055,,
87240,0.033,0.034,0.035,0.046,0.057,,
87300,0.033,0.034,0.036,0.045,0.058,,
87360,0.033,0.034,0.036,0.046,0.053,,
87420,0.033,0.033,0.035,0.044,0.055,,
87480,0.032,0.032,0.034,0.043,0.051,,
87540,0.033,0.034,0.035,0.043,0.053,,
87600,0.032,0.033,0.034,0.042,0.049,,
87660,0.032,0.033,0.035,0.043,0.051,,
87720,0.032,0.033,0.034,0.041,0.047,,
87780,0.032,0.033,0.034,0.041,0.048,,
87840,0.032,0.033,0.034,0.041,0.048,,
87900,0.030,0.030,0.031,0.038,0.041,,
87960,0.030,0.031,0.032,0.038,0.040,,
88020,0.032,0.032,0.033,0.040,0.046,,
88080,0.030,0.031,0.032,0.037,0.041,,
88140,0.031,0.032,0.033,0.038,0.044,,
88200,0.031,0.031,0.032,0.037,0.041,,
88260,0.031,0.032,0.034,0.039,0.040,,
88320,0.032,0.033,0.034,0.039,0.040,,
88380,0.032,0.032,0.034,0.040,0.043,,
88440,0.032,0.033,0.034,0.038,0.042,,
88500,0.031,0.032,0.033,0.037,0.039,,
88560,0.032,0.033,0.034,0.039,0.042,,
88620,0.032,0.032,0.034,0.037,0.039,,
88680,0.032,0.033,0.034,0.038,0.040,,
88740,0.032,0.033,0.034,0.039,0.042,,
88800,0.033,0.033,0.035,0.040,0.044,,
88860,0.033,0.033,0.035,0.041,0.043,,
88920,0.032,0.033,0.034,0.039,0.044,,
88980,0.031,0.032,0.033,0.037,0.039,,
89040,0.031,0.031,0.032,0.036,0.039,,
89100,0.030,0.031,0.032,0.036,0.037,,
89160,0.031,0.032,0.033,0.037,0.040,,
89220,0.031,0.032,0.033,0.038,0.041,,
89280,0.032,0.033,0.034,0.038,0.042,,
89340,0.031,0.031,0.032,0.037,0.039,,
89400,0.032,0.033,0.035,0.041,0.047,,
89460,0.036,0.037,0.039,0.050,0.060,,
89520,0.037,0.038,0.040,0.048,0.060,,
89580,0.035,0.036,0.038,0.047,0.053,,
89640,0.034,0.035,0.037,0.045,0.049,,
89700,0.036,0.037,0.039,0.050,0.061,,
89760,0.039,0.040,0.042,0.053,0.064,,
89820,0.036,0.037,0.039,0.050,0.062,,
89880,0.036,0.037,0.039,0.048,0.056,,
89940,0.036,0.037,0.039,0.051,0.063,,
90000,0.036,0.037,0.039,0.048,0.059,,
90060,0.037,0.038,0.040,0.050,0.061,,
90120,0.035,0.036,0.038,0.046,0.056,,
90180,0.037,0.038,0.040,0.049,0.058,,
90240,0.034,0.035,0.037,0.044,0.052,,
90300,0.033,0.034,0.035,0.043,0.049,,
90360,0.037,0.037,0.039,0.047,0.055,,
90420,0.035,0.036,0.037,0.045,0.049,,
90480,0.033,0.034,0.036,0.044,0.047,,
90540,0.035,0.036,0.038,0.047,0.053,,
90600,0.036,0.037,0.040,0.052,0.060,,
90660,0.036,0.037,0.039,0.051,0.058,,
90720,0.033,0.034,0.036,0.044,0.049,,
90780,0.035,0.036,0.038,0.046,0.053,,
90840,0.035,0.036,0.038,0.045,0.054,,
90900,0.036,0.037,0.039,0.047,0.055,,
90960,0.035,0.036,0.039,0.049,0.053,,
91020,0.036,0.037,0.040,0.049,0.057,,
91080,0.038,0.039,0.041,0.050,0.060,,
91140,0.038,0.040,0.042,0.053,0.061,,
91200,0.036,0.037,0.039,0.048,0.052,,
91260,0.044,0.045,0.048,0.061,0.073,,
91320,0.042,0.043,0.045,0.056,0.062,,
91380,0.043,0.045,0.047,0.059,0.070,,
91440,0.044,0.045,0.047,0.056,0.064,,
91500,0.043,0.044,0.047,0.055,0.062,,
91560,0.044,0.045,0.047,0.057,0.066,,
91620,0.043,0.044,0.046,0.056,0.064,,
91680,0.041,0.042,0.044,0.051,0.056,,
91740,0.041,0.042,0.044,0.053,0.057,,
91800,0.041,0.042,0.044,0.051,0.056,,
91860,0.041,0.042,0.044,0.051,0.055,,
91920,0.042,0.043,0.045,0.052,0.058,,
91980,0.042,0.043,0.045,0.049,0.055,,
92040,0.040,0.041,0.043,0.049,0.054,,
92100,0.039,0.040,0.043,0.048,0.052,,
92160,0.040,0.041,0.043,0.051,0.056,,
92220,0.039,0.040,0.043,0.049,0.051,,
92280,0.040,0.041,0.043,0.049,0.052,,
92340,0.038,0.039,0.041,0.047,0.049,,
92400,0.038,0.039,0.041,0.047,0.051,,
92460,0.039,0.040,0.042,0.047,0.050,,
92520,0.038,0.039,0.041,0.047,0.051,,
92580,0.038,0.039,0.041,0.046,0.049,,
92640,0.038,0.039,0.041,0.047,0.051,,
92700,0.038,0.039,0.041,0.046,0.049,,
92760,0.038,0.039,0.040,0.046,0.049,,
92820,0.038,0.039,0.041,0.046,0.050,,
92880,0.037,0.038,0.040,0.044,0.046,,
92940,0.038,0.039,0.040,0.046,0.049,,
93000,0.036,0.037,0.039,0.043,0.045,,
93060,0.038,0.039,0.041,0.045,0.050,,
93120,0.037,0.038,0.040,0.044,0.046,,
93180,0.038,0.039,0.041,0.046,0.050,,
93240,0.037,0.038,0.039,0.043,0.044,,
93300,0.036,0.037,0.039,0.043,0.045,,
93360,0.037,0.038,0.040,0.045,0.048,,
93420,0.037,0.038,0.040,0.043,0.045,,
93480,0.037,0.038,0.039,0.043,0.044,,
93540,0.037,0.038,0.039,0.042,0.045,,
93600,0.037,0.038,0.039,0.043,0.045,,
93660,0.037,0.038,0.039,0.043,0.045,,
93720,0.037,0.038,0.039,0.043,0.045,,
93780,0.036,0.037,0.039,0.043,0.045,,
93840,0.037,0.038,0.039,0.043,0.044,,
93900,0.036,0.037,0.039,0.042,0.046,,
93960,0.036,0.037,0.039,0.043,0.044,,
94020,0.036,0.037,0.039,0.042,0.044,,
94080,0.037,0.037,0.039,0.043,0.045,,
94140,0.036,0.037,0.038,0.041,0.045,,
94200,0.036,0.036,0.038,0.041,0.043,,
94260,0.036,0.037,0.039,0.042,0.044,,
94320,0.036,0.037,0.038,0.042,0.044,,
94380,0.036,0.037,0.038,0.043,0.044,,
94440,0.036,0.037,0.038,0.042,0.043,,
94500,0.036,0.037,0.038,0.040,0.043,,
94560,0.036,0.037,0.038,0.040,0.042,,
94620,0.035,0.036,0.037,0.039,0.040,,
94680,0.035,0.036,0.037,0.039,0.040,,
94740,0.036,0.036,0.038,0.040,0.041,,
94800,0.035,0.036,0.037,0.041,0.043,,
94860,0.036,0.036,0.038,0.040,0.042,,
94920,0.037,0.037,0.039,0.041,0.041,,
94980,0.035,0.036,0.037,0.039,0.041,,
95040,0.036,0.037,0.038,0.040,0.042,,
95100,0.035,0.036,0.037,0.039,0.040,,
95160,0.036,0.037,0.038,0.040,0.041,,
95220,0.037,0.038,0.039,0.040,0.041,,
95280,0.036,0.036,0.038,0.040,0.040,,
95340,0.036,0.036,0.038,0.040,0.041,,
95400,0.036,0.036,0.037,0.040,0.040,,
95460,0.036,0.037,0.038,0.041,0.041,,
95520,0.036,0.037,0.038,0.041,0.041,,
95580,0.036,0.037,0.038,0.041,0.041,,
95640,0.037,0.037,0.038,0.041,0.042,,
95700,0.035,0.036,0.037,0.039,0.040,,
95760,0.035,0.036,0.037,0.040,0.041,,
95820,0.035,0.036,0.037,0.038,0.039,,
95880,0.035,0.036,0.037,0.039,0.040,,
95940,0.036,0.036,0.037,0.040,0.041,,
96000,0.034,0.035,0.036,0.038,0.039,,
96060,0.034,0.035,0.036,0.037,0.037,,
96120,0.035,0.035,0.036,0.038,0.038,,
96180,0.035,0.036,0.036,0.038,0.038,,
96240,0.034,0.035,0.036,0.038,0.039,,
96300,0.034,0.034,0.035,0.036,0.037,,
96360,0.034,0.035,0.036,0.038,0.038,,
96420,0.035,0.036,0.037,0.039,0.039,,
96480,0.035,0.035,0.036,0.038,0.038,,
96540,0.035,0.035,0.036,0.038,0.038,,
96600,0.034,0.034,0.035,0.037,0.037,,
96660,0.035,0.035,0.036,0.037,0.038,,
96720,0.035,0.035,0.036,0.038,0.039,,
96780,0.034,0.035,0.035,0.037,0.038,,
96840,0.034,0.035,0.036,0.038,0.038,,
96900,0.034,0.035,0.036,0.037,0.037,,
96960,0.034,0.034,0.035,0.036,0.037,,
97020,0.035,0.035,0.036,0.038,0.038,,
97080,0.034,0.035,0.036,0.037,0.038,,
97140,0.034,0.035,0.035,0.037,0.037,,
97200,0.035,0.035,0.036,0.037,0.038,,
97260,0.034,0.035,0.036,0.037,0.037,,
97320,0.034,0.035,0.035,0.037,0.037,,
97380,0.034,0.035,0.036,0.036,0.037,,
97440,0.034,0.035,0.036,0.037,0.037,,
97500,0.034,0.034,0.035,0.036,0.036,,
97560,0.034,0.034,0.035,0.036,0.036,,
97620,0.034,0.035,0.036,0.037,0.038,,
97680,0.034,0.035,0.035,0.037,0.038,,
97740,0.033,0.034,0.035,0.036,0.036,,
97800,0.033,0.034,0.035,0.036,0.036,,
97860,0.033,0.034,0.035,0.035,0.036,,
97920,0.034,0.034,0.035,0.037,0.037,,
97980,0.034,0.035,0.035,0.036,0.037,,
98040,0.034,0.034,0.035,0.036,0.036,,
98100,0.034,0.035,0.036,0.037,0.037,,
98160,0.034,0.034,0.035,0.036,0.036,,
98220,0.034,0.034,0.035,0.036,0.036,,
98280,0.034,0.034,0.035,0.036,0.036,,
98340,0.034,0.034,0.035,0.036,0.036,,
98400,0.034,0.034,0.035,0.036,0.036,,
98460,0.034,0.034,0.035,0.036,0.037,,
98520,0.033,0.034,0.035,0.035,0.036,,
98580,0.033,0.034,0.035,0.036,0.036,,
98640,0.033,0.034,0.035,0.036,0.036,,
98700,0.033,0.034,0.034,0.035,0.035,,
98760,0.033,0.034,0.035,0.035,0.036,,
98820,0.033,0.034,0.034,0.035,0.035,,
98880,0.033,0.033,0.034,0.035,0.035,,
98940,0.033,0.034,0.035,0.036,0.036,,
99000,0.033,0.034,0.035,0.036,0.036,,
99060,0.033,0.033,0.034,0.035,0.035,,
99120,0.033,0.034,0.035,0.035,0.036,,
99180,0.033,0.034,0.034,0.035,0.035,,
99240,0.033,0.033,0.034,0.035,0.035,,
99300,0.033,0.034,0.034,0.035,0.036,,
99360,0.032,0.033,0.033,0.034,0.034,,
99420,0.033,0.033,0.034,0.034,0.035,,
99480,0.034,0.034,0.035,0.036,0.036,,
99540,0.033,0.034,0.034,0.035,0.036,,
99600,0.033,0.033,0.034,0.035,0.035,,
99660,0.032,0.033,0.034,0.034,0.034,,
99720,0.033,0.034,0.034,0.035,0.036,,
99780,0.033,0.033,0.034,0.035,0.035,,
99840,0.033,0.033,0.034,0.035,0.035,,
99900,0.032,0.033,0.033,0.034,0.034,,
99960,0.033,0.033,0.034,0.035,0.035,,
100020,0.032,0.033,0.034,0.035,0.035,,
100080,0.032,0.033,0.033,0.034,0.034,,
100140,0.032,0.033,0.034,0.034,0.034,,
100200,0.032,0.033,0.033,0.034,0.034,,
100260,0.033,0.034,0.034,0.035,0.035,,
100320,0.032,0.032,0.033,0.033,0.033,,
100380,0.032,0.033,0.033,0.033,0.033,,
100440,0.033,0.033,0.034,0.034,0.035,,
100500,0.032,0.033,0.033,0.034,0.035,,
100560,0.032,0.032,0.033,0.034,0.034,,
100620,0.032,0.032,0.033,0.034,0.034,,
100680,0.032,0.033,0.033,0.034,0.034,,
100740,0.032,0.033,0.033,0.034,0.034,,
100800,0.032,0.033,0.033,0.034,0.034,,
100860,0.032,0.032,0.033,0.033,0.034,,
100920,0.032,0.033,0.033,0.034,0.035,,
100980,0.032,0.033,0.033,0.034,0.034,,
101040,0.032,0.032,0.033,0.033,0.033,,
101100,0.032,0.033,0.033,0.034,0.034,,
101160,0.033,0.033,0.034,0.034,0.035,,
101220,0.032,0.033,0.033,0.034,0.034,,
101280,0.032,0.033,0.033,0.034,0.034,,
101340,0.032,0.033,0.033,0.034,0.034,,
101400,0.033,0.033,0.034,0.034,0.034,,
101460,0.033,0.033,0.034,0.034,0.034,,
101520,0.032,0.033,0.033,0.034,0.034,,
101580,0.032,0.033,0.033,0.033,0.033,,
101640,0.033,0.033,0.034,0.034,0.034,,
101700,0.033,0.033,0.034,0.034,0.034,,
101760,0.032,0.033,0.033,0.034,0.034,,
101820,0.032,0.033,0.033,0.034,0.034,,
101880,0.032,0.033,0.033,0.034,0.035,,
101940,0.032,0.033,0.033,0.034,0.034,,
102000,0.032,0.033,0.033,0.034,0.034,,
102060,0.032,0.032,0.033,0.033,0.033,,
102120,0.032,0.032,0.033,0.034,0.034,,
102180,0.032,0.032,0.033,0.033,0.033,,
102240,0.032,0.033,0.033,0.033,0.033,,
102300,0.032,0.033,0.033,0.033,0.034,,
102360,0.032,0.032,0.033,0.033,0.033,,
102420,0.032,0.033,0.033,0.034,0.034,,
102480,0.032,0.033,0.033,0.034,0.034,,
102540,0.032,0.032,0.033,0.033,0.033,,
102600,0.032,0.032,0.032,0.033,0.033,,
102660,0.032,0.032,0.033,0.033,0.033,,
102720,0.032,0.033,0.033,0.034,0.034,,
102780,0.032,0.032,0.033,0.033,0.033,,
102840,0.032,0.033,0.033,0.034,0.034,,
102900,0.032,0.033,0.033,0.034,0.034,,
102960,0.032,0.032,0.033,0.033,0.034,,
103020,0.032,0.033,0.033,0.034,0.034,,
103080,0.032,0.032,0.033,0.033,0.033,,
103140,0.032,0.033,0.033,0.033,0.034,,
103200,0.032,0.032,0.033,0.033,0.034,,
103260,0.032,0.033,0.033,0.033,0.033,,
103320,0.033,0.033,0.033,0.034,0.034,,
103380,0.032,0.033,0.033,0.034,0.034,,
103440,0.032,0.033,0.033,0.034,0.034,,
103500,0.032,0.033,0.033,0.033,0.034,,
103560,0.032,0.033,0.033,0.034,0.034,,
103620,0.032,0.032,0.033,0.033,0.033,,
103680,0.032,0.032,0.033,0.033,0.033,,
103740,0.032,0.033,0.033,0.033,0.033,,
103800,0.032,0.032,0.033,0.033,0.033,,
103860,0.032,0.032,0.032,0.033,0.033,,
103920,0.032,0.033,0.033,0.034,0.034,,
103980,0.033,0.033,0.034,0.034,0.035,,
104040,0.032,0.032,0.033,0.033,0.033,,
104100,0.032,0.033,0.033,0.033,0.033,,
104160,0.033,0.033,0.033,0.034,0.034,,
104220,0.032,0.032,0.032,0.033,0.033,,
104280,0.032,0.033,0.033,0.033,0.033,,
104340,0.032,0.033,0.033,0.034,0.034,,
104400,0.032,0.032,0.032,0.033,0.033,,
104460,0.031,0.032,0.032,0.032,0.032,,
104520,0.032,0.032,0.032,0.032,0.032,,
104580,0.032,0.032,0.033,0.033,0.033,,
104640,0.033,0.033,0.033,0.034,0.034,,
104700,0.032,0.032,0.033,0.033,0.033,,
104760,0.032,0.032,0.032,0.033,0.033,,
104820,0.033,0.033,0.033,0.034,0.034,,
104880,0.031,0.032,0.032,0.032,0.032,,
104940,0.032,0.032,0.033,0.033,0.033,,
105000,0.032,0.032,0.032,0.033,0.033,,
105060,0.032,0.032,0.033,0.034,0.034,,
105120,0.032,0.033,0.033,0.033,0.033,,
105180,0.032,0.032,0.033,0.033,0.033,,
105240,0.033,0.033,0.033,0.033,0.034,,
105300,0.032,0.033,0.033,0.033,0.034,,
105360,0.032,0.032,0.033,0.033,0.033,,
105420,0.032,0.032,0.032,0.033,0.033,,
105480,0.032,0.032,0.032,0.033,0.033,,
105540,0.032,0.032,0.033,0.033,0.033,,
105600,0.032,0.032,0.033,0.033,0.033,,
105660,0.032,0.032,0.033,0.033,0.033,,
105720,0.032,0.032,0.032,0.033,0.033,,
105780,0.032,0.032,0.033,0.033,0.033,,
105840,0.032,0.032,0.032,0.033,0.033,,
105900,0.032,0.032,0.033,0.033,0.033,,
105960,0.032,0.032,0.032,0.033,0.033,,
106020,0.031,0.032,0.032,0.033,0.033,,
106080,0.032,0.032,0.032,0.032,0.032,,
106140,0.032,0.032,0.033,0.033,0.033,,
106200,0.031,0.032,0.032,0.032,0.032,,
106260,0.032,0.032,0.032,0.033,0.033,,
106320,0.031,0.032,0.032,0.033,0.033,,
106380,0.031,0.032,0.032,0.032,0.032,,
106440,0.031,0.031,0.032,0.032,0.032,,
106500,0.031,0.031,0.032,0.032,0.032,,
106560,0.031,0.031,0.032,0.032,0.032,,
106620,0.031,0.032,0.032,0.032,0.032,,
106680,0.032,0.032,0.032,0.033,0.033,,
106740,0.032,0.032,0.033,0.033,0.033,,
106800,0.031,0.032,0.032,0.032,0.032,,
106860,0.031,0.032,0.032,0.032,0.032,,
106920,0.032,0.032,0.032,0.033,0.033,,
106980,0.032,0.032,0.032,0.032,0.033,,
107040,0.031,0.031,0.032,0.032,0.032,,
107100,0.032,0.032,0.032,0.032,0.032,,
107160,0.031,0.032,0.032,0.032,0.032,,
107220,0.032,0.032,0.032,0.032,0.032,,
107280,0.032,0.032,0.032,0.033,0.033,,
107340,0.032,0.032,0.032,0.032,0.033,,
107400,0.032,0.032,0.032,0.032,0.033,,
107460,0.032,0.032,0.032,0.032,0.033,,
107520,0.032,0.032,0.033,0.033,0.033,,
107580,0.031,0.032,0.032,0.032,0.032,,
107640,0.031,0.031,0.032,0.032,0.032,,
107700,0.032,0.032,0.032,0.032,0.032,,
107760,0.032,0.032,0.033,0.033,0.033,,
107820,0.033,0.033,0.033,0.034,0.034,,
107880,0.033,0.033,0.034,0.034,0.034,,
107940,0.033,0.033,0.034,0.034,0.034,,
108000,0.033,0.033,0.033,0.033,0.033,,
108060,0.033,0.033,0.033,0.034,0.034,,
108120,0.032,0.033,0.033,0.033,0.033,,
108180,0.033,0.033,0.034,0.034,0.034,,
108240,0.032,0.033,0.033,0.033,0.033,,
108300,0.033,0.033,0.033,0.033,0.033,,
108360,0.033,0.033,0.033,0.034,0.034,,
108420,0.033,0.033,0.033,0.034,0.034,,
108480,0.033,0.034,0.034,0.034,0.034,,
108540,0.033,0.034,0.034,0.034,0.034,,
108600,0.034,0.034,0.034,0.034,0.034,,
108660,0.033,0.034,0.034,0.034,0.034,,
108720,0.034,0.034,0.034,0.034,0.034,,
108780,0.034,0.034,0.034,0.034,0.034,,
108840,0.034,0.034,0.034,0.035,0.035,,
108900,0.033,0.034,0.034,0.034,0.034,,
108960,0.034,0.034,0.034,0.035,0.035,,
109020,0.034,0.035,0.035,0.035,0.035,,
109080,0.034,0.034,0.034,0.035,0.035,,
109140,0.034,0.034,0.034,0.034,0.035,,
109200,0.034,0.034,0.035,0.035,0.035,,
109260,0.034,0.034,0.034,0.035,0.035,,
109320,0.033,0.034,0.034,0.034,0.034,,
109380,0.034,0.034,0.035,0.035,0.035,,
109440,0.034,0.034,0.034,0.034,0.034,,
109500,0.034,0.034,0.035,0.035,0.035,,
109560,0.035,0.035,0.035,0.035,0.035,,
109620,0.034,0.034,0.035,0.035,0.035,,
109680,0.034,0.034,0.034,0.034,0.035,,
109740,0.035,0.035,0.035,0.035,0.036,,
109800,0.034,0.034,0.034,0.035,0.035,,
109860,0.035,0.035,0.036,0.036,0.036,,
109920,0.035,0.036,0.036,0.036,0.036,,
109980,0.035,0.035,0.036,0.036,0.036,,
110040,0.035,0.035,0.035,0.036,0.036,,
110100,0.035,0.036,0.036,0.036,0.036,,
110160,0.034,0.035,0.035,0.035,0.035,,
110220,0.035,0.035,0.035,0.035,0.035,,
110280,0.035,0.035,0.035,0.035,0.035,,
110340,0.035,0.035,0.035,0.036,0.036,,
110400,0.035,0.035,0.035,0.035,0.035,,
110460,0.034,0.035,0.035,0.035,0.035,,
110520,0.034,0.035,0.035,0.035,0.035,,
110580,0.035,0.035,0.035,0.036,0.036,,
110640,0.035,0.035,0.035,0.035,0.035,,
110700,0.035,0.035,0.035,0.035,0.035,,
110760,0.035,0.035,0.035,0.036,0.036,,
110820,0.035,0.035,0.035,0.035,0.036,,
110880,0.035,0.035,0.035,0.036,0.036,,
110940,0.035,0.035,0.035,0.036,0.036,,
111000,0.035,0.035,0.035,0.036,0.036,,
111060,0.035,0.035,0.035,0.036,0.036,,
111120,0.035,0.035,0.035,0.036,0.036,,
111180,0.034,0.035,0.035,0.035,0.035,,
111240,0.035,0.035,0.035,0.035,0.035,,
111300,0.035,0.035,0.035,0.036,0.036,,
111360,0.035,0.035,0.035,0.036,0.036,,
111420,0.035,0.035,0.035,0.036,0.036,,
111480,0.035,0.035,0.035,0.036,0.036,,
111540,0.035,0.035,0.035,0.035,0.035,,
111600,0.034,0.035,0.035,0.035,0.035,,
111660,0.035,0.035,0.035,0.036,0.036,,
111720,0.034,0.035,0.035,0.035,0.035,,
111780,0.035,0.035,0.035,0.035,0.035,,
111840,0.035,0.035,0.035,0.036,0.036,,
111900,0.034,0.035,0.035,0.035,0.035,,
111960,0.035,0.035,0.035,0.035,0.035,,
112020,0.035,0.035,0.036,0.036,0.036,,
112080,0.035,0.035,0.035,0.035,0.035,,
112140,0.034,0.034,0.035,0.035,0.035,,
112200,0.034,0.035,0.035,0.035,0.035,,
112260,0.035,0.035,0.035,0.035,0.035,,
112320,0.034,0.034,0.034,0.035,0.035,,
112380,0.034,0.034,0.035,0.035,0.035,,
112440,0.034,0.035,0.035,0.035,0.035,,
112500,0.034,0.034,0.035,0.035,0.035,,
112560,0.034,0.035,0.035,0.035,0.035,,
112620,0.035,0.035,0.035,0.035,0.035,,
112680,0.035,0.035,0.035,0.035,0.035,,
112740,0.035,0.035,0.035,0.035,0.035,,
112800,0.034,0.035,0.035,0.035,0.035,,
112860,0.035,0.035,0.035,0.036,0.036,,
112920,0.034,0.035,0.035,0.035,0.035,,
112980,0.034,0.034,0.035,0.035,0.035,,
113040,0.034,0.035,0.035,0.035,0.035,,
113100,0.035,0.035,0.035,0.035,0.035,,
113160,0.034,0.035,0.035,0.035,0.035,,
113220,0.034,0.034,0.034,0.035,0.035,,
113280,0.034,0.034,0.034,0.035,0.035,,
113340,0.034,0.034,0.034,0.035,0.035,,
113400,0.034,0.034,0.034,0.034,0.034,,
113460,0.034,0.034,0.034,0.034,0.034,,
113520,0.034,0.035,0.035,0.035,0.035,,
113580,0.034,0.034,0.034,0.034,0.034,,
113640,0.034,0.034,0.034,0.034,0.034,,
113700,0.034,0.034,0.034,0.034,0.034,,
113760,0.034,0.034,0.034,0.034,0.034,,
113820,0.034,0.034,0.034,0.035,0.035,,
113880,0.033,0.034,0.034,0.034,0.034,,
113940,0.034,0.034,0.034,0.035,0.035,,
114000,0.034,0.034,0.034,0.035,0.035,,
114060,0.034,0.034,0.034,0.035,0.035,,
114120,0.034,0.034,0.034,0.034,0.034,,
114180,0.034,0.034,0.034,0.034,0.034,,
114240,0.034,0.034,0.034,0.034,0.034,,
114300,0.033,0.033,0.034,0.034,0.034,,
114360,0.034,0.034,0.034,0.034,0.034,,
114420,0.033,0.033,0.034,0.034,0.034,,
114480,0.033,0.034,0.034,0.034,0.034,,
114540,0.034,0.034,0.034,0.034,0.034,,
114600,0.033,0.033,0.033,0.034,0.034,,
114660,0.034,0.034,0.034,0.034,0.034,,
114720,0.033,0.034,0.034,0.034,0.034,,
114780,0.033,0.033,0.034,0.034,0.034,,
114840,0.034,0.034,0.034,0.034,0.035,,
114900,0.033,0.033,0.033,0.033,0.033,,
114960,0.033,0.033,0.034,0.034,0.034,,
115020,0.034,0.034,0.035,0.035,0.035,,
115080,0.033,0.034,0.034,0.034,0.034,,
115140,0.033,0.034,0.034,0.034,0.034,,
115200,0.033,0.034,0.034,0.034,0.034,,
115260,0.033,0.034,0.034,0.034,0.034,,
115320,0.033,0.033,0.034,0.034,0.034,,
115380,0.033,0.033,0.033,0.033,0.033,,
115440,0.033,0.033,0.033,0.033,0.033,,
115500,0.033,0.033,0.033,0.034,0.034,,
115560,0.033,0.034,0.034,0.034,0.034,,
115620,0.033,0.033,0.033,0.033,0.033,,
115680,0.033,0.033,0.033,0.034,0.034,,
115740,0.033,0.033,0.034,0.034,0.034,,
115800,0.033,0.033,0.033,0.033,0.033,,
115860,0.033,0.033,0.033,0.033,0.033,,
115920,0.033,0.033,0.033,0.033,0.033,,
115980,0.033,0.033,0.033,0.033,0.034,,
116040,0.033,0.033,0.034,0.034,0.034,,
116100,0.033,0.033,0.033,0.033,0.033,,
116160,0.033,0.033,0.033,0.033,0.033,,
116220,0.033,0.033,0.033,0.033,0.033,,
116280,0.032,0.033,0.033,0.033,0.033,,
116340,0.033,0.033,0.033,0.033,0.034,,
116400,0.033,0.033,0.033,0.033,0.034,,
116460,0.033,0.033,0.033,0.034,0.034,,
116520,0.033,0.033,0.033,0.033,0.034,,
116580,0.033,0.033,0.033,0.033,0.033,,
116640,0.033,0.033,0.033,0.033,0.033,,
116700,0.032,0.032,0.033,0.033,0.033,,
116760,0.032,0.033,0.033,0.033,0.033,,
116820,0.032,0.033,0.033,0.033,0.033,,
116880,0.032,0.033,0.033,0.033,0.033,,
116940,0.033,0.033,0.033,0.033,0.033,,
117000,0.033,0.033,0.033,0.033,0.033,,
117060,0.032,0.032,0.032,0.033,0.033,,
117120,0.032,0.032,0.033,0.033,0.033,,
117180,0.033,0.033,0.033,0.033,0.033,,
117240,0.033,0.033,0.033,0.033,0.033,,
117300,0.033,0.033,0.033,0.033,0.033,,
117360,0.032,0.032,0.032,0.033,0.033,,
117420,0.032,0.032,0.032,0.033,0.033,,
117480,0.032,0.032,0.032,0.032,0.032,,
117540,0.032,0.032,0.032,0.032,0.032,,
117600,0.032,0.032,0.032,0.032,0.032,,
117660,0.032,0.033,0.033,0.033,0.033,,
117720,0.032,0.032,0.032,0.032,0.032,,
117780,0.032,0.032,0.032,0.032,0.032,,
117840,0.032,0.032,0.032,0.033,0.033,,
117900,0.032,0.033,0.033,0.033,0.033,,
117960,0.032,0.032,0.033,0.033,0.033,,
118020,0.032,0.032,0.033,0.033,0.033,,
118080,0.032,0.032,0.032,0.032,0.032,,
118140,0.032,0.032,0.032,0.033,0.033,,
118200,0.032,0.032,0.032,0.032,0.032,,
118260,0.032,0.032,0.033,0.033,0.033,,
118320,0.032,0.032,0.032,0.032,0.032,,
118380,0.032,0.032,0.032,0.032,0.032,,
118440,0.032,0.032,0.032,0.032,0.032,,
118500,0.032,0.032,0.032,0.033,0.033,,
118560,0.032,0.032,0.032,0.032,0.032,,
118620,0.032,0.032,0.032,0.032,0.032,,
118680,0.032,0.032,0.032,0.033,0.033,,
118740,0.032,0.032,0.032,0.033,0.033,,
118800,0.032,0.032,0.032,0.032,0.032,,
118860,0.032,0.032,0.033,0.033,0.033,,
118920,0.032,0.032,0.032,0.033,0.033,,
118980,0.032,0.032,0.032,0.032,0.032,,
119040,0.032,0.032,0.032,0.032,0.032,,
119100,0.032,0.032,0.032,0.032,0.032,,
119160,0.032,0.032,0.032,0.033,0.033,,
119220,0.032,0.032,0.032,0.032,0.032,,
119280,0.031,0.031,0.032,0.032,0.032,,
119340,0.032,0.032,0.032,0.033,0.033,,
119400,0.032,0.032,0.032,0.032,0.032,,
119460,0.032,0.032,0.032,0.032,0.032,,
119520,0.032,0.032,0.032,0.032,0.032,,
119580,0.032,0.032,0.032,0.032,0.032,,
119640,0.032,0.032,0.032,0.032,0.032,,
119700,0.032,0.032,0.032,0.032,0.032,,
119760,0.032,0.032,0.032,0.032,0.032,,
119820,0.032,0.032,0.032,0.032,0.032,,
119880,0.032,0.032,0.032,0.032,0.032,,
119940,0.032,0.032,0.032,0.033,0.033,,
120000,0.032,0.032,0.032,0.032,0.032,,
120060,0.032,0.032,0.032,0.032,0.032,,
120120,0.032,0.032,0.032,0.032,0.032,,
120180,0.032,0.032,0.032,0.032,0.032,,
120240,0.032,0.032,0.032,0.032,0.032,,
120300,0.032,0.032,0.032,0.032,0.032,,
120360,0.031,0.032,0.032,0.032,0.032,,
120420,0.032,0.032,0.032,0.032,0.032,,
120480,0.032,0.032,0.032,0.032,0.032,,
120540,0.031,0.031,0.032,0.032,0.032,,
120600,0.031,0.031,0.032,0.032,0.032,,
120660,0.031,0.031,0.031,0.031,0.031,,
120720,0.031,0.031,0.031,0.031,0.031,,
120780,0.031,0.031,0.031,0.032,0.032,,
120840,0.031,0.031,0.031,0.032,0.032,,
120900,0.031,0.031,0.031,0.031,0.031,,
120960,0.031,0.031,0.031,0.031,0.031,,
121020,0.031,0.031,0.031,0.031,0.031,,
121080,0.031,0.031,0.031,0.031,0.031,,
121140,0.030,0.031,0.031,0.031,0.031,,
121200,0.030,0.030,0.031,0.031,0.031,,
121260,0.030,0.030,0.031,0.031,0.031,,
121320,0.030,0.031,0.031,0.031,0.031,,
121380,0.030,0.031,0.031,0.031,0.031,,
121440,0.031,0.031,0.031,0.031,0.031,,
121500,0.030,0.030,0.030,0.030,0.030,,
121560,0.030,0.030,0.030,0.031,0.031,,
121620,0.031,0.031,0.031,0.031,0.031,,
121680,0.030,0.030,0.030,0.030,0.030,,
121740,0.030,0.030,0.031,0.031,0.031,,
121800,0.030,0.030,0.030,0.030,0.030,,
121860,0.030,0.030,0.031,0.031,0.031,,
121920,0.030,0.030,0.030,0.030,0.030,,
121980,0.030,0.030,0.031,0.031,0.031,,
122040,0.030,0.030,0.030,0.030,0.030,,
122100,0.030,0.030,0.030,0.030,0.030,,
122160,0.030,0.030,0.030,0.030,0.030,,
122220,0.030,0.030,0.030,0.030,0.030,,
122280,0.030,0.030,0.030,0.030,0.030,,
122340,0.030,0.030,0.031,0.031,0.031,,
122400,0.030,0.030,0.030,0.030,0.030,,
122460,0.030,0.030,0.030,0.030,0.030,,
122520,0.029,0.030,0.030,0.030,0.030,,
122580,0.029,0.029,0.030,0.030,0.030,,
122640,0.029,0.030,0.030,0.030,0.030,,
122700,0.029,0.030,0.030,0.030,0.030,,
122760,0.030,0.030,0.030,0.030,0.030,,
122820,0.030,0.030,0.030,0.030,0.030,,
122880,0.029,0.029,0.030,0.030,0.030,,
122940,0.029,0.029,0.029,0.029,0.029,,
123000,0.030,0.030,0.030,0.030,0.030,,
123060,0.029,0.030,0.030,0.030,0.030,,
123120,0.029,0.030,0.030,0.030,0.030,,
123180,0.030,0.030,0.030,0.030,0.030,,
123240,0.029,0.029,0.030,0.030,0.030,,
123300,0.029,0.029,0.029,0.030,0.030,,
123360,0.029,0.029,0.029,0.029,0.029,,
123420,0.029,0.029,0.029,0.029,0.029,,
123480,0.029,0.030,0.030,0.030,0.030,,
123540,0.029,0.029,0.029,0.029,0.029,,
123600,0.029,0.029,0.029,0.029,0.029,,
123660,0.029,0.029,0.029,0.029,0.029,,
123720,0.029,0.029,0.029,0.029,0.029,,
123780,0.029,0.029,0.029,0.030,0.030,,
123840,0.029,0.029,0.029,0.029,0.029,,
123900,0.029,0.029,0.029,0.029,0.029,,
123960,0.029,0.029,0.029,0.029,0.029,,
124020,0.029,0.029,0.029,0.029,0.029,,
124080,0.029,0.029,0.029,0.029,0.029,,
124140,0.029,0.029,0.029,0.029,0.029,,
124200,0.029,0.029,0.029,0.029,0.029,,
124260,0.029,0.029,0.029,0.029,0.029,,
124320,0.028,0.028,0.029,0.029,0.029,,
124380,0.029,0.029,0.029,0.029,0.029,,
124440,0.029,0.029,0.029,0.029,0.029,,
124500,0.029,0.029,0.029,0.029,0.029,,
124560,0.028,0.028,0.028,0.028,0.028,,
124620,0.028,0.028,0.028,0.028,0.028,,
124680,0.028,0.029,0.029,0.029,0.029,,
124740,0.029,0.029,0.029,0.029,0.029,,
124800,0.029,0.029,0.029,0.029,0.029,,
124860,0.028,0.029,0.029,0.029,0.029,,
124920,0.029,0.029,0.029,0.029,0.029,,
124980,0.028,0.028,0.029,0.029,0.029,,
125040,0.029,0.029,0.029,0.029,0.029,,
125100,0.029,0.029,0.029,0.029,0.029,,
125160,0.028,0.028,0.028,0.028,0.028,,
125220,0.028,0.028,0.028,0.028,0.028,,
125280,0.028,0.028,0.028,0.028,0.028,,
125340,0.028,0.028,0.028,0.028,0.028,,
125400,0.028,0.028,0.028,0.028,0.028,,
125460,0.028,0.029,0.029,0.029,0.029,,
125520,0.028,0.028,0.028,0.028,0.028,,
125580,0.028,0.028,0.028,0.028,0.028,,
125640,0.028,0.028,0.028,0.028,0.028,,
125700,0.028,0.028,0.028,0.028,0.028,,
125760,0.028,0.028,0.028,0.028,0.028,,
125820,0.028,0.028,0.028,0.028,0.028,,
125880,0.028,0.028,0.028,0.028,0.028,,
125940,0.028,0.028,0.028,0.028,0.028,,
126000,0.028,0.028,0.028,0.028,0.028,,
126060,0.028,0.028,0.028,0.028,0.028,,
126120,0.028,0.028,0.028,0.028,0.028,,
126180,0.028,0.028,0.028,0.028,0.028,,
126240,0.028,0.028,0.028,0.028,0.028,,
126300,0.028,0.028,0.028,0.028,0.028,,
126360,0.027,0.028,0.028,0.028,0.028,,
126420,0.028,0.028,0.028,0.028,0.028,,
126480,0.028,0.028,0.028,0.028,0.028,,
126540,0.028,0.028,0.028,0.028,0.028,,
126600,0.027,0.027,0.028,0.028,0.028,,
126660,0.027,0.027,0.027,0.027,0.027,,
126720,0.028,0.028,0.028,0.028,0.028,,
126780,0.027,0.028,0.028,0.028,0.028,,
126840,0.027,0.027,0.028,0.028,0.028,,
126900,0.027,0.027,0.027,0.027,0.027,,
126960,0.028,0.028,0.028,0.028,0.028,,
127020,0.028,0.028,0.028,0.028,0.028,,
127080,0.027,0.027,0.027,0.028,0.028,,
127140,0.027,0.027,0.027,0.027,0.027,,
127200,0.027,0.027,0.027,0.027,0.027,,
127260,0.027,0.027,0.027,0.027,0.027,,
127320,0.027,0.027,0.027,0.027,0.027,,
127380,0.027,0.027,0.027,0.027,0.028,,
127440,0.027,0.027,0.027,0.027,0.027,,
127500,0.027,0.027,0.027,0.027,0.027,,
127560,0.027,0.027,0.027,0.027,0.027,,
127620,0.027,0.027,0.027,0.027,0.027,,
127680,0.027,0.027,0.027,0.027,0.027,,
127740,0.027,0.027,0.027,0.027,0.027,,
127800,0.027,0.027,0.027,0.027,0.027,,
127860,0.027,0.027,0.027,0.027,0.027,,
127920,0.027,0.027,0.027,0.027,0.027,,
127980,0.027,0.027,0.027,0.027,0.027,,
128040,0.027,0.027,0.027,0.027,0.027,,
128100,0.027,0.027,0.027,0.027,0.027,,
128160,0.027,0.027,0.027,0.027,0.027,,
128220,0.027,0.027,0.027,0.027,0.027,,
128280,0.027,0.027,0.027,0.027,0.027,,
128340,0.027,0.027,0.027,0.027,0.027,,
128400,0.027,0.027,0.027,0.027,0.027,,
128460,0.027,0.027,0.027,0.027,0.027,,
128520,0.026,0.026,0.027,0.027,0.027,,
128580,0.027,0.027,0.027,0.027,0.027,,
128640,0.027,0.027,0.027,0.027,0.027,,
128700,0.027,0.027,0.027,0.027,0.027,,
128760,0.027,0.027,0.027,0.027,0.027,,
128820,0.027,0.027,0.027,0.027,0.027,,
128880,0.026,0.026,0.027,0.027,0.027,,
128940,0.026,0.026,0.026,0.026,0.026,,
129000,0.026,0.026,0.026,0.027,0.027,,
129060,0.026,0.026,0.027,0.027,0.027,,
129120,0.026,0.026,0.026,0.027,0.027,,
129180,0.026,0.026,0.026,0.027,0.027,,
129240,0.026,0.026,0.027,0.027,0.027,,
129300,0.026,0.026,0.026,0.026,0.026,,
129360,0.026,0.026,0.026,0.026,0.026,,
129420,0.026,0.026,0.026,0.026,0.026,,
129480,0.026,0.026,0.026,0.026,0.026,,
129540,0.026,0.026,0.026,0.026,0.026,,
129600,0.026,0.026,0.026,0.026,0.026,,
129660,0.026,0.026,0.026,0.026,0.026,,
129720,0.026,0.026,0.026,0.026,0.026,,
129780,0.026,0.026,0.026,0.026,0.026,,
129840,0.026,0.026,0.026,0.026,0.026,,
129900,0.025,0.026,0.026,0.026,0.026,,
129960,0.026,0.026,0.026,0.026,0.026,,
130020,0.026,0.026,0.026,0.026,0.026,,
130080,0.025,0.026,0.026,0.026,0.026,,
130140,0.026,0.026,0.026,0.026,0.026,,
130200,0.026,0.026,0.026,0.026,0.026,,
130260,0.025,0.026,0.026,0.026,0.026,,
130320,0.025,0.025,0.025,0.026,0.026,,
130380,0.025,0.026,0.026,0.026,0.026,,
130440,0.025,0.025,0.026,0.026,0.026,,
130500,0.025,0.025,0.026,0.026,0.026,,
130560,0.025,0.025,0.025,0.025,0.025,,
130620,0.025,0.025,0.026,0.026,0.026,,
130680,0.025,0.025,0.025,0.025,0.025,,
130740,0.025,0.025,0.025,0.025,0.025,,
130800,0.025,0.025,0.026,0.026,0.026,,
130860,0.025,0.025,0.025,0.025,0.025,,
130920,0.025,0.025,0.025,0.025,0.025,,
130980,0.025,0.025,0.025,0.025,0.025,,
131040,0.025,0.025,0.025,0.025,0.025,,
131100,0.025,0.025,0.025,0.025,0.026,,
131160,0.025,0.025,0.025,0.025,0.025,,
131220,0.025,0.025,0.025,0.025,0.025,,
131280,0.025,0.025,0.025,0.025,0.025,,
131340,0.025,0.025,0.025,0.025,0.025,,
131400,0.025,0.025,0.025,0.025,0.025,,
131460,0.025,0.025,0.025,0.025,0.026,,
131520,0.025,0.025,0.025,0.025,0.025,,
131580,0.025,0.025,0.025,0.025,0.025,,
131640,0.025,0.025,0.025,0.025,0.025,,
131700,0.025,0.025,0.025,0.025,0.025,,
131760,0.025,0.025,0.025,0.025,0.025,,
131820,0.025,0.025,0.025,0.025,0.025,,
131880,0.025,0.025,0.025,0.025,0.025,,
131940,0.025,0.025,0.025,0.025,0.025,,
132000,0.025,0.025,0.025,0.025,0.025,,
132060,0.025,0.025,0.025,0.025,0.025,,
132120,0.025,0.025,0.025,0.025,0.025,,
132180,0.024,0.024,0.025,0.025,0.025,,
132240,0.025,0.025,0.025,0.025,0.025,,
132300,0.025,0.025,0.025,0.025,0.025,,
132360,0.024,0.025,0.025,0.025,0.025,,
132420,0.024,0.025,0.025,0.025,0.025,,
132480,0.024,0.025,0.025,0.025,0.025,,
132540,0.025,0.025,0.025,0.025,0.025,,
132600,0.025,0.025,0.025,0.025,0.025,,
132660,0.024,0.024,0.024,0.025,0.025,,
132720,0.024,0.024,0.025,0.025,0.025,,
132780,0.024,0.025,0.025,0.025,0.025,,
132840,0.025,0.025,0.025,0.025,0.025,,
132900,0.024,0.025,0.025,0.025,0.025,,
132960,0.024,0.024,0.024,0.024,0.024,,
133020,0.024,0.025,0.025,0.025,0.025,,
133080,0.024,0.025,0.025,0.025,0.025,,
133140,0.024,0.025,0.025,0.025,0.025,,
133200,0.024,0.025,0.025,0.025,0.025,,
133260,0.024,0.024,0.024,0.024,0.024,,
133320,0.024,0.024,0.024,0.024,0.024,,
133380,0.024,0.024,0.024,0.024,0.024,,
133440,0.024,0.024,0.024,0.024,0.024,,
133500,0.024,0.025,0.025,0.025,0.025,,
133560,0.024,0.024,0.024,0.024,0.024,,
133620,0.024,0.024,0.024,0.024,0.024,,
133680,0.024,0.024,0.024,0.024,0.024,,
133740,0.024,0.024,0.024,0.024,0.024,,
133800,0.024,0.024,0.024,0.024,0.024,,
133860,0.024,0.024,0.024,0.024,0.024,,
133920,0.024,0.024,0.024,0.024,0.024,,
133980,0.024,0.024,0.024,0.024,0.024,,
134040,0.024,0.024,0.024,0.024,0.024,,
134100,0.024,0.024,0.024,0.024,0.024,,
134160,0.024,0.024,0.024,0.024,0.024,,
134220,0.024,0.024,0.024,0.024,0.024,,
134280,0.024,0.024,0.024,0.024,0.024,,
134340,0.024,0.024,0.024,0.025,0.025,,
134400,0.024,0.024,0.024,0.025,0.025,,
134460,0.024,0.024,0.024,0.024,0.024,,
134520,0.024,0.024,0.024,0.024,0.024,,
134580,0.024,0.024,0.024,0.024,0.024,,
134640,0.024,0.024,0.024,0.024,0.024,,
134700,0.024,0.024,0.024,0.024,0.024,,
134760,0.024,0.024,0.024,0.024,0.024,,
134820,0.024,0.024,0.024,0.024,0.024,,
134880,0.024,0.024,0.024,0.024,0.024,,
134940,0.024,0.024,0.024,0.024,0.024,,
135000,0.024,0.024,0.024,0.024,0.024,,
135060,0.024,0.024,0.024,0.024,0.024,,
135120,0.023,0.024,0.024,0.024,0.024,,
135180,0.024,0.024,0.024,0.024,0.024,,
135240,0.023,0.024,0.024,0.024,0.024,,
135300,0.023,0.024,0.024,0.024,0.024,,
135360,0.024,0.024,0.024,0.024,0.024,,
135420,0.024,0.024,0.024,0.024,0.024,,
135480,0.024,0.024,0.024,0.024,0.024,,
135540,0.024,0.024,0.024,0.024,0.024,,
135600,0.023,0.023,0.023,0.024,0.024,,
135660,0.023,0.024,0.024,0.024,0.024,,
135720,0.024,0.024,0.024,0.024,0.024,,
135780,0.023,0.024,0.024,0.024,0.024,,
135840,0.023,0.024,0.024,0.024,0.024,,
135900,0.024,0.024,0.024,0.024,0.024,,
135960,0.023,0.023,0.023,0.023,0.023,,
136020,0.023,0.023,0.024,0.024,0.024,,
136080,0.023,0.023,0.024,0.024,0.024,,
136140,0.023,0.024,0.024,0.024,0.024,,
136200,0.023,0.023,0.023,0.023,0.023,,
136260,0.023,0.023,0.024,0.024,0.024,,
136320,0.023,0.023,0.024,0.024,0.024,,
136380,0.023,0.024,0.024,0.024,0.024,,
136440,0.023,0.024,0.024,0.024,0.024,,
136500,0.023,0.023,0.023,0.024,0.024,,
136560,0.023,0.023,0.024,0.024,0.024,,
136620,0.023,0.024,0.024,0.024,0.024,,
136680,0.023,0.023,0.024,0.024,0.024,,
136740,0.023,0.023,0.024,0.024,0.024,,
136800,0.023,0.023,0.023,0.023,0.023,,
136860,0.023,0.023,0.023,0.023,0.023,,
136920,0.023,0.023,0.023,0.023,0.023,,
136980,0.023,0.023,0.023,0.024,0.024,,
137040,0.023,0.023,0.023,0.023,0.023,,
137100,0.023,0.023,0.023,0.023,0.023,,
137160,0.023,0.023,0.023,0.024,0.024,,
137220,0.023,0.023,0.023,0.023,0.023,,
137280,0.023,0.023,0.023,0.023,0.023,,
137340,0.023,0.023,0.023,0.023,0.023,,
137400,0.023,0.023,0.023,0.023,0.023,,
137460,0.023,0.023,0.023,0.023,0.024,,
137520,0.023,0.023,0.023,0.023,0.023,,
137580,0.023,0.023,0.023,0.023,0.023,,
137640,0.023,0.023,0.023,0.023,0.023,,
137700,0.023,0.023,0.023,0.023,0.023,,
137760,0.023,0.023,0.023,0.023,0.023,,
137820,0.023,0.023,0.023,0.023,0.023,,
137880,0.023,0.023,0.023,0.023,0.023,,
137940,0.023,0.023,0.023,0.023,0.023,,
138000,0.023,0.023,0.023,0.023,0.023,,
138060,0.023,0.023,0.023,0.023,0.023,,
138120,0.023,0.023,0.023,0.023,0.023,,
138180,0.023,0.023,0.023,0.023,0.023,,
138240,0.023,0.023,0.023,0.023,0.023,,
138300,0.023,0.023,0.023,0.023,0.023,,
138360,0.022,0.023,0.023,0.023,0.023,,
138420,0.023,0.023,0.023,0.023,0.023,,
138480,0.023,0.023,0.023,0.023,0.023,,
138540,0.023,0.023,0.023,0.023,0.023,,
138600,0.023,0.023,0.023,0.023,0.023,,
138660,0.023,0.023,0.023,0.023,0.023,,
138720,0.023,0.023,0.023,0.023,0.023,,
138780,0.022,0.023,0.023,0.023,0.023,,
138840,0.023,0.023,0.023,0.023,0.023,,
138900,0.023,0.023,0.023,0.023,0.023,,
138960,0.022,0.022,0.022,0.023,0.023,,
139020,0.023,0.023,0.023,0.023,0.023,,
139080,0.022,0.023,0.023,0.023,0.023,,
139140,0.022,0.023,0.023,0.023,0.023,,
139200,0.023,0.023,0.023,0.023,0.023,,
139260,0.023,0.023,0.023,0.023,0.023,,
139320,0.022,0.022,0.022,0.023,0.023,,
139380,0.022,0.022,0.022,0.023,0.023,,
139440,0.022,0.022,0.022,0.023,0.023,,
139500,0.022,0.022,0.023,0.023,0.023,,
139560,0.022,0.022,0.022,0.023,0.023,,
139620,0.022,0.022,0.022,0.022,0.023,,
139680,0.022,0.022,0.022,0.022,0.022,,
139740,0.022,0.022,0.022,0.022,0.022,,
139800,0.022,0.022,0.022,0.022,0.022,,
139860,0.022,0.022,0.022,0.023,0.023,,
139920,0.022,0.022,0.022,0.022,0.022,,
139980,0.022,0.022,0.022,0.023,0.023,,
140040,0.022,0.023,0.023,0.023,0.023,,
140100,0.022,0.022,0.022,0.022,0.022,,
140160,0.022,0.022,0.022,0.022,0.022,,
140220,0.022,0.022,0.022,0.022,0.023,,
140280,0.022,0.022,0.022,0.022,0.022,,
140340,0.022,0.022,0.022,0.022,0.022,,
140400,0.022,0.022,0.022,0.022,0.022,,
140460,0.022,0.022,0.022,0.022,0.022,,
140520,0.022,0.022,0.022,0.022,0.022,,
140580,0.022,0.022,0.022,0.022,0.022,,
140640,0.022,0.022,0.022,0.022,0.022,,
140700,0.022,0.022,0.022,0.022,0.022,,
140760,0.022,0.022,0.022,0.022,0.022,,
140820,0.022,0.022,0.022,0.022,0.022,,
140880,0.021,0.021,0.021,0.021,0.021,,
140940,0.021,0.022,0.022,0.022,0.022,,
141000,0.022,0.022,0.022,0.022,0.022,,
141060,0.022,0.022,0.022,0.022,0.022,,
141120,0.022,0.022,0.022,0.022,0.022,,
141180,0.022,0.022,0.022,0.022,0.022,,
141240,0.021,0.021,0.021,0.021,0.021,,
141300,0.021,0.021,0.022,0.022,0.022,,
141360,0.021,0.021,0.022,0.022,0.022,,
141420,0.021,0.022,0.022,0.022,0.022,,
141480,0.021,0.021,0.021,0.021,0.021,,
141540,0.021,0.021,0.021,0.022,0.022,,
141600,0.021,0.022,0.022,0.022,0.022,,
141660,0.021,0.021,0.021,0.021,0.021,,
141720,0.021,0.021,0.021,0.022,0.022,,
141780,0.021,0.021,0.021,0.021,0.021,,
141840,0.021,0.021,0.022,0.022,0.022,,
141900,0.021,0.021,0.021,0.021,0.021,,
141960,0.021,0.021,0.021,0.021,0.021,,
142020,0.021,0.021,0.021,0.021,0.021,,
142080,0.025,0.025,0.026,0.029,0.034,,
142140,0.028,0.028,0.029,0.043,0.052,,
142200,0.028,0.028,0.029,0.037,0.049,,
142260,0.026,0.026,0.027,0.035,0.041,,
142320,0.026,0.026,0.026,0.034,0.039,,
142380,0.025,0.026,0.026,0.034,0.040,,
142440,0.027,0.027,0.028,0.037,0.048,,
142500,0.029,0.029,0.030,0.042,0.053,,
142560,0.029,0.029,0.030,0.042,0.052,,
142620,0.039,0.040,0.043,0.074,0.094,,
142680,0.132,0.138,0.159,0.338,0.443,,
142740,0.297,0.316,0.374,0.810,1.06,,
142800,0.236,0.251,0.300,0.650,0.821,,
142860,0.120,0.128,0.150,0.307,0.378,,
142920,0.113,0.120,0.140,0.295,0.368,,
142980,0.121,0.129,0.151,0.317,0.394,,
143040,0.106,0.111,0.129,0.264,0.325,,
143100,0.089,0.093,0.107,0.213,0.267,,
143160,0.083,0.088,0.101,0.196,0.240,,
143220,0.081,0.086,0.101,0.190,0.230,,
143280,0.086,0.092,0.108,0.208,0.255,,
143340,0.085,0.091,0.107,0.198,0.242,,
143400,0.081,0.086,0.102,0.186,0.221,,
143460,0.082,0.088,0.103,0.191,0.237,,
143520,0.075,0.080,0.094,0.179,0.217,,
143580,0.077,0.082,0.096,0.184,0.220,,
143640,0.074,0.078,0.092,0.170,0.201,,
143700,0.070,0.074,0.086,0.160,0.190,,
143760,0.065,0.069,0.081,0.152,0.172,,
143820,0.068,0.073,0.085,0.161,0.183,,
143880,0.065,0.069,0.081,0.150,0.167,,
143940,0.064,0.069,0.080,0.142,0.166,,
144000,0.063,0.067,0.079,0.143,0.163,,
144060,0.060,0.064,0.075,0.136,0.154,,
144120,0.058,0.062,0.073,0.129,0.147,,
144180,0.055,0.059,0.068,0.117,0.129,,
144240,0.058,0.061,0.072,0.122,0.144,,
144300,0.054,0.057,0.067,0.114,0.132,,
144360,0.053,0.057,0.066,0.113,0.125,,
144420,0.052,0.055,0.064,0.109,0.119,,
144480,0.052,0.056,0.065,0.112,0.128,,
144540,0.048,0.051,0.060,0.098,0.110,,
144600,0.048,0.051,0.060,0.097,0.107,,
144660,0.045,0.048,0.056,0.092,0.100,,
144720,0.046,0.049,0.057,0.089,0.100,,
144780,0.046,0.049,0.057,0.092,0.101,,
144840,0.045,0.048,0.055,0.089,0.096,,
144900,0.046,0.049,0.056,0.092,0.097,,
144960,0.042,0.044,0.052,0.080,0.086,,
145020,0.044,0.046,0.053,0.086,0.091,,
145080,0.043,0.045,0.052,0.078,0.083,,
145140,0.040,0.043,0.049,0.074,0.077,,
145200,0.042,0.044,0.050,0.078,0.085,,
145260,0.039,0.042,0.048,0.071,0.075,,
145320,0.038,0.041,0.046,0.067,0.072,,
145380,0.037,0.040,0.045,0.065,0.070,,
145440,0.038,0.040,0.045,0.064,0.066,,
145500,0.037,0.039,0.044,0.062,0.065,,
145560,0.036,0.038,0.043,0.062,0.065,,
145620,0.037,0.039,0.044,0.062,0.064,,
145680,0.035,0.037,0.042,0.057,0.062,,
145740,0.035,0.037,0.041,0.059,0.062,,
145800,0.036,0.038,0.042,0.060,0.066,,
145860,0.035,0.037,0.041,0.058,0.060,,
145920,0.036,0.037,0.042,0.056,0.059,,
145980,0.034,0.036,0.040,0.055,0.058,,
146040,0.033,0.034,0.038,0.051,0.052,,
146100,0.033,0.035,0.039,0.052,0.054,,
146160,0.033,0.035,0.039,0.052,0.054,,
146220,0.032,0.034,0.038,0.048,0.050,,
146280,0.032,0.034,0.037,0.049,0.051,,
146340,0.032,0.034,0.037,0.049,0.052,,
146400,0.032,0.033,0.037,0.046,0.048,,
146460,0.032,0.033,0.037,0.048,0.049,,
146520,0.032,0.033,0.037,0.047,0.049,,
146580,0.031,0.033,0.036,0.046,0.046,,
146640,0.030,0.031,0.034,0.042,0.043,,
146700,0.031,0.032,0.035,0.044,0.046,,
146760,0.030,0.032,0.035,0.042,0.044,,
146820,0.030,0.031,0.034,0.042,0.044,,
146880,0.031,0.032,0.035,0.044,0.047,,
146940,0.030,0.031,0.033,0.041,0.042,,
147000,0.030,0.031,0.034,0.042,0.044,,
147060,0.029,0.030,0.032,0.038,0.039,,
147120,0.029,0.030,0.033,0.040,0.040,,
147180,0.030,0.031,0.033,0.041,0.041,,
147240,0.030,0.031,0.034,0.042,0.044,,
147300,0.030,0.031,0.034,0.042,0.044,,
147360,0.031,0.032,0.034,0.043,0.045,,
147420,0.028,0.029,0.031,0.038,0.038,,
147480,0.028,0.029,0.031,0.036,0.038,,
147540,0.028,0.029,0.031,0.036,0.036,,
147600,0.027,0.029,0.031,0.037,0.038,,
147660,0.028,0.029,0.031,0.036,0.037,,
147720,0.027,0.028,0.031,0.036,0.036,,
147780,0.027,0.028,0.030,0.035,0.037,,
147840,0.028,0.029,0.031,0.038,0.039,,
147900,0.027,0.028,0.031,0.037,0.038,,
147960,0.027,0.028,0.031,0.036,0.037,,
148020,0.027,0.028,0.030,0.035,0.036,,
148080,0.027,0.028,0.030,0.036,0.036,,
148140,0.027,0.028,0.030,0.035,0.036,,
148200,0.027,0.028,0.030,0.036,0.037,,
148260,0.026,0.027,0.028,0.032,0.032,,
148320,0.027,0.028,0.030,0.035,0.036,,
148380,0.027,0.028,0.029,0.034,0.035,,
148440,0.027,0.028,0.030,0.034,0.035,,
148500,0.026,0.027,0.028,0.033,0.033,,
148560,0.026,0.027,0.029,0.033,0.034,,
148620,0.026,0.027,0.029,0.033,0.034,,
148680,0.026,0.027,0.028,0.032,0.032,,
148740,0.026,0.027,0.028,0.032,0.033,,
148800,0.026,0.027,0.028,0.032,0.033,,
148860,0.026,0.027,0.029,0.032,0.033,,
148920,0.026,0.026,0.028,0.032,0.032,,
148980,0.025,0.027,0.028,0.033,0.033,,
149040,0.025,0.026,0.028,0.031,0.032,,
149100,0.025,0.025,0.027,0.030,0.031,,
149160,0.025,0.026,0.027,0.030,0.030,,
149220,0.025,0.026,0.028,0.032,0.032,,
149280,0.025,0.026,0.027,0.031,0.032,,
149340,0.025,0.026,0.027,0.030,0.030,,
149400,0.024,0.025,0.027,0.030,0.030,,
149460,0.025,0.026,0.027,0.030,0.031,,
149520,0.025,0.026,0.027,0.030,0.030,,
149580,0.024,0.025,0.027,0.030,0.030,,
149640,0.024,0.025,0.027,0.030,0.030,,
149700,0.024,0.025,0.027,0.030,0.030,,
149760,0.025,0.026,0.027,0.030,0.031,,
149820,0.025,0.026,0.027,0.031,0.031,,
149880,0.024,0.025,0.027,0.029,0.030,,
149940,0.024,0.025,0.026,0.028,0.028,,
150000,0.024,0.025,0.027,0.029,0.030,,
150060,0.024,0.024,0.026,0.028,0.028,,
150120,0.024,0.025,0.026,0.030,0.030,,
150180,0.025,0.026,0.028,0.034,0.035,,
150240,0.049,0.052,0.057,0.099,0.125,,
150300,0.048,0.050,0.056,0.096,0.117,,
150360,0.037,0.038,0.042,0.066,0.078,,
150420,0.030,0.031,0.033,0.045,0.053,,
150480,0.028,0.029,0.031,0.040,0.045,,
150540,0.026,0.027,0.029,0.036,0.039,,
150600,0.029,0.030,0.032,0.040,0.044,,
150660,0.039,0.041,0.046,0.072,0.084,,
150720,0.046,0.049,0.055,0.091,0.102,,
150780,0.039,0.041,0.047,0.072,0.077,,
150840,0.034,0.036,0.040,0.059,0.063,,
150900,0.036,0.038,0.043,0.066,0.075,,
150960,0.032,0.034,0.038,0.054,0.059,,
151020,0.032,0.034,0.037,0.051,0.057,,
151080,0.043,0.046,0.053,0.086,0.093,,
151140,0.054,0.058,0.067,0.119,0.138,,
151200,0.063,0.068,0.079,0.143,0.166,,
151260,0.058,0.062,0.073,0.127,0.143,,
151320,0.046,0.049,0.056,0.088,0.105,,
151380,0.048,0.051,0.059,0.093,0.103,,
151440,0.058,0.063,0.075,0.121,0.135,,
151500,0.071,0.078,0.095,0.163,0.182,,
151560,0.091,0.099,0.120,0.217,0.245,,
151620,0.089,0.097,0.119,0.211,0.238,,
151680,0.087,0.095,0.114,0.205,0.238,,
151740,0.073,0.080,0.097,0.163,0.183,,
151800,0.087,0.095,0.115,0.208,0.235,,
151860,0.091,0.100,0.121,0.218,0.248,,
151920,0.072,0.078,0.095,0.167,0.187,,
151980,0.064,0.070,0.084,0.135,0.150,,
152040,0.069,0.075,0.091,0.151,0.167,,
152100,0.071,0.078,0.095,0.154,0.169,,
152160,0.071,0.077,0.094,0.157,0.172,,
152220,0.074,0.081,0.099,0.166,0.183,,
152280,0.079,0.087,0.105,0.174,0.195,,
152340,0.076,0.083,0.101,0.171,0.189,,
152400,0.075,0.082,0.101,0.169,0.185,,
152460,0.069,0.076,0.093,0.152,0.164,,
152520,0.072,0.080,0.097,0.159,0.174,,
152580,0.076,0.084,0.103,0.169,0.179,,
152640,0.073,0.081,0.100,0.165,0.177,,
152700,0.073,0.081,0.100,0.161,0.174,,
152760,0.072,0.080,0.099,0.160,0.170,,
152820,0.076,0.085,0.105,0.168,0.177,,
152880,0.076,0.084,0.103,0.167,0.178,,
152940,0.078,0.086,0.108,0.175,0.187,,
153000,0.075,0.084,0.104,0.166,0.176,,
153060,0.070,0.078,0.096,0.152,0.160,,
153120,0.076,0.085,0.105,0.161,0.172,,
153180,0.076,0.085,0.106,0.168,0.178,,
153240,0.076,0.085,0.106,0.167,0.175,,
153300,0.080,0.090,0.112,0.172,0.179,,
153360,0.075,0.084,0.106,0.166,0.173,,
153420,0.077,0.087,0.108,0.167,0.175,,
153480,0.078,0.088,0.110,0.172,0.178,,
153540,0.077,0.087,0.108,0.167,0.174,,
153600,0.078,0.087,0.109,0.166,0.171,,
153660,0.077,0.086,0.108,0.169,0.176,,
153720,0.078,0.088,0.110,0.169,0.177,,
153780,0.078,0.089,0.111,0.171,0.174,,
153840,0.080,0.090,0.112,0.172,0.179,,
153900,0.079,0.089,0.110,0.166,0.172,,
153960,0.076,0.086,0.108,0.160,0.171,,
154020,0.078,0.088,0.109,0.167,0.175,,
154080,0.077,0.087,0.109,0.162,0.168,,
154140,0.077,0.086,0.108,0.161,0.168,,
154200,0.077,0.087,0.109,0.163,0.170,,
154260,0.077,0.087,0.109,0.164,0.170,,
154320,0.077,0.087,0.108,0.162,0.171,,
154380,0.074,0.084,0.105,0.156,0.161,,
154440,0.073,0.083,0.103,0.150,0.154,,
154500,0.075,0.085,0.106,0.156,0.161,,
154560,0.074,0.085,0.106,0.155,0.159,,
154620,0.072,0.082,0.102,0.148,0.154,,
154680,0.072,0.081,0.102,0.149,0.152,,
154740,0.075,0.085,0.106,0.154,0.157,,
154800,0.073,0.083,0.103,0.150,0.153,,
154860,0.071,0.081,0.100,0.145,0.152,,
154920,0.071,0.081,0.101,0.144,0.147,,
154980,0.071,0.081,0.101,0.143,0.147,,
155040,0.070,0.080,0.100,0.145,0.148,,
155100,0.068,0.077,0.096,0.138,0.139,,
155160,0.066,0.076,0.094,0.134,0.136,,
155220,0.067,0.076,0.095,0.132,0.136,,
155280,0.068,0.077,0.097,0.137,0.141,,
155340,0.066,0.075,0.094,0.130,0.133,,
155400,0.068,0.078,0.098,0.135,0.137,,
155460,0.063,0.072,0.090,0.124,0.126,,
155520,0.063,0.072,0.090,0.125,0.126,,
155580,0.061,0.070,0.087,0.118,0.121,,
155640,0.064,0.073,0.090,0.122,0.125,,
155700,0.060,0.069,0.086,0.116,0.118,,
155760,0.061,0.070,0.087,0.119,0.121,,
155820,0.060,0.069,0.086,0.116,0.118,,
155880,0.060,0.068,0.084,0.115,0.116,,
155940,0.060,0.068,0.085,0.115,0.116,,
156000,0.059,0.067,0.083,0.114,0.116,,
156060,0.059,0.067,0.083,0.109,0.111,,
156120,0.057,0.066,0.081,0.105,0.107,,
156180,0.056,0.064,0.080,0.106,0.107,,
156240,0.059,0.067,0.082,0.112,0.112,,
156300,0.058,0.066,0.082,0.109,0.111,,
156360,0.056,0.065,0.079,0.104,0.105,,
156420,0.056,0.064,0.078,0.103,0.105,,
156480,0.054,0.062,0.077,0.100,0.101,,
156540,0.054,0.062,0.077,0.100,0.102,,
156600,0.056,0.064,0.079,0.102,0.103,,
156660,0.054,0.061,0.076,0.098,0.099,,
156720,0.055,0.063,0.077,0.100,0.101,,
156780,0.052,0.060,0.073,0.093,0.094,,
156840,0.053,0.061,0.074,0.095,0.096,,
156900,0.052,0.060,0.072,0.094,0.095,,
156960,0.053,0.060,0.073,0.095,0.095,,
157020,0.052,0.059,0.072,0.090,0.091,,
157080,0.050,0.057,0.069,0.088,0.089,,
157140,0.050,0.057,0.070,0.090,0.090,,
157200,0.051,0.058,0.071,0.091,0.092,,
157260,0.048,0.055,0.067,0.084,0.084,,
157320,0.050,0.057,0.069,0.088,0.088,,
157380,0.050,0.057,0.069,0.087,0.087,,
157440,0.049,0.055,0.067,0.083,0.085,,
157500,0.048,0.055,0.066,0.082,0.083,,
157560,0.049,0.056,0.067,0.084,0.085,,
157620,0.049,0.056,0.067,0.083,0.084,,
157680,0.048,0.054,0.066,0.081,0.081,,
157740,0.048,0.054,0.065,0.081,0.082,,
157800,0.046,0.052,0.063,0.076,0.076,,
157860,0.046,0.053,0.064,0.077,0.078,,
157920,0.046,0.052,0.062,0.076,0.077,,
157980,0.046,0.052,0.063,0.077,0.078,,
158040,0.044,0.050,0.060,0.074,0.074,,
158100,0.045,0.051,0.061,0.073,0.074,,
158160,0.044,0.050,0.061,0.073,0.073,,
158220,0.044,0.050,0.060,0.073,0.073,,
158280,0.045,0.051,0.061,0.074,0.074,,
158340,0.042,0.048,0.057,0.069,0.069,,
158400,0.043,0.049,0.059,0.072,0.072,,
158460,0.043,0.049,0.059,0.070,0.070,,
158520,0.043,0.049,0.059,0.070,0.070,,
158580,0.043,0.048,0.058,0.069,0.069,,
158640,0.043,0.049,0.057,0.068,0.069,,
158700,0.041,0.047,0.056,0.067,0.068,,
158760,0.042,0.048,0.057,0.067,0.068,,
158820,0.041,0.047,0.056,0.067,0.067,,
158880,0.042,0.047,0.056,0.067,0.067,,
158940,0.042,0.047,0.056,0.066,0.066,,
159000,0.039,0.045,0.053,0.062,0.062,,
159060,0.040,0.046,0.054,0.064,0.064,,
159120,0.039,0.045,0.053,0.061,0.061,,
159180,0.041,0.046,0.055,0.063,0.064,,
159240,0.040,0.045,0.053,0.064,0.064,,
159300,0.039,0.044,0.052,0.060,0.060,,
159360,0.040,0.045,0.053,0.062,0.062,,
159420,0.039,0.044,0.052,0.060,0.060,,
159480,0.039,0.044,0.052,0.060,0.061,,
159540,0.038,0.043,0.051,0.058,0.058,,
159600,0.038,0.043,0.051,0.058,0.058,,
159660,0.038,0.043,0.050,0.058,0.058,,
159720,0.038,0.043,0.050,0.058,0.058,,
159780,0.037,0.042,0.049,0.056,0.057,,
159840,0.037,0.042,0.050,0.057,0.057,,
159900,0.037,0.042,0.049,0.055,0.056,,
159960,0.036,0.041,0.048,0.055,0.056,,
160020,0.038,0.043,0.050,0.058,0.058,,
160080,0.037,0.042,0.049,0.056,0.056,,
160140,0.035,0.040,0.047,0.053,0.053,,
160200,0.037,0.042,0.048,0.055,0.055,,
160260,0.036,0.040,0.046,0.052,0.052,,
160320,0.037,0.041,0.048,0.055,0.055,,
160380,0.035,0.040,0.046,0.051,0.051,,
160440,0.035,0.040,0.046,0.052,0.052,,
160500,0.036,0.041,0.048,0.054,0.054,,
160560,0.035,0.039,0.045,0.050,0.050,,
160620,0.035,0.040,0.045,0.052,0.052,,
160680,0.034,0.039,0.045,0.050,0.050,,
160740,0.035,0.039,0.045,0.050,0.050,,
160800,0.034,0.039,0.044,0.050,0.050,,
160860,0.035,0.040,0.046,0.052,0.053,,
160920,0.034,0.038,0.044,0.049,0.049,,
160980,0.033,0.038,0.044,0.048,0.048,,
161040,0.034,0.038,0.044,0.049,0.049,,
161100,0.034,0.038,0.044,0.050,0.050,,
161160,0.033,0.037,0.043,0.047,0.047,,
161220,0.034,0.038,0.044,0.048,0.048,,
161280,0.034,0.038,0.044,0.049,0.049,,
161340,0.034,0.038,0.044,0.049,0.049,,
161400,0.033,0.037,0.042,0.047,0.047,,
161460,0.032,0.036,0.042,0.045,0.045,,
161520,0.032,0.036,0.042,0.046,0.046,,
161580,0.033,0.037,0.042,0.047,0.047,,
161640,0.033,0.037,0.042,0.046,0.046,,
161700,0.032,0.036,0.041,0.045,0.045,,
161760,0.032,0.036,0.041,0.045,0.046,,
161820,0.033,0.036,0.041,0.046,0.046,,
161880,0.032,0.036,0.040,0.044,0.044,,
161940,0.032,0.036,0.040,0.045,0.045,,
162000,0.032,0.036,0.040,0.045,0.045,,
162060,0.031,0.035,0.040,0.044,0.044,,
162120,0.031,0.035,0.040,0.043,0.043,,
162180,0.031,0.035,0.040,0.043,0.043,,
162240,0.031,0.035,0.039,0.042,0.042,,
162300,0.030,0.034,0.038,0.041,0.041,,
162360,0.030,0.034,0.038,0.041,0.041,,
162420,0.031,0.034,0.039,0.042,0.043,,
162480,0.031,0.034,0.038,0.041,0.041,,
162540,0.031,0.034,0.038,0.042,0.042,,
162600,0.031,0.035,0.039,0.042,0.042,,
162660,0.031,0.034,0.038,0.041,0.041,,
162720,0.029,0.033,0.037,0.039,0.039,,
162780,0.029,0.032,0.035,0.037,0.037,,
162840,0.030,0.034,0.038,0.041,0.041,,
162900,0.029,0.032,0.036,0.039,0.039,,
162960,0.029,0.033,0.037,0.039,0.039,,
163020,0.030,0.033,0.037,0.040,0.040,,
163080,0.030,0.033,0.037,0.039,0.039,,
163140,0.029,0.032,0.036,0.038,0.038,,
163200,0.029,0.032,0.035,0.038,0.038,,
163260,0.030,0.033,0.037,0.039,0.039,,
163320,0.028,0.032,0.035,0.037,0.037,,
163380,0.029,0.032,0.036,0.038,0.038,,
163440,0.028,0.031,0.035,0.037,0.037,,
163500,0.028,0.031,0.034,0.036,0.036,,
163560,0.029,0.032,0.035,0.037,0.037,,
163620,0.029,0.032,0.035,0.038,0.038,,
163680,0.028,0.031,0.034,0.036,0.036,,
163740,0.028,0.031,0.034,0.036,0.036,,
163800,0.028,0.031,0.034,0.036,0.036,,
163860,0.027,0.030,0.034,0.035,0.035,,
163920,0.028,0.031,0.034,0.036,0.036,,
163980,0.027,0.030,0.033,0.035,0.035,,
164040,0.028,0.031,0.034,0.036,0.036,,
164100,0.028,0.030,0.034,0.035,0.035,,
164160,0.028,0.030,0.034,0.035,0.035,,
164220,0.027,0.030,0.033,0.034,0.034,,
164280,0.027,0.030,0.033,0.034,0.034,,
164340,0.027,0.030,0.033,0.034,0.034,,
164400,0.027,0.030,0.033,0.035,0.035,,
164460,0.027,0.030,0.033,0.035,0.035,,
164520,0.027,0.030,0.032,0.034,0.034,,
164580,0.027,0.029,0.032,0.034,0.034,,
164640,0.027,0.030,0.033,0.035,0.035,,
164700,0.027,0.030,0.032,0.034,0.034,,
164760,0.027,0.030,0.032,0.034,0.034,,
164820,0.027,0.029,0.032,0.033,0.033,,
164880,0.027,0.029,0.032,0.033,0.033,,
164940,0.027,0.029,0.032,0.034,0.034,,
165000,0.026,0.029,0.032,0.034,0.034,,
165060,0.026,0.029,0.031,0.033,0.033,,
165120,0.027,0.030,0.032,0.034,0.034,,
165180,0.026,0.028,0.031,0.032,0.032,,
165240,0.027,0.029,0.032,0.033,0.033,,
165300,0.026,0.029,0.031,0.033,0.033,,
165360,0.027,0.029,0.031,0.033,0.033,,
165420,0.026,0.028,0.031,0.032,0.032,,
165480,0.026,0.028,0.031,0.032,0.032,,
165540,0.026,0.029,0.031,0.033,0.033,,
165600,0.026,0.029,0.031,0.032,0.032,,
165660,0.026,0.029,0.031,0.032,0.032,,
165720,0.025,0.028,0.030,0.031,0.031,,
165780,0.026,0.028,0.031,0.032,0.032,,
165840,0.026,0.028,0.030,0.032,0.032,,
165900,0.026,0.028,0.030,0.032,0.032,,
165960,0.025,0.028,0.030,0.031,0.031,,
166020,0.025,0.027,0.029,0.031,0.031,,
166080,0.025,0.028,0.030,0.031,0.031,,
166140,0.026,0.029,0.031,0.032,0.032,,
166200,0.025,0.027,0.030,0.031,0.031,,
166260,0.025,0.027,0.029,0.031,0.031,,
166320,0.026,0.028,0.031,0.032,0.032,,
166380,0.025,0.027,0.029,0.030,0.030,,
166440,0.026,0.028,0.030,0.031,0.031,,
166500,0.025,0.027,0.029,0.030,0.030,,
166560,0.024,0.027,0.029,0.030,0.030,,
166620,0.024,0.027,0.029,0.029,0.029,,
166680,0.025,0.027,0.029,0.029,0.029,,
166740,0.025,0.027,0.029,0.030,0.030,,
166800,0.025,0.027,0.029,0.030,0.030,,
166860,0.024,0.027,0.028,0.029,0.029,,
166920,0.025,0.027,0.029,0.030,0.030,,
166980,0.024,0.026,0.028,0.029,0.029,,
167040,0.025,0.027,0.029,0.030,0.030,,
167100,0.024,0.026,0.027,0.028,0.028,,
167160,0.025,0.027,0.028,0.030,0.030,,
167220,0.024,0.027,0.028,0.030,0.030,,
167280,0.024,0.026,0.028,0.029,0.029,,
167340,0.024,0.026,0.028,0.029,0.029,,
167400,0.024,0.026,0.028,0.029,0.029,,
167460,0.024,0.026,0.027,0.028,0.028,,
167520,0.023,0.025,0.027,0.028,0.028,,
167580,0.024,0.026,0.027,0.028,0.028,,
167640,0.024,0.026,0.027,0.028,0.028,,
167700,0.024,0.026,0.027,0.028,0.028,,
167760,0.024,0.026,0.028,0.028,0.028,,
167820,0.023,0.025,0.026,0.027,0.027,,
167880,0.024,0.025,0.027,0.028,0.028,,
167940,0.023,0.025,0.027,0.028,0.028,,
168000,0.024,0.026,0.027,0.028,0.028,,
168060,0.023,0.025,0.027,0.028,0.028,,
168120,0.023,0.025,0.027,0.027,0.027,,
168180,0.023,0.025,0.026,0.027,0.027,,
168240,0.023,0.025,0.026,0.027,0.027,,
168300,0.023,0.025,0.026,0.027,0.027,,
168360,0.022,0.024,0.026,0.026,0.026,,
168420,0.023,0.025,0.026,0.027,0.027,,
168480,0.023,0.025,0.026,0.027,0.027,,
168540,0.022,0.024,0.025,0.026,0.026,,
168600,0.022,0.024,0.026,0.026,0.026,,
168660,0.022,0.024,0.025,0.026,0.026,,
168720,0.023,0.024,0.026,0.026,0.026,,
168780,0.023,0.024,0.026,0.026,0.027,,
168840,0.023,0.025,0.026,0.027,0.027,,
168900,0.023,0.024,0.026,0.026,0.026,,
168960,0.023,0.024,0.026,0.027,0.027,,
169020,0.022,0.023,0.025,0.025,0.025,,
169080,0.021,0.023,0.024,0.025,0.025,,
169140,0.022,0.024,0.025,0.026,0.026,,
169200,0.023,0.024,0.025,0.026,0.026,,
169260,0.022,0.024,0.025,0.026,0.026,,
169320,0.022,0.024,0.025,0.026,0.026,,
169380,0.022,0.023,0.025,0.025,0.025,,
169440,0.022,0.024,0.025,0.026,0.026,,
169500,0.022,0.023,0.025,0.025,0.025,,
169560,0.022,0.023,0.024,0.024,0.024,,
169620,0.022,0.024,0.025,0.025,0.025,,
169680,0.022,0.023,0.024,0.025,0.025,,
169740,0.022,0.023,0.025,0.025,0.025,,
169800,0.021,0.023,0.024,0.024,0.024,,
169860,0.022,0.023,0.024,0.025,0.025,,
169920,0.022,0.023,0.024,0.025,0.025,,
169980,0.022,0.023,0.025,0.025,0.025,,
170040,0.021,0.023,0.024,0.024,0.024,,
170100,0.021,0.023,0.024,0.024,0.024,,
170160,0.021,0.023,0.024,0.024,0.025,,
170220,0.021,0.023,0.024,0.024,0.024,,
170280,0.022,0.023,0.024,0.025,0.025,,
170340,0.021,0.023,0.024,0.024,0.025,,
170400,0.022,0.023,0.024,0.025,0.025,,
170460,0.021,0.023,0.024,0.024,0.024,,
170520,0.021,0.022,0.023,0.024,0.024,,
170580,0.021,0.023,0.024,0.024,0.024,,
170640,0.021,0.022,0.023,0.023,0.023,,
170700,0.021,0.022,0.023,0.023,0.023,,
170760,0.021,0.022,0.024,0.024,0.024,,
170820,0.021,0.023,0.024,0.024,0.024,,
170880,0.021,0.022,0.023,0.024,0.024,,
170940,0.021,0.022,0.023,0.024,0.024,,
171000,0.021,0.023,0.024,0.024,0.024,,
171060,0.021,0.022,0.023,0.024,0.024,,
171120,0.021,0.023,0.024,0.024,0.024,,
171180,0.021,0.023,0.023,0.024,0.024,,
171240,0.021,0.022,0.023,0.023,0.023,,
171300,0.021,0.022,0.023,0.023,0.023,,
171360,0.021,0.022,0.023,0.024,0.024,,
171420,0.021,0.022,0.023,0.023,0.023,,
171480,0.021,0.022,0.023,0.023,0.023,,
171540,0.020,0.021,0.022,0.022,0.022,,
171600,0.021,0.022,0.023,0.023,0.023,,
171660,0.021,0.022,0.024,0.024,0.024,,
171720,0.020,0.021,0.022,0.022,0.022,,
171780,0.020,0.021,0.022,0.022,0.022,,
171840,0.020,0.022,0.022,0.023,0.023,,
171900,0.021,0.022,0.023,0.023,0.023,,
171960,0.020,0.021,0.022,0.023,0.023,,
172020,0.021,0.022,0.023,0.023,0.023,,
172080,0.020,0.021,0.022,0.023,0.023,,
172140,0.020,0.021,0.022,0.022,0.022,,
172200,0.020,0.021,0.022,0.023,0.023,,
172260,0.020,0.021,0.022,0.023,0.023,,
172320,0.020,0.022,0.022,0.023,0.023,,
172380,0.020,0.021,0.022,0.022,0.022,,
172440,0.020,0.021,0.022,0.022,0.022,,
172500,0.020,0.021,0.022,0.022,0.022,,
172560,0.020,0.021,0.022,0.022,0.022,,
172620,0.020,0.021,0.022,0.022,0.022,,
172680,0.020,0.021,0.021,0.022,0.022,,
172740,0.020,0.021,0.022,0.022,0.022,,
172800,0.020,0.021,0.022,0.022,0.022,,
172860,0.020,0.021,0.022,0.022,0.022,,
172920,0.020,0.021,0.022,0.022,0.022,,
172980,0.020,0.021,0.021,0.022,0.022,,
173040,0.020,0.021,0.022,0.022,0.022,,
173100,0.020,0.021,0.022,0.022,0.022,,
173160,0.020,0.021,0.022,0.022,0.022,,
173220,0.020,0.021,0.022,0.022,0.022,,
173280,0.020,0.021,0.021,0.021,0.021,,
173340,0.020,0.021,0.021,0.022,0.022,,
173400,0.020,0.021,0.021,0.021,0.021,,
173460,0.020,0.021,0.022,0.022,0.022,,
173520,0.019,0.020,0.021,0.021,0.021,,
173580,0.019,0.020,0.021,0.021,0.021,,
173640,0.019,0.020,0.021,0.021,0.021,,
173700,0.020,0.021,0.021,0.022,0.022,,
173760,0.019,0.020,0.021,0.021,0.021,,
173820,0.019,0.020,0.021,0.021,0.021,,
173880,0.020,0.021,0.021,0.021,0.022,,
173940,0.019,0.020,0.021,0.021,0.021,,
174000,0.019,0.020,0.021,0.021,0.021,,
174060,0.019,0.020,0.021,0.021,0.021,,
174120,0.019,0.020,0.021,0.021,0.021,,
174180,0.019,0.020,0.021,0.021,0.021,,
174240,0.019,0.020,0.021,0.021,0.021,,
174300,0.019,0.020,0.021,0.021,0.021,,
174360,0.019,0.020,0.021,0.021,0.021,,
174420,0.019,0.020,0.021,0.021,0.021,,
174480,0.019,0.020,0.020,0.020,0.020,,
174540,0.019,0.020,0.021,0.021,0.021,,
174600,0.019,0.020,0.021,0.021,0.021,,
174660,0.019,0.020,0.020,0.021,0.021,,
174720,0.019,0.020,0.020,0.021,0.021,,
174780,0.019,0.020,0.020,0.020,0.020,,
174840,0.019,0.020,0.020,0.020,0.020,,
174900,0.018,0.019,0.020,0.020,0.020,,
174960,0.018,0.019,0.020,0.020,0.020,,
175020,0.019,0.020,0.020,0.020,0.020,,
175080,0.019,0.020,0.020,0.020,0.020,,
175140,0.018,0.019,0.020,0.020,0.020,,
175200,0.018,0.019,0.020,0.020,0.020,,
175260,0.018,0.019,0.019,0.020,0.020,,
175320,0.018,0.019,0.020,0.020,0.020,,
175380,0.018,0.019,0.020,0.020,0.020,,
175440,0.018,0.019,0.020,0.020,0.020,,
175500,0.018,0.019,0.019,0.019,0.019,,
175560,0.018,0.019,0.019,0.020,0.020,,
175620,0.018,0.019,0.019,0.019,0.019,,
175680,0.019,0.020,0.020,0.020,0.020,,
175740,0.018,0.019,0.019,0.020,0.020,,
175800,0.018,0.019,0.019,0.020,0.020,,
175860,0.018,0.018,0.019,0.019,0.019,,
175920,0.019,0.019,0.020,0.020,0.020,,
175980,0.018,0.019,0.020,0.020,0.020,,
176040,0.018,0.019,0.019,0.019,0.019,,
176100,0.018,0.019,0.019,0.019,0.019,,
176160,0.018,0.019,0.019,0.019,0.019,,
176220,0.018,0.018,0.019,0.019,0.019,,
176280,0.018,0.019,0.020,0.020,0.020,,
176340,0.018,0.019,0.019,0.019,0.019,,
176400,0.018,0.018,0.019,0.019,0.019,,
176460,0.018,0.019,0.019,0.019,0.019,,
176520,0.018,0.019,0.019,0.019,0.019,,
176580,0.018,0.019,0.019,0.019,0.019,,
176640,0.018,0.019,0.019,0.019,0.019,,
176700,0.018,0.018,0.019,0.019,0.019,,
176760,0.017,0.018,0.019,0.019,0.019,,
176820,0.018,0.019,0.019,0.019,0.019,,
176880,0.018,0.019,0.019,0.019,0.019,,
176940,0.017,0.018,0.018,0.019,0.019,,
177000,0.018,0.018,0.019,0.019,0.019,,
177060,0.018,0.019,0.019,0.019,0.019,,
177120,0.018,0.018,0.019,0.019,0.019,,
177180,0.018,0.018,0.019,0.019,0.019,,
177240,0.018,0.018,0.019,0.019,0.019,,
177300,0.017,0.018,0.019,0.019,0.019,,
177360,0.017,0.018,0.018,0.019,0.019,,
177420,0.017,0.018,0.019,0.019,0.019,,
177480,0.018,0.018,0.019,0.019,0.019,,
177540,0.018,0.018,0.019,0.019,0.019,,
177600,0.018,0.018,0.019,0.019,0.019,,
177660,0.018,0.018,0.019,0.019,0.019,,
177720,0.017,0.018,0.018,0.018,0.018,,
177780,0.017,0.018,0.018,0.018,0.018,,
177840,0.017,0.018,0.018,0.018,0.018,,
177900,0.017,0.018,0.018,0.018,0.018,,
177960,0.017,0.018,0.018,0.018,0.018,,
178020,0.017,0.018,0.018,0.018,0.018,,
178080,0.017,0.018,0.018,0.018,0.018,,
178140,0.017,0.018,0.018,0.019,0.019,,
178200,0.017,0.018,0.018,0.018,0.018,,
178260,0.017,0.018,0.018,0.018,0.018,,
178320,0.017,0.018,0.018,0.018,0.018,,
178380,0.017,0.018,0.018,0.018,0.018,,
178440,0.017,0.018,0.018,0.018,0.018,,
178500,0.017,0.018,0.018,0.018,0.018,,
178560,0.017,0.017,0.018,0.018,0.018,,
178620,0.017,0.018,0.018,0.018,0.018,,
178680,0.017,0.018,0.018,0.018,0.018,,
178740,0.017,0.018,0.018,0.018,0.018,,
178800,0.017,0.018,0.018,0.018,0.018,,
178860,0.017,0.017,0.018,0.018,0.018,,
178920,0.017,0.018,0.018,0.018,0.018,,
178980,0.017,0.018,0.018,0.018,0.018,,
179040,0.017,0.018,0.018,0.018,0.018,,
179100,0.017,0.018,0.018,0.018,0.018,,
179160,0.017,0.018,0.018,0.018,0.018,,
179220,0.017,0.018,0.018,0.018,0.018,,
179280,0.017,0.018,0.018,0.018,0.018,,
179340,0.017,0.018,0.018,0.018,0.018,,
179400,0.017,0.018,0.018,0.018,0.018,,
179460,0.017,0.017,0.018,0.018,0.018,,
179520,0.017,0.018,0.018,0.018,0.018,,
179580,0.017,0.018,0.018,0.018,0.018,,
179640,0.017,0.018,0.018,0.018,0.018,,
179700,0.017,0.018,0.018,0.018,0.018,,
179760,0.017,0.018,0.018,0.019,0.019,,
179820,0.017,0.018,0.018,0.018,0.018,,
179880,0.018,0.018,0.018,0.018,0.018,,
179940,0.017,0.018,0.018,0.018,0.018,,
180000,0.017,0.018,0.018,0.018,0.019,,
180060,0.018,0.018,0.018,0.018,0.018,,
180120,0.017,0.018,0.018,0.018,0.018,,
180180,0.017,0.018,0.018,0.018,0.018,,
180240,0.017,0.018,0.018,0.018,0.018,,
180300,0.018,0.018,0.019,0.019,0.019,,
180360,0.018,0.018,0.019,0.019,0.019,,
180420,0.018,0.018,0.018,0.018,0.018,,
180480,0.017,0.018,0.018,0.018,0.018,,
180540,0.017,0.018,0.018,0.018,0.018,,
180600,0.017,0.018,0.018,0.018,0.018,,
180660,0.017,0.018,0.018,0.018,0.018,,
180720,0.018,0.018,0.018,0.019,0.019,,
180780,0.017,0.018,0.018,0.018,0.018,,
180840,0.017,0.018,0.018,0.018,0.018,,
180900,0.017,0.018,0.018,0.018,0.018,,
180960,0.017,0.018,0.018,0.018,0.018,,
181020,0.017,0.018,0.018,0.018,0.018,,
181080,0.018,0.018,0.018,0.018,0.018,,
181140,0.017,0.018,0.018,0.018,0.018,,
181200,0.018,0.018,0.018,0.018,0.019,,
181260,0.018,0.018,0.018,0.019,0.019,,
181320,0.018,0.018,0.018,0.019,0.019,,
181380,0.018,0.018,0.018,0.018,0.018,,
181440,0.017,0.018,0.018,0.018,0.018,,
181500,0.018,0.018,0.018,0.018,0.018,,
181560,0.017,0.018,0.018,0.018,0.018,,
181620,0.018,0.018,0.018,0.018,0.018,,
181680,0.018,0.018,0.018,0.018,0.018,,
181740,0.017,0.018,0.018,0.018,0.018,,
181800,0.018,0.018,0.018,0.018,0.018,,
181860,0.017,0.018,0.018,0.018,0.018,,
181920,0.018,0.018,0.018,0.018,0.018,,
181980,0.018,0.018,0.018,0.018,0.018,,
182040,0.017,0.018,0.018,0.018,0.018,,
182100,0.018,0.018,0.018,0.018,0.018,,
182160,0.018,0.019,0.019,0.019,0.019,,
182220,0.017,0.018,0.018,0.018,0.018,,
182280,0.018,0.018,0.018,0.018,0.018,,
182340,0.018,0.018,0.018,0.018,0.018,,
182400,0.018,0.018,0.018,0.018,0.018,,
182460,0.018,0.018,0.019,0.019,0.019,,
182520,0.018,0.018,0.019,0.019,0.019,,
182580,0.018,0.018,0.019,0.019,0.019,,
182640,0.018,0.018,0.018,0.018,0.018,,
182700,0.018,0.018,0.019,0.019,0.019,,
182760,0.018,0.018,0.018,0.018,0.018,,
182820,0.018,0.018,0.018,0.019,0.019,,
182880,0.018,0.018,0.019,0.019,0.019,,
182940,0.018,0.018,0.019,0.019,0.019,,
183000,0.018,0.018,0.018,0.018,0.018,,
183060,0.018,0.018,0.019,0.019,0.019,,
183120,0.018,0.018,0.018,0.018,0.018,,
183180,0.018,0.018,0.019,0.019,0.019,,
183240,0.018,0.019,0.019,0.019,0.019,,
183300,0.018,0.018,0.018,0.018,0.018,,
183360,0.018,0.018,0.018,0.018,0.018,,
183420,0.018,0.018,0.019,0.019,0.019,,
183480,0.018,0.018,0.018,0.018,0.018,,
183540,0.018,0.019,0.019,0.019,0.019,,
183600,0.018,0.018,0.019,0.019,0.019,,
183660,0.018,0.019,0.019,0.019,0.019,,
183720,0.018,0.019,0.019,0.019,0.019,,
183780,0.018,0.019,0.019,0.019,0.019,,
183840,0.018,0.019,0.019,0.019,0.019,,
183900,0.018,0.019,0.019,0.019,0.019,,
183960,0.018,0.018,0.018,0.018,0.018,,
184020,0.019,0.019,0.019,0.019,0.019,,
184080,0.018,0.019,0.019,0.019,0.019,,
184140,0.019,0.019,0.019,0.019,0.019,,
184200,0.019,0.019,0.020,0.020,0.020,,
184260,0.019,0.019,0.019,0.019,0.019,,
184320,0.019,0.019,0.019,0.019,0.019,,
184380,0.019,0.019,0.019,0.019,0.019,,
184440,0.018,0.019,0.019,0.019,0.019,,
184500,0.019,0.019,0.019,0.019,0.019,,
184560,0.019,0.019,0.019,0.019,0.019,,
184620,0.019,0.019,0.019,0.019,0.019,,
184680,0.019,0.020,0.020,0.020,0.020,,
184740,0.019,0.019,0.020,0.020,0.020,,
184800,0.019,0.019,0.020,0.020,0.020,,
184860,0.019,0.019,0.019,0.019,0.019,,
184920,0.019,0.020,0.020,0.020,0.020,,
184980,0.019,0.019,0.019,0.019,0.019,,
185040,0.019,0.019,0.019,0.019,0.019,,
185100,0.019,0.019,0.019,0.020,0.020,,
185160,0.020,0.020,0.020,0.020,0.020,,
185220,0.019,0.020,0.020,0.020,0.020,,
185280,0.020,0.020,0.020,0.021,0.021,,
185340,0.019,0.020,0.020,0.020,0.020,,
185400,0.020,0.021,0.021,0.021,0.021,,
185460,0.020,0.021,0.021,0.021,0.021,,
185520,0.021,0.021,0.021,0.021,0.021,,
185580,0.020,0.020,0.020,0.020,0.020,,
185640,0.020,0.020,0.020,0.021,0.021,,
185700,0.020,0.020,0.021,0.021,0.021,,
185760,0.020,0.020,0.021,0.021,0.021,,
185820,0.021,0.021,0.021,0.021,0.021,,
185880,0.021,0.022,0.022,0.022,0.022,,
185940,0.021,0.021,0.021,0.021,0.021,,
186000,0.021,0.021,0.021,0.021,0.021,,
186060,0.020,0.021,0.021,0.021,0.021,,
186120,0.021,0.021,0.021,0.021,0.021,,
186180,0.021,0.021,0.021,0.021,0.021,,
186240,0.020,0.021,0.021,0.021,0.021,,
186300,0.020,0.021,0.021,0.021,0.021,,
186360,0.021,0.021,0.022,0.022,0.022,,
186420,0.022,0.022,0.022,0.022,0.022,,
186480,0.022,0.022,0.022,0.022,0.022,,
186540,0.021,0.021,0.021,0.021,0.021,,
186600,0.021,0.021,0.021,0.021,0.021,,
186660,0.021,0.022,0.022,0.022,0.022,,
186720,0.021,0.021,0.022,0.022,0.022,,
186780,0.023,0.023,0.023,0.023,0.023,,
186840,0.022,0.023,0.023,0.023,0.023,,
186900,0.021,0.022,0.022,0.022,0.022,,
186960,0.021,0.022,0.022,0.022,0.022,,
187020,0.022,0.023,0.023,0.023,0.023,,
187080,0.023,0.023,0.023,0.023,0.023,,
187140,0.022,0.022,0.023,0.023,0.023,,
187200,0.022,0.023,0.023,0.023,0.023,,
187260,0.023,0.023,0.023,0.023,0.023,,
187320,0.024,0.024,0.024,0.024,0.024,,
187380,0.022,0.023,0.023,0.023,0.023,,
187440,0.021,0.022,0.022,0.022,0.022,,
187500,0.023,0.023,0.023,0.024,0.024,,
187560,0.025,0.025,0.025,0.025,0.025,,
187620,0.025,0.025,0.025,0.025,0.025,,
187680,0.024,0.024,0.024,0.024,0.024,,
187740,0.024,0.024,0.024,0.024,0.024,,
187800,0.023,0.023,0.023,0.023,0.023,,
187860,0.023,0.023,0.023,0.023,0.023,,
187920,0.023,0.023,0.023,0.023,0.023,,
187980,0.023,0.023,0.024,0.024,0.024,,
188040,0.024,0.024,0.024,0.024,0.024,,
188100,0.024,0.025,0.025,0.025,0.025,,
188160,0.025,0.025,0.025,0.025,0.025,,
188220,0.024,0.024,0.025,0.025,0.025,,
188280,0.024,0.024,0.025,0.025,0.025,,
188340,0.024,0.024,0.024,0.024,0.024,,
188400,0.024,0.024,0.024,0.024,0.024,,
188460,0.025,0.025,0.025,0.025,0.025,,
188520,0.025,0.025,0.026,0.026,0.026,,
188580,0.026,0.026,0.026,0.026,0.026,,
188640,0.024,0.024,0.024,0.024,0.024,,
188700,0.023,0.024,0.024,0.024,0.024,,
188760,0.024,0.025,0.025,0.025,0.025,,
188820,0.026,0.027,0.027,0.027,0.027,,
188880,0.026,0.026,0.026,0.026,0.026,,
188940,0.026,0.027,0.027,0.027,0.027,,
189000,0.026,0.026,0.026,0.026,0.026,,
189060,0.024,0.024,0.024,0.024,0.024,,
189120,0.024,0.024,0.024,0.024,0.024,,
189180,0.024,0.025,0.025,0.025,0.025,,
189240,0.024,0.025,0.025,0.025,0.025,,
189300,0.025,0.026,0.026,0.026,0.026,,
189360,0.026,0.027,0.027,0.027,0.027,,
189420,0.027,0.027,0.027,0.027,0.027,,
189480,0.027,0.027,0.027,0.027,0.027,,
189540,0.026,0.026,0.026,0.026,0.026,,
189600,0.025,0.026,0.026,0.026,0.026,,
189660,0.026,0.026,0.026,0.026,0.027,,
189720,0.026,0.026,0.026,0.026,0.026,,
189780,0.025,0.025,0.025,0.026,0.026,,
189840,0.026,0.027,0.027,0.027,0.027,,
189900,0.026,0.026,0.026,0.026,0.026,,
189960,0.026,0.027,0.027,0.027,0.027,,
190020,0.028,0.028,0.028,0.028,0.028,,
190080,0.027,0.027,0.027,0.027,0.027,,
190140,0.026,0.027,0.027,0.027,0.027,,
190200,0.025,0.025,0.025,0.025,0.025,,
190260,0.026,0.026,0.026,0.026,0.026,,
190320,0.027,0.027,0.027,0.027,0.027,,
190380,0.027,0.027,0.027,0.027,0.027,,
190440,0.028,0.028,0.028,0.028,0.028,,
190500,0.028,0.028,0.028,0.028,0.028,,
190560,0.028,0.028,0.028,0.028,0.028,,
190620,0.027,0.027,0.027,0.027,0.027,,
190680,0.027,0.027,0.027,0.027,0.027,,
190740,0.027,0.028,0.028,0.028,0.028,,
190800,0.027,0.027,0.027,0.027,0.027,,
190860,0.028,0.028,0.028,0.028,0.028,,
190920,0.027,0.027,0.028,0.028,0.028,,
190980,0.027,0.027,0.027,0.027,0.027,,
191040,0.027,0.027,0.027,0.027,0.027,,
191100,0.027,0.027,0.027,0.028,0.028,,
191160,0.027,0.028,0.028,0.028,0.028,,
191220,0.027,0.028,0.028,0.028,0.028,,
191280,0.029,0.029,0.029,0.029,0.029,,
191340,0.030,0.030,0.030,0.030,0.030,,
191400,0.030,0.030,0.030,0.030,0.030,,
191460,0.029,0.030,0.030,0.030,0.030,,
191520,0.029,0.029,0.029,0.029,0.029,,
191580,0.029,0.029,0.029,0.029,0.029,,
191640,0.029,0.030,0.030,0.030,0.030,,
191700,0.029,0.030,0.030,0.030,0.030,,
191760,0.029,0.030,0.030,0.030,0.030,,
191820,0.029,0.029,0.029,0.029,0.029,,
191880,0.029,0.029,0.029,0.029,0.029,,
191940,0.029,0.029,0.029,0.030,0.030,,
192000,0.029,0.029,0.030,0.030,0.030,,
192060,0.028,0.029,0.029,0.029,0.029,,
192120,0.029,0.029,0.029,0.029,0.029,,
192180,0.029,0.030,0.030,0.030,0.030,,
192240,0.029,0.030,0.030,0.030,0.030,,
192300,0.032,0.032,0.032,0.032,0.032,,
192360,0.032,0.032,0.032,0.032,0.032,,
192420,0.030,0.030,0.030,0.030,0.030,,
192480,0.030,0.030,0.030,0.030,0.030,,
192540,0.030,0.030,0.030,0.030,0.030,,
192600,0.031,0.032,0.032,0.032,0.032,,
192660,0.032,0.032,0.032,0.032,0.032,,
192720,0.032,0.033,0.033,0.033,0.033,,
192780,0.034,0.034,0.034,0.034,0.034,,
192840,0.031,0.031,0.031,0.031,0.031,,
192900,0.030,0.030,0.030,0.030,0.030,,
192960,0.030,0.030,0.031,0.031,0.031,,
193020,0.032,0.032,0.032,0.032,0.032,,
193080,0.033,0.033,0.033,0.033,0.033,,
193140,0.032,0.032,0.032,0.032,0.032,,
193200,0.031,0.031,0.031,0.031,0.031,,
193260,0.030,0.031,0.031,0.031,0.031,,
193320,0.032,0.032,0.032,0.032,0.032,,
193380,0.032,0.032,0.032,0.032,0.032,,
193440,0.031,0.032,0.032,0.032,0.032,,
193500,0.032,0.032,0.032,0.032,0.032,,
193560,0.032,0.032,0.032,0.033,0.033,,
193620,0.031,0.031,0.031,0.031,0.031,,
193680,0.031,0.031,0.031,0.031,0.031,,
193740,0.032,0.032,0.032,0.032,0.032,,
193800,0.034,0.034,0.034,0.034,0.034,,
193860,0.034,0.034,0.034,0.034,0.034,,
193920,0.032,0.032,0.032,0.033,0.033,,
193980,0.033,0.033,0.033,0.033,0.033,,
194040,0.035,0.035,0.035,0.035,0.035,,
194100,0.036,0.037,0.037,0.037,0.037,,
194160,0.036,0.036,0.036,0.036,0.036,,
194220,0.036,0.036,0.036,0.036,0.036,,
194280,0.037,0.037,0.037,0.037,0.037,,
194340,0.037,0.037,0.037,0.037,0.037,,
194400,0.037,0.038,0.038,0.038,0.038,,
194460,0.038,0.038,0.038,0.038,0.038,,
194520,0.038,0.038,0.038,0.038,0.038,,
194580,0.039,0.039,0.039,0.039,0.039,,
194640,0.040,0.040,0.040,0.040,0.040,,
194700,0.041,0.041,0.041,0.041,0.041,,
194760,0.042,0.042,0.042,0.042,0.042,,
194820,0.040,0.040,0.040,0.041,0.041,,
194880,0.041,0.041,0.041,0.041,0.042,,
194940,0.042,0.042,0.042,0.042,0.042,,
195000,0.042,0.042,0.042,0.042,0.042,,
195060,0.042,0.042,0.042,0.042,0.042,,
195120,0.043,0.043,0.043,0.043,0.043,,
195180,0.043,0.043,0.043,0.043,0.043,,
195240,0.043,0.043,0.043,0.043,0.043,,
195300,0.043,0.043,0.043,0.043,0.043,,
195360,0.044,0.044,0.044,0.044,0.044,,
195420,0.042,0.043,0.043,0.043,0.043,,
195480,0.044,0.044,0.044,0.044,0.044,,
195540,0.045,0.045,0.045,0.045,0.045,,
195600,0.045,0.045,0.045,0.046,0.046,,
195660,0.045,0.045,0.045,0.045,0.045,,
195720,0.045,0.045,0.045,0.045,0.045,,
195780,0.045,0.045,0.045,0.045,0.045,,
195840,0.045,0.045,0.045,0.045,0.045,,
195900,0.045,0.046,0.046,0.046,0.046,,
195960,0.047,0.048,0.048,0.048,0.048,,
196020,0.047,0.047,0.048,0.048,0.048,,
196080,0.047,0.047,0.048,0.048,0.048,,
196140,0.046,0.046,0.046,0.046,0.046,,
196200,0.047,0.047,0.047,0.048,0.048,,
196260,0.047,0.047,0.047,0.047,0.047,,
196320,0.048,0.048,0.048,0.048,0.048,,
196380,0.047,0.047,0.047,0.048,0.048,,
196440,0.048,0.048,0.048,0.049,0.049,,
196500,0.048,0.048,0.049,0.049,0.049,,
196560,0.049,0.049,0.049,0.049,0.049,,
196620,0.048,0.049,0.049,0.049,0.049,,
196680,0.049,0.049,0.049,0.049,0.049,,
196740,0.049,0.050,0.050,0.050,0.050,,
196800,0.049,0.049,0.049,0.049,0.049,,
196860,0.049,0.049,0.049,0.049,0.049,,
196920,0.049,0.050,0.050,0.050,0.050,,
196980,0.050,0.050,0.051,0.051,0.051,,
197040,0.051,0.051,0.051,0.051,0.051,,
197100,0.051,0.052,0.052,0.052,0.052,,
197160,0.051,0.051,0.051,0.052,0.052,,
197220,0.050,0.050,0.051,0.051,0.051,,
197280,0.050,0.051,0.051,0.051,0.051,,
197340,0.051,0.051,0.051,0.051,0.051,,
197400,0.051,0.051,0.051,0.051,0.051,,
197460,0.051,0.052,0.052,0.052,0.052,,
197520,0.052,0.052,0.052,0.052,0.052,,
197580,0.052,0.052,0.052,0.053,0.053,,
197640,0.052,0.052,0.053,0.053,0.053,,
197700,0.052,0.053,0.053,0.053,0.053,,
197760,0.054,0.054,0.054,0.054,0.054,,
197820,0.054,0.054,0.054,0.054,0.054,,
197880,0.052,0.053,0.053,0.053,0.053,,
197940,0.054,0.054,0.054,0.054,0.054,,
198000,0.053,0.054,0.054,0.054,0.054,,
198060,0.053,0.053,0.053,0.054,0.054,,
198120,0.053,0.053,0.053,0.054,0.054,,
198180,0.054,0.055,0.055,0.055,0.055,,
198240,0.054,0.055,0.055,0.055,0.055,,
198300,0.054,0.054,0.054,0.054,0.054,,
198360,0.055,0.055,0.055,0.055,0.055,,
198420,0.054,0.055,0.055,0.055,0.055,,
198480,0.054,0.054,0.054,0.055,0.055,,
198540,0.055,0.056,0.056,0.056,0.056,,
198600,0.055,0.056,0.056,0.056,0.056,,
198660,0.055,0.055,0.055,0.055,0.055,,
198720,0.056,0.056,0.056,0.056,0.057,,
198780,0.056,0.056,0.056,0.056,0.057,,
198840,0.055,0.056,0.056,0.056,0.056,,
198900,0.056,0.056,0.056,0.056,0.057,,
198960,0.056,0.056,0.056,0.057,0.057,,
199020,0.057,0.057,0.057,0.057,0.057,,
199080,0.057,0.057,0.057,0.057,0.057,,
199140,0.057,0.057,0.057,0.057,0.057,,
199200,0.056,0.057,0.057,0.057,0.057,,
199260,0.056,0.056,0.056,0.056,0.056,,
199320,0.056,0.057,0.057,0.057,0.057,,
199380,0.057,0.057,0.057,0.057,0.057,,
199440,0.057,0.057,0.057,0.057,0.057,,
199500,0.057,0.057,0.058,0.058,0.058,,
199560,0.057,0.057,0.057,0.057,0.057,,
199620,0.057,0.057,0.057,0.057,0.057,,
199680,0.057,0.057,0.057,0.057,0.057,,
199740,0.058,0.058,0.058,0.058,0.058,,
199800,0.058,0.059,0.059,0.059,0.059,,
199860,0.057,0.058,0.058,0.058,0.058,,
199920,0.058,0.058,0.058,0.058,0.058,,
199980,0.058,0.058,0.058,0.059,0.059,,
200040,0.057,0.058,0.058,0.058,0.058,,
200100,0.057,0.057,0.057,0.058,0.058,,
200160,0.058,0.058,0.058,0.058,0.058,,
200220,0.059,0.060,0.060,0.060,0.060,,
200280,0.059,0.059,0.059,0.060,0.060,,
200340,0.059,0.059,0.059,0.059,0.060,,
200400,0.059,0.059,0.060,0.060,0.060,,
200460,0.060,0.060,0.060,0.060,0.060,,
200520,0.059,0.059,0.059,0.059,0.059,,
200580,0.059,0.059,0.059,0.059,0.059,,
200640,0.060,0.060,0.060,0.060,0.060,,
200700,0.059,0.059,0.059,0.059,0.059,,
200760,0.060,0.060,0.060,0.060,0.060,,
200820,0.060,0.060,0.060,0.060,0.060,,
200880,0.060,0.060,0.061,0.061,0.061,,
200940,0.059,0.060,0.060,0.060,0.060,,
201000,0.060,0.061,0.061,0.061,0.061,,
201060,0.060,0.060,0.060,0.060,0.060,,
201120,0.061,0.061,0.061,0.061,0.061,,
201180,0.060,0.060,0.060,0.061,0.061,,
201240,0.061,0.061,0.061,0.061,0.061,,
201300,0.061,0.061,0.061,0.061,0.061,,
201360,0.061,0.061,0.061,0.062,0.062,,
201420,0.060,0.060,0.060,0.061,0.061,,
201480,0.060,0.060,0.061,0.061,0.061,,
201540,0.061,0.061,0.062,0.062,0.062,,
201600,0.061,0.061,0.061,0.061,0.061,,
201660,0.061,0.062,0.062,0.062,0.062,,
201720,0.061,0.062,0.062,0.062,0.062,,
201780,0.062,0.062,0.062,0.062,0.062,,
201840,0.061,0.061,0.061,0.062,0.062,,
201900,0.062,0.062,0.062,0.062,0.062,,
201960,0.061,0.061,0.061,0.061,0.061,,
202020,0.061,0.061,0.061,0.062,0.062,,
202080,0.061,0.061,0.061,0.062,0.062,,
202140,0.061,0.061,0.061,0.061,0.061,,
202200,0.061,0.061,0.061,0.061,0.061,,
202260,0.061,0.061,0.061,0.061,0.061,,
202320,0.061,0.061,0.061,0.061,0.061,,
202380,0.062,0.062,0.062,0.062,0.062,,
202440,0.060,0.061,0.061,0.061,0.061,,
202500,0.060,0.061,0.061,0.061,0.061,,
202560,0.060,0.060,0.060,0.061,0.061,,
202620,0.060,0.060,0.060,0.061,0.061,,
202680,0.061,0.061,0.061,0.061,0.061,,
202740,0.061,0.061,0.061,0.062,0.062,,
202800,0.061,0.061,0.062,0.062,0.062,,
202860,0.060,0.060,0.060,0.060,0.060,,
202920,0.060,0.061,0.061,0.061,0.061,,
202980,0.061,0.061,0.061,0.062,0.062,,
203040,0.061,0.061,0.061,0.061,0.061,,
203100,0.062,0.062,0.062,0.062,0.062,,
203160,0.061,0.061,0.062,0.062,0.062,,
203220,0.061,0.062,0.062,0.062,0.062,,
203280,0.062,0.062,0.062,0.062,0.062,,
203340,0.061,0.062,0.062,0.062,0.062,,
203400,0.061,0.061,0.061,0.062,0.062,,
203460,0.061,0.061,0.061,0.062,0.062,,
203520,0.062,0.062,0.062,0.062,0.062,,
203580,0.062,0.062,0.062,0.062,0.062,,
203640,0.061,0.062,0.062,0.062,0.062,,
203700,0.061,0.061,0.061,0.061,0.061,,
203760,0.061,0.061,0.062,0.062,0.062,,
203820,0.062,0.062,0.062,0.062,0.062,,
203880,0.062,0.062,0.062,0.062,0.062,,
203940,0.061,0.061,0.061,0.062,0.062,,
204000,0.060,0.060,0.060,0.060,0.060,,
204060,0.061,0.061,0.061,0.061,0.061,,
204120,0.060,0.060,0.060,0.061,0.061,,
204180,0.061,0.061,0.061,0.061,0.061,,
204240,0.061,0.061,0.061,0.061,0.061,,
204300,0.061,0.061,0.061,0.061,0.061,,
204360,0.061,0.061,0.061,0.062,0.062,,
204420,0.060,0.060,0.060,0.061,0.061,,
204480,0.060,0.060,0.060,0.061,0.061,,
204540,0.060,0.060,0.060,0.060,0.060,,
204600,0.060,0.060,0.060,0.060,0.060,,
204660,0.060,0.060,0.060,0.061,0.061,,
204720,0.060,0.060,0.060,0.060,0.060,,
204780,0.060,0.060,0.060,0.060,0.060,,
204840,0.059,0.060,0.060,0.060,0.060,,
204900,0.059,0.060,0.060,0.060,0.060,,
204960,0.060,0.060,0.060,0.061,0.061,,
205020,0.060,0.061,0.061,0.061,0.061,,
205080,0.060,0.060,0.060,0.061,0.061,,
205140,0.060,0.060,0.060,0.061,0.061,,
205200,0.060,0.060,0.060,0.060,0.060,,
205260,0.060,0.060,0.060,0.060,0.060,,
205320,0.060,0.061,0.061,0.061,0.061,,
205380,0.060,0.060,0.060,0.060,0.060,,
205440,0.059,0.059,0.059,0.060,0.060,,
205500,0.060,0.060,0.060,0.060,0.060,,
205560,0.060,0.060,0.060,0.060,0.061,,
205620,0.059,0.060,0.060,0.060,0.060,,
205680,0.058,0.058,0.059,0.059,0.059,,
205740,0.058,0.058,0.058,0.058,0.058,,
205800,0.059,0.059,0.059,0.059,0.059,,
205860,0.059,0.059,0.059,0.059,0.059,,
205920,0.059,0.059,0.059,0.059,0.059,,
205980,0.058,0.059,0.059,0.059,0.059,,
206040,0.059,0.059,0.059,0.059,0.059,,
206100,0.058,0.059,0.059,0.059,0.059,,
206160,0.058,0.059,0.059,0.059,0.059,,
206220,0.059,0.059,0.059,0.059,0.059,,
206280,0.058,0.059,0.059,0.059,0.059,,
206340,0.059,0.059,0.059,0.059,0.059,,
206400,0.059,0.059,0.059,0.060,0.060,,
206460,0.059,0.059,0.059,0.060,0.060,,
206520,0.059,0.059,0.059,0.060,0.060,,
206580,0.058,0.059,0.059,0.059,0.059,,
206640,0.058,0.058,0.058,0.058,0.058,,
206700,0.058,0.059,0.059,0.059,0.059,,
206760,0.058,0.058,0.058,0.058,0.058,,
206820,0.058,0.058,0.058,0.058,0.058,,
206880,0.058,0.058,0.058,0.058,0.058,,
206940,0.058,0.058,0.058,0.058,0.058,,
207000,0.058,0.059,0.059,0.059,0.059,,
207060,0.058,0.058,0.058,0.058,0.058,,
207120,0.058,0.058,0.058,0.058,0.058,,
207180,0.058,0.058,0.058,0.059,0.059,,
207240,0.057,0.057,0.057,0.058,0.058,,
207300,0.057,0.058,0.058,0.058,0.058,,
207360,0.057,0.057,0.057,0.057,0.057,,
207420,0.058,0.058,0.058,0.058,0.058,,
207480,0.058,0.058,0.058,0.058,0.058,,
207540,0.057,0.057,0.058,0.058,0.058,,
207600,0.057,0.057,0.057,0.057,0.057,,
207660,0.056,0.056,0.056,0.056,0.056,,
207720,0.056,0.057,0.057,0.057,0.057,,
207780,0.057,0.057,0.057,0.057,0.057,,
207840,0.058,0.058,0.058,0.058,0.058,,
207900,0.057,0.057,0.057,0.057,0.057,,
207960,0.057,0.057,0.057,0.057,0.057,,
208020,0.056,0.057,0.057,0.057,0.057,,
208080,0.057,0.057,0.057,0.057,0.057,,
208140,0.057,0.057,0.057,0.057,0.057,,
208200,0.057,0.057,0.057,0.057,0.057,,
208260,0.057,0.057,0.057,0.057,0.057,,
208320,0.056,0.056,0.056,0.057,0.057,,
208380,0.057,0.057,0.057,0.057,0.057,,
208440,0.057,0.057,0.057,0.057,0.057,,
208500,0.057,0.057,0.057,0.057,0.057,,
208560,0.057,0.057,0.057,0.057,0.057,,
208620,0.056,0.056,0.056,0.056,0.056,,
208680,0.057,0.057,0.057,0.057,0.057,,
208740,0.056,0.057,0.057,0.057,0.057,,
208800,0.057,0.057,0.057,0.057,0.057,,
208860,0.056,0.056,0.056,0.056,0.056,,
208920,0.056,0.057,0.057,0.057,0.057,,
208980,0.056,0.056,0.056,0.056,0.056,,
209040,0.055,0.055,0.055,0.056,0.056,,
209100,0.057,0.057,0.057,0.057,0.057,,
209160,0.056,0.056,0.056,0.056,0.056,,
209220,0.056,0.056,0.056,0.056,0.056,,
209280,0.055,0.055,0.055,0.055,0.055,,
209340,0.056,0.056,0.056,0.056,0.056,,
209400,0.055,0.056,0.056,0.056,0.056,,
209460,0.055,0.055,0.055,0.055,0.055,,
209520,0.055,0.055,0.055,0.055,0.055,,
209580,0.055,0.055,0.056,0.056,0.056,,
209640,0.056,0.056,0.056,0.056,0.056,,
209700,0.055,0.055,0.055,0.055,0.055,,
209760,0.055,0.055,0.056,0.056,0.056,,
209820,0.055,0.055,0.055,0.055,0.055,,
209880,0.055,0.055,0.055,0.055,0.055,,
209940,0.054,0.054,0.054,0.055,0.055,,
210000,0.055,0.055,0.055,0.055,0.056,,
210060,0.055,0.055,0.055,0.055,0.055,,
210120,0.054,0.054,0.054,0.055,0.055,,
210180,0.054,0.054,0.054,0.054,0.054,,
210240,0.055,0.055,0.055,0.055,0.055,,
210300,0.055,0.055,0.055,0.055,0.055,,
210360,0.054,0.054,0.054,0.054,0.054,,
210420,0.055,0.055,0.055,0.055,0.055,,
210480,0.055,0.055,0.055,0.056,0.056,,
210540,0.054,0.054,0.054,0.054,0.054,,
210600,0.054,0.054,0.055,0.055,0.055,,
210660,0.054,0.054,0.054,0.055,0.055,,
210720,0.054,0.055,0.055,0.055,0.055,,
210780,0.054,0.054,0.055,0.055,0.055,,
210840,0.054,0.054,0.054,0.054,0.054,,
210900,0.055,0.055,0.055,0.055,0.055,,
210960,0.054,0.054,0.054,0.054,0.054,,
211020,0.053,0.053,0.053,0.053,0.053,,
211080,0.054,0.054,0.054,0.054,0.054,,
211140,0.055,0.055,0.055,0.055,0.055,,
211200,0.053,0.054,0.054,0.054,0.054,,
211260,0.053,0.053,0.053,0.053,0.053,,
211320,0.054,0.054,0.054,0.054,0.054,,
211380,0.053,0.053,0.053,0.054,0.054,,
211440,0.054,0.054,0.054,0.054,0.054,,
211500,0.054,0.054,0.054,0.054,0.054,,
211560,0.054,0.054,0.054,0.054,0.054,,
211620,0.054,0.054,0.054,0.054,0.054,,
211680,0.054,0.054,0.054,0.054,0.054,,
211740,0.054,0.054,0.054,0.054,0.054,,
211800,0.054,0.054,0.054,0.054,0.054,,
211860,0.053,0.053,0.053,0.053,0.053,,
211920,0.053,0.053,0.053,0.053,0.053,,
211980,0.054,0.054,0.054,0.054,0.054,,
212040,0.053,0.053,0.053,0.053,0.053,,
212100,0.054,0.054,0.054,0.054,0.054,,
212160,0.054,0.054,0.054,0.054,0.054,,
212220,0.054,0.054,0.054,0.054,0.054,,
212280,0.054,0.054,0.054,0.054,0.054,,
212340,0.054,0.055,0.055,0.055,0.055,,
212400,0.053,0.054,0.054,0.054,0.054,,
212460,0.054,0.055,0.055,0.055,0.055,,
212520,0.055,0.055,0.055,0.055,0.055,,
212580,0.054,0.055,0.055,0.055,0.055,,
212640,0.053,0.053,0.053,0.053,0.053,,
212700,0.054,0.054,0.054,0.054,0.054,,
212760,0.054,0.054,0.054,0.054,0.054,,
212820,0.054,0.054,0.054,0.054,0.054,,
212880,0.054,0.054,0.054,0.054,0.054,,
212940,0.054,0.054,0.054,0.054,0.054,,
213000,0.054,0.054,0.054,0.054,0.054,,
213060,0.054,0.054,0.054,0.054,0.054,,
213120,0.054,0.054,0.054,0.054,0.054,,
213180,0.054,0.054,0.054,0.054,0.054,,
213240,0.054,0.055,0.055,0.055,0.055,,
213300,0.054,0.055,0.055,0.055,0.055,,
213360,0.054,0.054,0.054,0.054,0.054,,
213420,0.054,0.054,0.054,0.054,0.054,,
213480,0.054,0.054,0.054,0.054,0.054,,
213540,0.053,0.054,0.054,0.054,0.054,,
213600,0.054,0.054,0.054,0.054,0.054,,
213660,0.054,0.054,0.054,0.054,0.054,,
213720,0.054,0.054,0.054,0.054,0.054,,
213780,0.054,0.054,0.054,0.054,0.054,,
213840,0.054,0.054,0.054,0.054,0.054,,
213900,0.054,0.054,0.054,0.054,0.054,,
213960,0.054,0.055,0.055,0.055,0.055,,
214020,0.054,0.054,0.054,0.054,0.054,,
214080,0.053,0.053,0.053,0.053,0.053,,
214140,0.054,0.054,0.054,0.054,0.054,,
214200,0.054,0.054,0.054,0.054,0.054,,
214260,0.054,0.054,0.054,0.054,0.054,,
214320,0.054,0.054,0.054,0.054,0.054,,
214380,0.054,0.054,0.054,0.054,0.054,,
214440,0.054,0.054,0.054,0.054,0.054,,
214500,0.053,0.053,0.054,0.054,0.054,,
214560,0.053,0.054,0.054,0.054,0.054,,
214620,0.054,0.054,0.054,0.054,0.054,,
214680,0.053,0.053,0.053,0.053,0.053,,
214740,0.054,0.054,0.054,0.054,0.054,,
214800,0.053,0.054,0.054,0.054,0.054,,
214860,0.053,0.054,0.054,0.054,0.054,,
214920,0.054,0.054,0.054,0.054,0.054,,
214980,0.053,0.053,0.053,0.053,0.053,,
215040,0.054,0.054,0.054,0.054,0.054,,
215100,0.054,0.054,0.054,0.054,0.054,,
215160,0.053,0.053,0.053,0.053,0.053,,
215220,0.053,0.053,0.054,0.054,0.054,,
215280,0.053,0.053,0.053,0.053,0.053,,
215340,0.053,0.053,0.053,0.053,0.053,,
215400,0.053,0.053,0.053,0.054,0.054,,
215460,0.053,0.053,0.053,0.053,0.053,,
215520,0.052,0.053,0.053,0.053,0.053,,
215580,0.053,0.054,0.054,0.054,0.054,,
215640,0.053,0.053,0.053,0.053,0.053,,
215700,0.053,0.053,0.053,0.053,0.053,,
215760,0.053,0.053,0.053,0.053,0.053,,
215820,0.053,0.053,0.053,0.053,0.053,,
215880,0.053,0.054,0.054,0.054,0.054,,
215940,0.054,0.054,0.054,0.055,0.055,,
216000,0.054,0.054,0.054,0.054,0.054,,
216060,0.053,0.054,0.054,0.054,0.054,,
216120,0.054,0.054,0.054,0.054,0.054,,
216180,0.053,0.053,0.053,0.053,0.053,,
216240,0.053,0.053,0.053,0.053,0.053,,
216300,0.053,0.053,0.053,0.053,0.053,,
216360,0.053,0.053,0.053,0.053,0.053,,
216420,0.053,0.053,0.053,0.053,0.053,,
216480,0.053,0.053,0.053,0.053,0.054,,
216540,0.054,0.054,0.054,0.054,0.054,,
216600,0.053,0.053,0.053,0.053,0.053,,
216660,0.053,0.053,0.053,0.053,0.053,,
216720,0.053,0.053,0.053,0.053,0.053,,
216780,0.053,0.053,0.053,0.053,0.053,,
216840,0.053,0.053,0.053,0.053,0.053,,
216900,0.053,0.053,0.053,0.053,0.053,,
216960,0.052,0.052,0.052,0.052,0.052,,
217020,0.053,0.053,0.053,0.053,0.053,,
217080,0.052,0.052,0.052,0.052,0.052,,
217140,0.052,0.053,0.053,0.053,0.053,,
217200,0.052,0.052,0.053,0.053,0.053,,
217260,0.052,0.052,0.053,0.053,0.053,,
217320,0.052,0.052,0.052,0.052,0.052,,
217380,0.052,0.052,0.052,0.053,0.053,,
217440,0.052,0.052,0.052,0.053,0.053,,
217500,0.052,0.052,0.052,0.052,0.052,,
217560,0.052,0.052,0.052,0.052,0.052,,
217620,0.052,0.052,0.052,0.052,0.052,,
217680,0.052,0.052,0.052,0.052,0.052,,
217740,0.053,0.053,0.053,0.053,0.053,,
217800,0.053,0.053,0.053,0.054,0.054,,
217860,0.053,0.053,0.053,0.053,0.054,,
217920,0.052,0.052,0.052,0.052,0.052,,
217980,0.051,0.052,0.052,0.052,0.052,,
218040,0.052,0.052,0.052,0.052,0.052,,
218100,0.053,0.053,0.053,0.053,0.053,,
218160,0.052,0.052,0.052,0.053,0.053,,
218220,0.052,0.052,0.052,0.052,0.052,,
218280,0.052,0.053,0.053,0.053,0.053,,
218340,0.052,0.052,0.052,0.052,0.052,,
218400,0.052,0.052,0.052,0.052,0.052,,
218460,0.052,0.052,0.052,0.052,0.052,,
218520,0.052,0.052,0.052,0.052,0.052,,
218580,0.052,0.052,0.052,0.052,0.052,,
218640,0.052,0.052,0.052,0.052,0.052,,
218700,0.052,0.052,0.052,0.052,0.053,,
218760,0.052,0.052,0.052,0.052,0.052,,
218820,0.052,0.052,0.053,0.053,0.053,,
218880,0.051,0.051,0.051,0.052,0.052,,
218940,0.052,0.052,0.052,0.052,0.052,,
219000,0.052,0.052,0.052,0.052,0.052,,
219060,0.052,0.052,0.052,0.052,0.052,,
219120,0.051,0.052,0.052,0.052,0.052,,
219180,0.051,0.051,0.051,0.051,0.051,,
219240,0.051,0.052,0.052,0.052,0.052,,
219300,0.051,0.051,0.052,0.052,0.052,,
219360,0.052,0.052,0.052,0.052,0.052,,
219420,0.052,0.052,0.052,0.052,0.052,,
219480,0.052,0.052,0.052,0.052,0.052,,
219540,0.051,0.052,0.052,0.052,0.052,,
219600,0.051,0.051,0.051,0.051,0.051,,
219660,0.052,0.052,0.053,0.053,0.053,,
219720,0.051,0.051,0.052,0.052,0.052,,
219780,0.050,0.051,0.051,0.051,0.051,,
219840,0.051,0.052,0.052,0.052,0.052,,
219900,0.051,0.051,0.052,0.052,0.052,,
219960,0.051,0.052,0.052,0.052,0.052,,
220020,0.051,0.051,0.051,0.051,0.051,,
220080,0.052,0.052,0.052,0.052,0.052,,
220140,0.052,0.052,0.052,0.052,0.052,,
220200,0.052,0.052,0.052,0.052,0.052,,
220260,0.052,0.052,0.052,0.052,0.052,,
220320,0.051,0.051,0.051,0.051,0.051,,
220380,0.051,0.052,0.052,0.052,0.052,,
220440,0.050,0.051,0.051,0.051,0.051,,
220500,0.051,0.051,0.051,0.051,0.051,,
220560,0.051,0.051,0.051,0.051,0.051,,
220620,0.051,0.051,0.051,0.052,0.052,,
220680,0.051,0.052,0.052,0.052,0.052,,
220740,0.051,0.051,0.051,0.051,0.051,,
220800,0.051,0.051,0.051,0.051,0.051,,
220860,0.051,0.052,0.052,0.052,0.052,,
220920,0.051,0.051,0.051,0.051,0.051,,
220980,0.051,0.051,0.051,0.051,0.051,,
221040,0.051,0.051,0.051,0.051,0.051,,
221100,0.051,0.051,0.051,0.051,0.051,,
221160,0.051,0.051,0.051,0.051,0.051,,
221220,0.051,0.051,0.051,0.051,0.051,,
221280,0.051,0.051,0.051,0.051,0.051,,
221340,0.051,0.052,0.052,0.052,0.052,,
221400,0.051,0.051,0.051,0.051,0.051,,
221460,0.051,0.051,0.051,0.051,0.051,,
221520,0.051,0.051,0.051,0.051,0.051,,
221580,0.051,0.051,0.051,0.051,0.051,,
221640,0.050,0.050,0.050,0.051,0.051,,
221700,0.051,0.051,0.051,0.051,0.051,,
221760,0.051,0.051,0.051,0.051,0.051,,
221820,0.050,0.050,0.050,0.050,0.050,,
221880,0.050,0.050,0.050,0.050,0.050,,
221940,0.050,0.050,0.050,0.050,0.050,,
222000,0.050,0.050,0.050,0.050,0.050,,
222060,0.051,0.051,0.051,0.051,0.051,,
222120,0.051,0.051,0.051,0.051,0.051,,
222180,0.050,0.050,0.050,0.051,0.051,,
222240,0.050,0.050,0.050,0.050,0.050,,
222300,0.050,0.050,0.050,0.050,0.051,,
222360,0.049,0.049,0.050,0.050,0.050,,
222420,0.050,0.051,0.051,0.051,0.051,,
222480,0.051,0.051,0.051,0.051,0.051,,
222540,0.050,0.050,0.050,0.051,0.051,,
222600,0.050,0.050,0.050,0.050,0.050,,
222660,0.050,0.050,0.050,0.050,0.050,,
222720,0.050,0.050,0.050,0.050,0.050,,
222780,0.050,0.050,0.050,0.050,0.050,,
222840,0.050,0.050,0.050,0.050,0.050,,
222900,0.050,0.050,0.050,0.050,0.050,,
222960,0.050,0.050,0.050,0.050,0.050,,
223020,0.050,0.050,0.050,0.050,0.050,,
223080,0.049,0.049,0.050,0.050,0.050,,
223140,0.050,0.050,0.050,0.050,0.050,,
223200,0.050,0.050,0.050,0.050,0.050,,
223260,0.050,0.050,0.050,0.050,0.050,,
223320,0.049,0.049,0.049,0.049,0.049,,
223380,0.050,0.050,0.050,0.050,0.050,,
223440,0.049,0.050,0.050,0.050,0.050,,
223500,0.050,0.050,0.050,0.050,0.050,,
223560,0.050,0.050,0.050,0.050,0.050,,
223620,0.050,0.050,0.050,0.050,0.050,,
223680,0.049,0.049,0.049,0.049,0.049,,
223740,0.049,0.049,0.049,0.049,0.049,,
223800,0.049,0.049,0.049,0.049,0.050,,
223860,0.049,0.050,0.050,0.050,0.050,,
223920,0.049,0.049,0.049,0.049,0.049,,
223980,0.049,0.049,0.049,0.049,0.049,,
224040,0.049,0.049,0.049,0.049,0.049,,
224100,0.048,0.048,0.048,0.049,0.049,,
224160,0.049,0.049,0.049,0.049,0.049,,
224220,0.048,0.048,0.048,0.048,0.048,,
224280,0.048,0.048,0.048,0.049,0.049,,
224340,0.049,0.049,0.049,0.050,0.050,,
224400,0.049,0.049,0.049,0.049,0.049,,
224460,0.048,0.048,0.048,0.049,0.049,,
224520,0.048,0.048,0.049,0.049,0.049,,
224580,0.048,0.049,0.049,0.049,0.049,,
224640,0.049,0.049,0.049,0.049,0.050,,
224700,0.049,0.049,0.049,0.049,0.049,,
224760,0.048,0.049,0.049,0.049,0.049,,
224820,0.048,0.049,0.049,0.049,0.049,,
224880,0.048,0.049,0.049,0.049,0.049,,
224940,0.048,0.048,0.048,0.048,0.048,,
225000,0.048,0.048,0.048,0.049,0.049,,
225060,0.049,0.049,0.049,0.049,0.049,,
225120,0.048,0.048,0.048,0.048,0.048,,
225180,0.048,0.048,0.048,0.048,0.048,,
225240,0.047,0.048,0.048,0.048,0.048,,
225300,0.048,0.048,0.048,0.048,0.048,,
225360,0.048,0.048,0.048,0.048,0.048,,
225420,0.048,0.048,0.048,0.048,0.048,,
225480,0.048,0.048,0.048,0.048,0.048,,
225540,0.048,0.048,0.048,0.048,0.048,,
225600,0.048,0.048,0.048,0.049,0.049,,
225660,0.048,0.048,0.048,0.048,0.048,,
225720,0.048,0.048,0.048,0.048,0.048,,
225780,0.048,0.048,0.048,0.048,0.048,,
225840,0.047,0.048,0.048,0.048,0.048,,
225900,0.047,0.047,0.047,0.047,0.047,,
225960,0.049,0.049,0.049,0.049,0.049,,
226020,0.048,0.048,0.048,0.048,0.048,,
226080,0.048,0.048,0.048,0.048,0.048,,
226140,0.047,0.047,0.047,0.047,0.047,,
226200,0.047,0.047,0.047,0.047,0.047,,
226260,0.047,0.047,0.047,0.048,0.048,,
226320,0.047,0.047,0.047,0.047,0.047,,
226380,0.047,0.047,0.047,0.047,0.047,,
226440,0.047,0.047,0.047,0.047,0.047,,
226500,0.047,0.047,0.047,0.047,0.047,,
226560,0.047,0.047,0.047,0.047,0.047,,
226620,0.047,0.047,0.047,0.047,0.047,,
226680,0.047,0.047,0.047,0.047,0.047,,
226740,0.047,0.047,0.047,0.047,0.047,,
226800,0.047,0.047,0.047,0.047,0.047,,
226860,0.047,0.047,0.047,0.047,0.047,,
226920,0.047,0.047,0.047,0.047,0.047,,
226980,0.046,0.046,0.046,0.047,0.047,,
227040,0.046,0.046,0.046,0.046,0.046,,
227100,0.046,0.046,0.046,0.046,0.046,,
227160,0.046,0.046,0.046,0.046,0.046,,
227220,0.047,0.047,0.047,0.047,0.047,,
227280,0.046,0.046,0.046,0.046,0.046,,
227340,0.046,0.046,0.046,0.047,0.047,,
227400,0.045,0.045,0.045,0.046,0.046,,
227460,0.046,0.046,0.046,0.046,0.046,,
227520,0.046,0.046,0.046,0.046,0.046,,
227580,0.046,0.046,0.046,0.046,0.046,,
227640,0.045,0.046,0.046,0.046,0.046,,
227700,0.046,0.046,0.046,0.046,0.046,,
227760,0.045,0.045,0.045,0.045,0.045,,
227820,0.046,0.046,0.046,0.046,0.046,,
227880,0.046,0.046,0.046,0.046,0.046,,
227940,0.045,0.045,0.045,0.045,0.045,,
228000,0.045,0.045,0.045,0.045,0.045,,
228060,0.044,0.044,0.045,0.045,0.045,,
228120,0.046,0.046,0.046,0.046,0.046,,
228180,0.045,0.045,0.045,0.045,0.045,,
228240,0.045,0.045,0.046,0.046,0.046,,
228300,0.045,0.045,0.045,0.045,0.045,,
228360,0.044,0.044,0.044,0.044,0.044,,
228420,0.045,0.045,0.045,0.045,0.045,,
228480,0.045,0.045,0.045,0.045,0.045,,
228540,0.045,0.045,0.045,0.045,0.045,,
228600,0.045,0.045,0.045,0.045,0.045,,
228660,0.045,0.045,0.045,0.045,0.045,,
228720,0.044,0.044,0.044,0.044,0.044,,
228780,0.044,0.045,0.045,0.045,0.045,,
228840,0.045,0.045,0.045,0.045,0.045,,
228900,0.044,0.044,0.044,0.044,0.044,,
228960,0.044,0.044,0.044,0.044,0.044,,
229020,0.044,0.044,0.044,0.044,0.044,,
229080,0.044,0.044,0.044,0.044,0.044,,
229140,0.044,0.045,0.045,0.045,0.045,,
229200,0.044,0.044,0.044,0.044,0.044,,
229260,0.044,0.044,0.044,0.045,0.045,,
229320,0.043,0.044,0.044,0.044,0.044,,
229380,0.044,0.044,0.044,0.044,0.044,,
229440,0.044,0.044,0.044,0.045,0.045,,
229500,0.044,0.044,0.044,0.044,0.044,,
229560,0.044,0.044,0.044,0.044,0.044,,
229620,0.044,0.044,0.044,0.044,0.044,,
229680,0.044,0.044,0.044,0.044,0.044,,
229740,0.044,0.044,0.044,0.044,0.044,,
229800,0.043,0.043,0.044,0.044,0.044,,
229860,0.044,0.044,0.044,0.044,0.044,,
229920,0.044,0.044,0.044,0.044,0.044,,
229980,0.043,0.043,0.043,0.043,0.043,,
230040,0.043,0.043,0.043,0.043,0.043,,
230100,0.043,0.043,0.043,0.044,0.044,,
230160,0.043,0.043,0.043,0.044,0.044,,
230220,0.044,0.044,0.044,0.044,0.044,,
230280,0.043,0.043,0.043,0.043,0.043,,
230340,0.043,0.043,0.043,0.043,0.043,,
230400,0.043,0.043,0.043,0.043,0.043,,
230460,0.044,0.044,0.044,0.044,0.044,,
230520,0.043,0.043,0.044,0.044,0.044,,
230580,0.043,0.043,0.043,0.043,0.043,,
230640,0.042,0.042,0.042,0.042,0.042,,
230700,0.042,0.043,0.043,0.043,0.043,,
230760,0.042,0.043,0.043,0.043,0.043,,
230820,0.043,0.043,0.043,0.043,0.043,,
230880,0.043,0.043,0.043,0.043,0.043,,
230940,0.043,0.043,0.043,0.043,0.043,,
231000,0.042,0.043,0.043,0.043,0.043,,
231060,0.042,0.043,0.043,0.043,0.043,,
231120,0.042,0.042,0.042,0.042,0.042,,
231180,0.043,0.043,0.043,0.043,0.043,,
231240,0.042,0.042,0.042,0.042,0.042,,
231300,0.042,0.042,0.042,0.042,0.042,,
231360,0.042,0.042,0.042,0.042,0.042,,
231420,0.042,0.042,0.042,0.042,0.042,,
231480,0.042,0.042,0.042,0.042,0.042,,
231540,0.043,0.043,0.043,0.043,0.043,,
231600,0.042,0.043,0.043,0.043,0.043,,
231660,0.042,0.043,0.043,0.043,0.043,,
231720,0.042,0.042,0.042,0.042,0.042,,
231780,0.042,0.042,0.042,0.042,0.042,,
231840,0.042,0.042,0.042,0.042,0.042,,
231900,0.042,0.042,0.042,0.042,0.042,,
231960,0.042,0.042,0.042,0.042,0.042,,
232020,0.042,0.042,0.042,0.042,0.042,,
232080,0.041,0.042,0.042,0.042,0.042,,
232140,0.041,0.041,0.041,0.041,0.041,,
232200,0.042,0.042,0.042,0.042,0.042,,
232260,0.042,0.042,0.042,0.042,0.042,,
232320,0.041,0.041,0.041,0.041,0.041,,
232380,0.041,0.041,0.041,0.041,0.041,,
232440,0.041,0.041,0.041,0.041,0.041,,
232500,0.042,0.042,0.042,0.042,0.042,,
232560,0.042,0.042,0.042,0.042,0.042,,
232620,0.041,0.041,0.041,0.041,0.041,,
232680,0.041,0.041,0.041,0.041,0.041,,
232740,0.041,0.041,0.041,0.041,0.041,,
232800,0.043,0.043,0.043,0.045,0.046,,
232860,0.068,0.071,0.079,0.120,0.131,,
232920,0.076,0.079,0.089,0.141,0.157,,
232980,0.067,0.069,0.076,0.115,0.133,,
233040,0.060,0.062,0.067,0.095,0.108,,
233100,0.053,0.054,0.057,0.076,0.083,,
233160,0.049,0.050,0.053,0.069,0.074,,
233220,0.049,0.049,0.052,0.066,0.071,,
233280,0.049,0.050,0.053,0.066,0.069,,
233340,0.049,0.051,0.054,0.071,0.073,,
233400,0.050,0.051,0.054,0.069,0.073,,
233460,0.050,0.051,0.055,0.069,0.075,,
233520,0.051,0.052,0.055,0.070,0.074,,
233580,0.048,0.049,0.053,0.066,0.070,,
233640,0.048,0.049,0.052,0.065,0.067,,
233700,0.049,0.050,0.052,0.064,0.070,,
233760,0.047,0.048,0.051,0.063,0.065,,
233820,0.047,0.049,0.051,0.062,0.065,,
233880,0.047,0.048,0.051,0.062,0.063,,
233940,0.047,0.048,0.051,0.061,0.064,,
234000,0.045,0.046,0.049,0.058,0.059,,
234060,0.046,0.047,0.050,0.060,0.063,,
234120,0.047,0.048,0.050,0.062,0.066,,
234180,0.047,0.047,0.050,0.062,0.064,,
234240,0.046,0.047,0.050,0.059,0.063,,
234300,0.046,0.047,0.049,0.058,0.062,,
234360,0.049,0.050,0.054,0.067,0.071,,
234420,0.057,0.060,0.065,0.094,0.102,,
234480,0.086,0.091,0.104,0.173,0.195,,
234540,0.114,0.120,0.138,0.252,0.300,,
234600,0.128,0.136,0.159,0.304,0.367,,
234660,0.106,0.113,0.130,0.235,0.282,,
234720,0.088,0.093,0.106,0.181,0.215,,
234780,0.077,0.081,0.092,0.150,0.168,,
234840,0.081,0.086,0.099,0.154,0.170,,
234900,0.085,0.091,0.105,0.165,0.191,,
234960,0.085,0.090,0.105,0.166,0.188,,
235020,0.086,0.092,0.107,0.168,0.189,,
235080,0.088,0.094,0.110,0.177,0.196,,
235140,0.090,0.096,0.112,0.181,0.200,,
235200,0.090,0.097,0.112,0.181,0.202,,
235260,0.090,0.097,0.113,0.180,0.203,,
235320,0.088,0.094,0.110,0.172,0.197,,
235380,0.089,0.096,0.112,0.176,0.196,,
235440,0.091,0.098,0.114,0.182,0.205,,
235500,0.087,0.094,0.110,0.170,0.189,,
235560,0.086,0.093,0.109,0.172,0.184,,
235620,0.086,0.093,0.109,0.173,0.188,,
235680,0.088,0.095,0.112,0.174,0.188,,
235740,0.090,0.098,0.115,0.179,0.195,,
235800,0.088,0.096,0.113,0.174,0.190,,
235860,0.087,0.095,0.111,0.167,0.187,,
235920,0.092,0.100,0.117,0.181,0.199,,
235980,0.088,0.095,0.113,0.172,0.187,,
236040,0.085,0.092,0.109,0.161,0.172,,
236100,0.086,0.093,0.111,0.164,0.179,,
236160,0.088,0.096,0.114,0.171,0.182,,
236220,0.086,0.093,0.110,0.166,0.178,,
236280,0.087,0.095,0.113,0.169,0.183,,
236340,0.085,0.093,0.110,0.162,0.169,,
236400,0.084,0.092,0.108,0.161,0.172,,
236460,0.082,0.090,0.107,0.159,0.170,,
236520,0.084,0.092,0.108,0.157,0.169,,
236580,0.085,0.092,0.110,0.162,0.172,,
236640,0.080,0.088,0.104,0.148,0.155,,
236700,0.082,0.090,0.106,0.155,0.162,,
236760,0.081,0.089,0.105,0.150,0.160,,
236820,0.082,0.090,0.106,0.150,0.162,,
236880,0.079,0.087,0.102,0.147,0.152,,
236940,0.079,0.086,0.103,0.144,0.151,,
237000,0.079,0.087,0.103,0.144,0.150,,
237060,0.081,0.089,0.105,0.149,0.154,,
237120,0.078,0.085,0.100,0.140,0.147,,
237180,0.078,0.085,0.101,0.141,0.145,,
237240,0.077,0.084,0.099,0.136,0.141,,
237300,0.078,0.086,0.101,0.139,0.148,,
237360,0.078,0.085,0.100,0.137,0.143,,
237420,0.074,0.082,0.096,0.128,0.132,,
237480,0.076,0.083,0.097,0.134,0.137,,
237540,0.074,0.082,0.096,0.128,0.133,,
237600,0.074,0.081,0.095,0.127,0.133,,
237660,0.072,0.080,0.094,0.125,0.130,,
237720,0.072,0.079,0.093,0.124,0.127,,
237780,0.071,0.079,0.093,0.125,0.128,,
237840,0.072,0.079,0.093,0.125,0.128,,
237900,0.071,0.078,0.091,0.120,0.125,,
237960,0.071,0.078,0.092,0.122,0.124,,
238020,0.070,0.077,0.090,0.119,0.122,,
238080,0.069,0.076,0.088,0.115,0.117,,
238140,0.068,0.075,0.088,0.114,0.117,,
238200,0.069,0.076,0.089,0.115,0.118,,
238260,0.066,0.073,0.085,0.109,0.111,,
238320,0.067,0.074,0.087,0.110,0.114,,
238380,0.066,0.073,0.085,0.110,0.112,,
238440,0.066,0.073,0.085,0.110,0.113,,
238500,0.064,0.071,0.083,0.106,0.108,,
238560,0.065,0.072,0.084,0.106,0.107,,
238620,0.066,0.072,0.085,0.107,0.108,,
238680,0.065,0.072,0.084,0.106,0.108,,
238740,0.065,0.071,0.083,0.106,0.108,,
238800,0.065,0.072,0.084,0.104,0.108,,
238860,0.064,0.071,0.082,0.105,0.107,,
238920,0.063,0.069,0.080,0.098,0.100,,
238980,0.062,0.068,0.079,0.098,0.100,,
239040,0.061,0.068,0.078,0.094,0.096,,
239100,0.063,0.069,0.081,0.098,0.100,,
239160,0.063,0.069,0.080,0.099,0.101,,
239220,0.062,0.068,0.079,0.095,0.096,,
239280,0.061,0.068,0.078,0.095,0.096,,
239340,0.059,0.066,0.076,0.090,0.090,,
239400,0.060,0.066,0.076,0.091,0.093,,
239460,0.061,0.067,0.078,0.093,0.094,,
239520,0.060,0.066,0.075,0.092,0.093,,
239580,0.060,0.066,0.076,0.090,0.092,,
239640,0.059,0.065,0.075,0.088,0.090,,
239700,0.059,0.065,0.074,0.088,0.090,,
239760,0.058,0.064,0.073,0.087,0.087,,
239820,0.060,0.066,0.076,0.091,0.093,,
239880,0.058,0.064,0.073,0.086,0.087,,
239940,0.058,0.064,0.073,0.086,0.087,,
240000,0.056,0.062,0.070,0.083,0.085,,
240060,0.057,0.063,0.071,0.083,0.085,,
240120,0.057,0.062,0.071,0.084,0.085,,
240180,0.056,0.062,0.071,0.083,0.086,,
240240,0.057,0.063,0.072,0.084,0.085,,
240300,0.054,0.060,0.068,0.078,0.079,,
240360,0.055,0.060,0.068,0.080,0.080,,
240420,0.055,0.061,0.069,0.080,0.081,,
240480,0.055,0.060,0.068,0.077,0.079,,
240540,0.055,0.060,0.068,0.079,0.081,,
240600,0.054,0.059,0.067,0.076,0.076,,
240660,0.054,0.059,0.067,0.077,0.078,,
240720,0.055,0.060,0.068,0.078,0.078,,
240780,0.054,0.059,0.067,0.076,0.077,,
240840,0.054,0.059,0.067,0.075,0.076,,
240900,0.053,0.058,0.065,0.075,0.075,,
240960,0.051,0.056,0.064,0.072,0.073,,
241020,0.053,0.058,0.065,0.075,0.075,,
241080,0.052,0.057,0.065,0.072,0.072,,
241140,0.051,0.056,0.063,0.070,0.071,,
241200,0.051,0.055,0.062,0.070,0.070,,
241260,0.051,0.056,0.063,0.070,0.070,,
241320,0.052,0.057,0.064,0.072,0.072,,
241380,0.051,0.056,0.062,0.070,0.071,,
241440,0.050,0.055,0.061,0.069,0.069,,
241500,0.051,0.055,0.062,0.069,0.069,,
241560,0.049,0.054,0.060,0.067,0.068,,
241620,0.049,0.054,0.060,0.067,0.067,,
241680,0.050,0.054,0.060,0.067,0.067,,
241740,0.050,0.054,0.060,0.067,0.067,,
241800,0.050,0.054,0.061,0.068,0.069,,
241860,0.049,0.053,0.059,0.065,0.065,,
241920,0.049,0.053,0.059,0.065,0.065,,
241980,0.047,0.052,0.058,0.064,0.064,,
242040,0.048,0.053,0.058,0.064,0.064,,
242100,0.048,0.052,0.058,0.063,0.063,,
242160,0.047,0.052,0.057,0.062,0.062,,
242220,0.048,0.052,0.058,0.064,0.065,,
242280,0.047,0.051,0.056,0.062,0.063,,
242340,0.046,0.051,0.056,0.061,0.061,,
242400,0.046,0.050,0.055,0.061,0.061,,
242460,0.047,0.051,0.056,0.061,0.062,,
242520,0.046,0.050,0.055,0.060,0.060,,
242580,0.046,0.050,0.055,0.060,0.061,,
242640,0.046,0.050,0.055,0.059,0.060,,
242700,0.046,0.050,0.055,0.060,0.060,,
242760,0.045,0.049,0.054,0.059,0.059,,
242820,0.045,0.049,0.054,0.059,0.060,,
242880,0.045,0.049,0.054,0.058,0.060,,
242940,0.046,0.050,0.055,0.060,0.060,,
243000,0.045,0.049,0.054,0.058,0.059,,
243060,0.045,0.048,0.053,0.058,0.058,,
243120,0.044,0.048,0.052,0.057,0.057,,
243180,0.045,0.048,0.053,0.057,0.058,,
243240,0.044,0.048,0.052,0.056,0.056,,
243300,0.044,0.048,0.052,0.056,0.056,,
243360,0.044,0.048,0.052,0.056,0.058,,
243420,0.044,0.047,0.051,0.055,0.055,,
243480,0.044,0.047,0.051,0.056,0.056,,
243540,0.044,0.047,0.051,0.056,0.056,,
243600,0.043,0.046,0.050,0.054,0.054,,
243660,0.043,0.046,0.050,0.054,0.054,,
243720,0.043,0.047,0.051,0.054,0.054,,
243780,0.043,0.047,0.051,0.055,0.056,,
243840,0.044,0.047,0.052,0.055,0.056,,
243900,0.042,0.045,0.049,0.052,0.052,,
243960,0.043,0.046,0.051,0.054,0.054,,
244020,0.043,0.046,0.050,0.054,0.055,,
244080,0.041,0.045,0.049,0.051,0.051,,
244140,0.042,0.045,0.049,0.052,0.052,,
244200,0.041,0.045,0.048,0.052,0.052,,
244260,0.041,0.045,0.048,0.051,0.052,,
244320,0.041,0.044,0.048,0.051,0.051,,
244380,0.041,0.045,0.048,0.052,0.052,,
244440,0.041,0.044,0.048,0.051,0.051,,
244500,0.041,0.044,0.048,0.051,0.051,,
244560,0.041,0.044,0.047,0.050,0.050,,
244620,0.041,0.044,0.048,0.050,0.050,,
244680,0.041,0.044,0.047,0.050,0.050,,
244740,0.039,0.042,0.045,0.048,0.049,,
244800,0.040,0.042,0.046,0.048,0.049,,
244860,0.040,0.043,0.046,0.049,0.049,,
244920,0.040,0.042,0.045,0.048,0.048,,
244980,0.040,0.043,0.046,0.049,0.049,,
245040,0.039,0.042,0.045,0.047,0.047,,
245100,0.040,0.042,0.045,0.048,0.048,,
245160,0.039,0.042,0.045,0.047,0.048,,
245220,0.038,0.041,0.044,0.046,0.046,,
245280,0.038,0.041,0.044,0.046,0.046,,
245340,0.038,0.041,0.044,0.045,0.045,,
245400,0.038,0.041,0.044,0.046,0.047,,
245460,0.039,0.041,0.044,0.047,0.047,,
245520,0.038,0.041,0.043,0.045,0.045,,
245580,0.038,0.040,0.043,0.045,0.045,,
245640,0.037,0.040,0.043,0.044,0.044,,
245700,0.038,0.041,0.043,0.045,0.045,,
245760,0.037,0.040,0.042,0.044,0.044,,
245820,0.038,0.041,0.043,0.045,0.045,,
245880,0.037,0.039,0.042,0.043,0.044,,
245940,0.037,0.040,0.042,0.044,0.045,,
246000,0.036,0.039,0.041,0.043,0.043,,
246060,0.036,0.039,0.041,0.043,0.043,,
246120,0.037,0.040,0.042,0.043,0.043,,
246180,0.037,0.039,0.042,0.044,0.044,,
246240,0.037,0.040,0.042,0.044,0.044,,
246300,0.037,0.039,0.042,0.044,0.044,,
246360,0.036,0.038,0.041,0.042,0.042,,
246420,0.036,0.038,0.040,0.042,0.042,,
246480,0.036,0.038,0.040,0.042,0.042,,
246540,0.035,0.037,0.039,0.041,0.041,,
246600,0.036,0.038,0.040,0.042,0.042,,
246660,0.035,0.038,0.040,0.041,0.041,,
246720,0.035,0.037,0.039,0.040,0.041,,
246780,0.035,0.037,0.039,0.040,0.040,,
246840,0.035,0.037,0.039,0.041,0.041,,
246900,0.034,0.036,0.038,0.040,0.040,,
246960,0.034,0.037,0.038,0.040,0.040,,
247020,0.035,0.037,0.039,0.041,0.041,,
247080,0.034,0.036,0.038,0.039,0.040,,
247140,0.034,0.036,0.038,0.039,0.039,,
247200,0.034,0.036,0.038,0.039,0.040,,
247260,0.035,0.037,0.039,0.040,0.041,,
247320,0.035,0.037,0.038,0.040,0.040,,
247380,0.034,0.036,0.038,0.040,0.040,,
247440,0.034,0.036,0.038,0.039,0.039,,
247500,0.034,0.036,0.038,0.039,0.039,,
247560,0.034,0.036,0.038,0.039,0.040,,
247620,0.034,0.036,0.037,0.038,0.038,,
247680,0.034,0.036,0.037,0.039,0.039,,
247740,0.034,0.036,0.037,0.038,0.038,,
247800,0.033,0.035,0.037,0.038,0.038,,
247860,0.033,0.035,0.037,0.038,0.038,,
247920,0.033,0.035,0.036,0.037,0.037,,
247980,0.033,0.035,0.037,0.037,0.037,,
248040,0.033,0.034,0.036,0.037,0.037,,
248100,0.033,0.034,0.036,0.037,0.037,,
248160,0.032,0.034,0.036,0.037,0.037,,
248220,0.033,0.035,0.037,0.038,0.038,,
248280,0.033,0.035,0.037,0.038,0.038,,
248340,0.032,0.034,0.035,0.036,0.036,,
248400,0.032,0.034,0.035,0.036,0.036,,
248460,0.032,0.034,0.036,0.037,0.037,,
248520,0.032,0.034,0.035,0.036,0.036,,
248580,0.033,0.034,0.036,0.037,0.037,,
248640,0.032,0.034,0.035,0.036,0.036,,
248700,0.032,0.033,0.035,0.036,0.036,,
248760,0.032,0.034,0.035,0.036,0.036,,
248820,0.031,0.033,0.034,0.035,0.035,,
248880,0.032,0.033,0.034,0.035,0.035,,
248940,0.031,0.033,0.034,0.035,0.035,,
249000,0.032,0.033,0.034,0.035,0.035,,
249060,0.031,0.033,0.034,0.034,0.035,,
249120,0.031,0.033,0.034,0.035,0.035,,
249180,0.032,0.033,0.035,0.036,0.036,,
249240,0.030,0.032,0.033,0.034,0.034,,
249300,0.031,0.033,0.034,0.035,0.035,,
249360,0.031,0.032,0.033,0.034,0.034,,
249420,0.030,0.032,0.033,0.034,0.034,,
249480,0.031,0.032,0.033,0.034,0.034,,
249540,0.030,0.032,0.033,0.033,0.033,,
249600,0.030,0.032,0.033,0.034,0.034,,
249660,0.030,0.031,0.032,0.033,0.033,,
249720,0.030,0.031,0.032,0.033,0.033,,
249780,0.030,0.032,0.033,0.034,0.034,,
249840,0.030,0.031,0.033,0.033,0.033,,
249900,0.030,0.032,0.033,0.033,0.033,,
249960,0.030,0.031,0.032,0.033,0.033,,
250020,0.030,0.031,0.033,0.033,0.033,,
250080,0.030,0.031,0.032,0.033,0.033,,
250140,0.030,0.031,0.032,0.033,0.033,,
250200,0.030,0.031,0.032,0.033,0.033,,
250260,0.030,0.031,0.033,0.033,0.033,,
250320,0.030,0.031,0.032,0.032,0.032,,
250380,0.029,0.031,0.032,0.032,0.032,,
250440,0.029,0.030,0.031,0.032,0.032,,
250500,0.029,0.030,0.031,0.032,0.032,,
250560,0.029,0.030,0.031,0.031,0.031,,
250620,0.029,0.031,0.031,0.032,0.032,,
250680,0.029,0.030,0.031,0.031,0.031,,
250740,0.029,0.030,0.031,0.031,0.031,,
250800,0.028,0.030,0.030,0.031,0.031,,
250860,0.029,0.030,0.031,0.032,0.032,,
250920,0.028,0.029,0.030,0.030,0.030,,
250980,0.029,0.030,0.031,0.031,0.031,,
251040,0.028,0.029,0.030,0.031,0.031,,
251100,0.028,0.029,0.030,0.030,0.030,,
251160,0.028,0.029,0.030,0.030,0.030,,
251220,0.028,0.030,0.030,0.031,0.031,,
251280,0.028,0.029,0.030,0.030,0.030,,
251340,0.028,0.029,0.030,0.031,0.031,,
251400,0.028,0.029,0.030,0.030,0.030,,
251460,0.028,0.029,0.030,0.030,0.030,,
251520,0.028,0.029,0.030,0.030,0.030,,
251580,0.028,0.029,0.030,0.030,0.030,,
251640,0.028,0.029,0.030,0.030,0.031,,
251700,0.028,0.029,0.030,0.030,0.030,,
251760,0.042,0.043,0.044,0.045,0.047,,
251820,0.028,0.029,0.030,0.030,0.030,,
251880,0.028,0.029,0.030,0.030,0.030,,
251940,0.028,0.029,0.030,0.030,0.030,,
252000,0.027,0.028,0.029,0.029,0.029,,
252060,0.027,0.028,0.029,0.030,0.030,,
252120,0.027,0.028,0.029,0.029,0.029,,
252180,0.027,0.028,0.029,0.029,0.029,,
252240,0.027,0.028,0.029,0.030,0.030,,
252300,0.027,0.028,0.029,0.029,0.029,,
252360,0.027,0.028,0.029,0.029,0.029,,
252420,0.027,0.028,0.028,0.029,0.029,,
252480,0.027,0.028,0.029,0.029,0.029,,
252540,0.027,0.028,0.028,0.029,0.029,,
252600,0.027,0.028,0.028,0.028,0.028,,
252660,0.027,0.028,0.028,0.028,0.028,,
252720,0.026,0.027,0.027,0.028,0.028,,
252780,0.026,0.027,0.027,0.027,0.027,,
252840,0.026,0.027,0.028,0.028,0.028,,
252900,0.026,0.027,0.028,0.028,0.028,,
252960,0.026,0.027,0.028,0.028,0.029,,
253020,0.026,0.027,0.028,0.028,0.028,,
253080,0.027,0.028,0.029,0.031,0.032,,
253140,0.027,0.028,0.028,0.030,0.031,,
253200,0.027,0.028,0.029,0.031,0.033,,
253260,0.027,0.028,0.029,0.032,0.033,,
253320,0.027,0.028,0.029,0.030,0.030,,
253380,0.027,0.028,0.029,0.031,0.032,,
253440,0.028,0.029,0.030,0.033,0.034,,
253500,0.028,0.029,0.030,0.033,0.034,,
253560,0.030,0.031,0.032,0.038,0.043,,
253620,0.029,0.030,0.031,0.036,0.040,,
253680,0.031,0.033,0.034,0.041,0.045,,
253740,0.033,0.035,0.037,0.048,0.053,,
253800,0.034,0.035,0.038,0.049,0.054,,
253860,0.037,0.039,0.042,0.056,0.064,,
253920,0.036,0.038,0.041,0.056,0.061,,
253980,0.039,0.042,0.046,0.063,0.074,,
254040,0.039,0.041,0.046,0.063,0.070,,
254100,0.037,0.040,0.044,0.062,0.066,,
254160,0.038,0.040,0.044,0.060,0.067,,
254220,0.038,0.040,0.045,0.062,0.067,,
254280,0.040,0.043,0.048,0.065,0.072,,
254340,0.040,0.043,0.047,0.067,0.073,,
254400,0.041,0.044,0.049,0.069,0.075,,
254460,0.042,0.045,0.050,0.071,0.080,,
254520,0.042,0.044,0.050,0.071,0.078,,
254580,0.042,0.045,0.050,0.069,0.076,,
254640,0.039,0.042,0.047,0.065,0.070,,
254700,0.044,0.047,0.053,0.078,0.086,,
254760,0.040,0.043,0.049,0.067,0.072,,
254820,0.040,0.043,0.049,0.066,0.074,,
254880,0.043,0.047,0.053,0.073,0.080,,
254940,0.041,0.044,0.050,0.069,0.074,,
255000,0.041,0.044,0.050,0.071,0.076,,
255060,0.039,0.042,0.047,0.065,0.067,,
255120,0.040,0.043,0.049,0.068,0.073,,
255180,0.040,0.043,0.049,0.068,0.074,,
255240,0.040,0.043,0.048,0.066,0.070,,
255300,0.041,0.045,0.050,0.068,0.074,,
255360,0.041,0.044,0.049,0.069,0.073,,
255420,0.039,0.042,0.048,0.066,0.069,,
255480,0.040,0.043,0.049,0.067,0.068,,
255540,0.040,0.043,0.049,0.067,0.070,,
255600,0.040,0.043,0.049,0.066,0.070,,
255660,0.038,0.042,0.047,0.063,0.067,,
255720,0.040,0.043,0.049,0.066,0.069,,
255780,0.040,0.044,0.050,0.066,0.072,,
255840,0.038,0.041,0.047,0.063,0.065,,
255900,0.038,0.041,0.047,0.064,0.066,,
255960,0.040,0.043,0.048,0.065,0.069,,
256020,0.038,0.041,0.047,0.060,0.062,,
256080,0.038,0.041,0.047,0.062,0.064,,
256140,0.038,0.042,0.047,0.061,0.064,,
256200,0.038,0.041,0.046,0.059,0.061,,
256260,0.037,0.040,0.045,0.058,0.060,,
256320,0.038,0.041,0.047,0.060,0.061,,
256380,0.038,0.041,0.047,0.060,0.063,,
256440,0.038,0.041,0.046,0.061,0.063,,
256500,0.035,0.038,0.043,0.054,0.056,,
256560,0.037,0.040,0.046,0.057,0.059,,
256620,0.037,0.040,0.045,0.056,0.058,,
256680,0.037,0.041,0.046,0.058,0.060,,
256740,0.036,0.039,0.044,0.054,0.056,,
256800,0.036,0.039,0.044,0.055,0.056,,
256860,0.037,0.040,0.046,0.058,0.061,,
256920,0.035,0.038,0.043,0.053,0.055,,
256980,0.036,0.039,0.044,0.054,0.056,,
257040,0.034,0.037,0.042,0.051,0.053,,
257100,0.034,0.037,0.042,0.050,0.051,,
257160,0.035,0.038,0.043,0.052,0.053,,
257220,0.033,0.037,0.041,0.049,0.050,,
257280,0.034,0.037,0.042,0.051,0.053,,
257340,0.033,0.036,0.041,0.051,0.052,,
257400,0.034,0.037,0.042,0.050,0.051,,
257460,0.034,0.037,0.041,0.050,0.050,,
257520,0.034,0.037,0.042,0.050,0.052,,
257580,0.035,0.038,0.042,0.051,0.052,,
257640,0.034,0.037,0.041,0.049,0.050,,
257700,0.032,0.035,0.040,0.047,0.048,,
257760,0.033,0.036,0.041,0.049,0.049,,
257820,0.033,0.036,0.040,0.047,0.048,,
257880,0.033,0.036,0.040,0.048,0.048,,
257940,0.033,0.036,0.041,0.048,0.049,,
258000,0.033,0.036,0.040,0.047,0.048,,
258060,0.033,0.036,0.040,0.047,0.048,,
258120,0.033,0.036,0.040,0.047,0.047,,
258180,0.033,0.036,0.040,0.047,0.049,,
258240,0.033,0.036,0.040,0.048,0.049,,
258300,0.032,0.035,0.039,0.045,0.046,,
258360,0.031,0.034,0.038,0.044,0.045,,
258420,0.032,0.034,0.038,0.044,0.044,,
258480,0.032,0.035,0.039,0.046,0.047,,
258540,0.031,0.034,0.038,0.043,0.043,,
258600,0.030,0.033,0.037,0.041,0.042,,
258660,0.031,0.034,0.037,0.043,0.043,,
258720,0.031,0.033,0.037,0.042,0.042,,
258780,0.030,0.033,0.037,0.041,0.042,,
258840,0.031,0.033,0.037,0.044,0.045,,
258900,0.031,0.033,0.037,0.041,0.042,,
258960,0.030,0.033,0.037,0.042,0.042,,
259020,0.030,0.033,0.036,0.041,0.042,,
259080,0.030,0.032,0.035,0.041,0.041,,
259140,0.030,0.033,0.037,0.041,0.041,,
259200,0.029,0.032,0.035,0.039,0.039,,
259260,0.030,0.033,0.036,0.041,0.042,,
259320,0.029,0.032,0.035,0.039,0.039,,
259380,0.030,0.032,0.035,0.039,0.040,,
259440,0.029,0.031,0.035,0.039,0.039,,
259500,0.029,0.032,0.035,0.039,0.039,,
259560,0.030,0.032,0.036,0.041,0.041,,
259620,0.029,0.031,0.034,0.037,0.038,,
259680,0.029,0.032,0.035,0.038,0.038,,
259740,0.029,0.031,0.035,0.038,0.038,,
259800,0.029,0.031,0.034,0.038,0.039,,
259860,0.028,0.031,0.034,0.037,0.038,,
259920,0.028,0.031,0.033,0.037,0.037,,
259980,0.028,0.031,0.034,0.037,0.037,,
260040,0.028,0.031,0.033,0.037,0.038,,
260100,0.028,0.030,0.033,0.037,0.037,,
260160,0.028,0.030,0.033,0.036,0.037,,
260220,0.027,0.030,0.032,0.035,0.035,,
260280,0.028,0.030,0.033,0.036,0.036,,
260340,0.027,0.030,0.032,0.035,0.035,,
260400,0.028,0.030,0.032,0.036,0.036,,
260460,0.028,0.030,0.033,0.036,0.037,,
260520,0.028,0.030,0.033,0.036,0.036,,
260580,0.027,0.030,0.032,0.035,0.036,,
260640,0.028,0.030,0.032,0.035,0.035,,
260700,0.027,0.029,0.032,0.035,0.035,,
260760,0.027,0.029,0.032,0.034,0.034,,
260820,0.027,0.029,0.032,0.034,0.035,,
260880,0.027,0.029,0.032,0.035,0.035,,
260940,0.027,0.029,0.032,0.035,0.035,,
261000,0.027,0.029,0.032,0.034,0.035,,
261060,0.026,0.028,0.031,0.032,0.033,,
261120,0.027,0.029,0.032,0.034,0.034,,
261180,0.027,0.029,0.031,0.034,0.034,,
261240,0.026,0.028,0.031,0.033,0.033,,
261300,0.026,0.028,0.031,0.033,0.033,,
261360,0.026,0.028,0.031,0.033,0.034,,
261420,0.026,0.028,0.030,0.033,0.033,,
261480,0.026,0.028,0.030,0.032,0.033,,
261540,0.026,0.028,0.030,0.033,0.033,,
261600,0.026,0.028,0.031,0.033,0.033,,
261660,0.026,0.028,0.030,0.032,0.032,,
261720,0.025,0.027,0.029,0.031,0.031,,
261780,0.025,0.027,0.030,0.031,0.031,,
261840,0.026,0.028,0.030,0.032,0.032,,
261900,0.025,0.027,0.029,0.031,0.031,,
261960,0.025,0.027,0.029,0.031,0.031,,
262020,0.025,0.027,0.029,0.031,0.031,,
262080,0.025,0.027,0.029,0.030,0.030,,
262140,0.025,0.027,0.029,0.030,0.031,,
262200,0.025,0.027,0.029,0.031,0.031,,
262260,0.025,0.027,0.028,0.030,0.030,,
262320,0.025,0.027,0.029,0.030,0.030,,
262380,0.025,0.027,0.029,0.031,0.031,,
262440,0.025,0.026,0.028,0.029,0.029,,
262500,0.024,0.026,0.028,0.030,0.030,,
262560,0.024,0.026,0.028,0.029,0.029,,
262620,0.024,0.026,0.028,0.029,0.029,,
262680,0.024,0.026,0.028,0.029,0.029,,
262740,0.024,0.026,0.028,0.029,0.029,,
262800,0.024,0.026,0.028,0.029,0.029,,
262860,0.024,0.026,0.027,0.028,0.028,,
262920,0.024,0.026,0.027,0.028,0.029,,
262980,0.024,0.026,0.027,0.029,0.029,,
263040,0.024,0.026,0.027,0.028,0.028,,
263100,0.024,0.026,0.027,0.029,0.029,,
263160,0.024,0.026,0.027,0.029,0.029,,
263220,0.024,0.025,0.027,0.028,0.028,,
263280,0.024,0.025,0.027,0.028,0.028,,
263340,0.024,0.025,0.027,0.028,0.028,,
263400,0.024,0.026,0.027,0.028,0.028,,
263460,0.024,0.025,0.027,0.028,0.028,,
263520,0.023,0.025,0.026,0.027,0.027,,
263580,0.024,0.025,0.027,0.028,0.028,,
263640,0.023,0.025,0.026,0.027,0.028,,
263700,0.024,0.025,0.027,0.028,0.028,,
263760,0.024,0.025,0.027,0.028,0.028,,
263820,0.024,0.025,0.026,0.027,0.027,,
263880,0.024,0.025,0.027,0.028,0.028,,
263940,0.023,0.024,0.025,0.026,0.026,,
264000,0.023,0.025,0.026,0.027,0.027,,
264060,0.023,0.024,0.025,0.026,0.026,,
264120,0.023,0.025,0.026,0.027,0.027,,
264180,0.023,0.024,0.026,0.027,0.027,,
264240,0.023,0.024,0.025,0.026,0.026,,
264300,0.023,0.025,0.026,0.027,0.027,,
264360,0.023,0.024,0.026,0.027,0.027,,
264420,0.023,0.024,0.025,0.026,0.027,,
264480,0.022,0.023,0.024,0.025,0.025,,
264540,0.022,0.024,0.025,0.025,0.025,,
264600,0.022,0.024,0.025,0.026,0.026,,
264660,0.023,0.024,0.025,0.026,0.026,,
264720,0.023,0.024,0.025,0.026,0.026,,
264780,0.022,0.024,0.025,0.026,0.026,,
264840,0.023,0.024,0.025,0.026,0.026,,
264900,0.022,0.023,0.025,0.025,0.025,,
264960,0.022,0.024,0.025,0.026,0.026,,
265020,0.022,0.023,0.024,0.025,0.025,,
265080,0.022,0.023,0.025,0.025,0.025,,
265140,0.023,0.024,0.025,0.025,0.025,,
265200,0.022,0.023,0.024,0.025,0.025,,
265260,0.022,0.023,0.024,0.025,0.025,,
265320,0.022,0.023,0.024,0.025,0.025,,
265380,0.022,0.024,0.025,0.025,0.025,,
265440,0.022,0.023,0.024,0.024,0.024,,
265500,0.022,0.024,0.025,0.025,0.025,,
265560,0.022,0.023,0.024,0.025,0.025,,
265620,0.022,0.023,0.024,0.025,0.025,,
265680,0.021,0.023,0.023,0.024,0.024,,
265740,0.021,0.022,0.023,0.024,0.024,,
265800,0.021,0.023,0.024,0.024,0.024,,
265860,0.021,0.022,0.023,0.024,0.024,,
265920,0.022,0.023,0.024,0.024,0.024,,
265980,0.021,0.023,0.024,0.024,0.024,,
266040,0.021,0.022,0.023,0.024,0.024,,
266100,0.021,0.022,0.023,0.024,0.024,,
266160,0.022,0.023,0.024,0.024,0.024,,
266220,0.021,0.022,0.023,0.023,0.023,,
266280,0.021,0.022,0.023,0.024,0.024,,
266340,0.021,0.022,0.023,0.023,0.023,,
266400,0.021,0.022,0.023,0.024,0.024,,
266460,0.021,0.022,0.023,0.024,0.024,,
266520,0.021,0.022,0.023,0.023,0.023,,
266580,0.021,0.022,0.023,0.023,0.023,,
266640,0.021,0.022,0.023,0.024,0.024,,
266700,0.021,0.022,0.023,0.023,0.023,,
266760,0.020,0.021,0.022,0.022,0.022,,
266820,0.021,0.022,0.023,0.023,0.023,,
266880,0.021,0.022,0.022,0.023,0.023,,
266940,0.020,0.021,0.022,0.022,0.022,,
267000,0.020,0.021,0.022,0.023,0.023,,
267060,0.021,0.022,0.023,0.023,0.023,,
267120,0.021,0.022,0.022,0.023,0.023,,
267180,0.020,0.021,0.022,0.022,0.023,,
267240,0.021,0.022,0.023,0.023,0.023,,
267300,0.020,0.021,0.022,0.023,0.023,,
267360,0.020,0.021,0.022,0.022,0.022,,
267420,0.020,0.021,0.022,0.023,0.023,,
267480,0.020,0.021,0.022,0.022,0.023,,
267540,0.020,0.021,0.022,0.022,0.022,,
267600,0.020,0.021,0.022,0.022,0.022,,
267660,0.020,0.021,0.022,0.022,0.022,,
267720,0.020,0.021,0.021,0.022,0.022,,
267780,0.020,0.021,0.022,0.022,0.022,,
267840,0.020,0.021,0.022,0.022,0.022,,
267900,0.020,0.021,0.022,0.022,0.022,,
267960,0.020,0.021,0.022,0.022,0.022,,
268020,0.020,0.021,0.021,0.022,0.022,,
268080,0.020,0.021,0.021,0.022,0.022,,
268140,0.020,0.021,0.021,0.021,0.021,,
268200,0.020,0.021,0.021,0.021,0.021,,
268260,0.019,0.020,0.021,0.021,0.021,,
268320,0.020,0.021,0.022,0.022,0.022,,
268380,0.020,0.021,0.021,0.022,0.022,,
268440,0.020,0.021,0.021,0.022,0.022,,
268500,0.020,0.020,0.021,0.021,0.021,,
268560,0.019,0.020,0.021,0.021,0.021,,
268620,0.019,0.020,0.021,0.021,0.021,,
268680,0.020,0.021,0.021,0.021,0.021,,
268740,0.020,0.020,0.021,0.021,0.021,,
268800,0.020,0.020,0.021,0.021,0.021,,
268860,0.020,0.021,0.021,0.021,0.021,,
268920,0.019,0.020,0.021,0.021,0.021,,
268980,0.019,0.020,0.020,0.020,0.020,,
269040,0.019,0.020,0.020,0.021,0.021,,
269100,0.019,0.020,0.020,0.021,0.021,,
269160,0.019,0.020,0.020,0.021,0.021,,
269220,0.019,0.020,0.021,0.021,0.022,,
269280,0.019,0.020,0.021,0.021,0.021,,
269340,0.019,0.020,0.020,0.020,0.020,,
269400,0.019,0.020,0.020,0.020,0.020,,
269460,0.019,0.020,0.020,0.020,0.020,,
269520,0.019,0.020,0.020,0.020,0.020,,
269580,0.019,0.020,0.020,0.020,0.020,,
269640,0.019,0.019,0.020,0.020,0.020,,
269700,0.019,0.020,0.020,0.020,0.020,,
269760,0.019,0.019,0.020,0.020,0.020,,
269820,0.019,0.020,0.020,0.020,0.020,,
269880,0.019,0.020,0.020,0.020,0.020,,
269940,0.019,0.020,0.020,0.020,0.020,,
270000,0.019,0.020,0.020,0.020,0.020,,
270060,0.019,0.020,0.020,0.020,0.020,,
270120,0.019,0.020,0.020,0.020,0.020,,
270180,0.019,0.019,0.020,0.020,0.020,,
270240,0.018,0.019,0.019,0.019,0.019,,
270300,0.018,0.019,0.019,0.020,0.020,,
270360,0.018,0.019,0.020,0.020,0.020,,
270420,0.019,0.019,0.020,0.020,0.020,,
270480,0.018,0.019,0.019,0.020,0.020,,
270540,0.019,0.019,0.020,0.020,0.020,,
270600,0.019,0.019,0.020,0.020,0.020,,
270660,0.018,0.019,0.019,0.020,0.020,,
270720,0.018,0.019,0.019,0.020,0.020,,
270780,0.019,0.019,0.020,0.020,0.020,,
270840,0.018,0.019,0.019,0.019,0.019,,
270900,0.019,0.019,0.020,0.020,0.020,,
270960,0.018,0.019,0.019,0.019,0.019,,
271020,0.018,0.019,0.019,0.019,0.019,,
271080,0.018,0.019,0.019,0.019,0.019,,
271140,0.019,0.019,0.019,0.020,0.020,,
271200,0.019,0.019,0.020,0.020,0.020,,
271260,0.018,0.019,0.019,0.019,0.019,,
271320,0.019,0.019,0.019,0.020,0.020,,
271380,0.018,0.019,0.019,0.019,0.019,,
271440,0.018,0.019,0.019,0.020,0.020,,
271500,0.018,0.019,0.019,0.019,0.019,,
271560,0.018,0.018,0.019,0.019,0.019,,
271620,0.018,0.019,0.019,0.019,0.019,,
271680,0.018,0.019,0.019,0.019,0.019,,
271740,0.018,0.018,0.019,0.019,0.019,,
271800,0.018,0.019,0.019,0.019,0.019,,
271860,0.018,0.018,0.018,0.019,0.019,,
271920,0.018,0.019,0.019,0.019,0.019,,
271980,0.018,0.018,0.019,0.019,0.019,,
272040,0.018,0.018,0.019,0.019,0.019,,
272100,0.018,0.019,0.019,0.019,0.019,,
272160,0.018,0.019,0.019,0.019,0.020,,
272220,0.018,0.019,0.019,0.019,0.019,,
272280,0.018,0.018,0.019,0.019,0.019,,
272340,0.018,0.019,0.019,0.019,0.019,,
272400,0.018,0.018,0.019,0.019,0.019,,
272460,0.018,0.019,0.019,0.019,0.019,,
272520,0.018,0.018,0.019,0.019,0.019,,
272580,0.018,0.018,0.019,0.019,0.019,,
272640,0.018,0.018,0.019,0.019,0.019,,
272700,0.018,0.018,0.019,0.019,0.019,,
272760,0.018,0.018,0.019,0.019,0.019,,
272820,0.018,0.018,0.018,0.019,0.019,,
272880,0.018,0.018,0.019,0.019,0.019,,
272940,0.018,0.018,0.019,0.019,0.019,,
273000,0.018,0.018,0.018,0.018,0.018,,
273060,0.017,0.018,0.018,0.018,0.018,,
273120,0.018,0.018,0.018,0.019,0.019,,
273180,0.018,0.018,0.018,0.018,0.018,,
273240,0.018,0.018,0.018,0.018,0.018,,
273300,0.018,0.018,0.018,0.019,0.019,,
273360,0.018,0.018,0.018,0.018,0.018,,
273420,0.017,0.018,0.018,0.018,0.018,,
273480,0.017,0.018,0.018,0.018,0.018,,
273540,0.018,0.018,0.018,0.018,0.018,,
273600,0.018,0.018,0.018,0.019,0.019,,
273660,0.018,0.018,0.018,0.018,0.018,,
273720,0.017,0.018,0.018,0.018,0.018,,
273780,0.018,0.018,0.018,0.019,0.019,,
273840,0.018,0.019,0.019,0.019,0.019,,
273900,0.017,0.018,0.018,0.018,0.018,,
273960,0.018,0.018,0.018,0.018,0.018,,
274020,0.018,0.018,0.018,0.019,0.019,,
274080,0.017,0.018,0.018,0.018,0.018,,
274140,0.018,0.018,0.018,0.018,0.018,,
274200,0.018,0.018,0.018,0.018,0.018,,
274260,0.018,0.018,0.018,0.018,0.018,,
274320,0.017,0.018,0.018,0.018,0.018,,
274380,0.017,0.018,0.018,0.018,0.018,,
274440,0.018,0.018,0.018,0.018,0.018,,
274500,0.017,0.018,0.018,0.018,0.018,,
274560,0.017,0.018,0.018,0.018,0.018,,
274620,0.017,0.018,0.018,0.018,0.018,,
274680,0.017,0.018,0.018,0.018,0.018,,
274740,0.017,0.018,0.018,0.018,0.018,,
274800,0.017,0.018,0.018,0.018,0.018,,
274860,0.017,0.018,0.018,0.018,0.018,,
274920,0.017,0.018,0.018,0.018,0.018,,
274980,0.017,0.018,0.018,0.018,0.018,,
275040,0.017,0.018,0.018,0.018,0.018,,
275100,0.017,0.017,0.018,0.018,0.018,,
275160,0.017,0.018,0.018,0.018,0.018,,
275220,0.017,0.018,0.018,0.018,0.018,,
275280,0.017,0.017,0.017,0.017,0.017,,
275340,0.017,0.018,0.018,0.018,0.018,,
275400,0.017,0.017,0.018,0.018,0.018,,
275460,0.017,0.018,0.018,0.018,0.018,,
275520,0.017,0.018,0.018,0.018,0.018,,
275580,0.017,0.017,0.018,0.018,0.018,,
275640,0.017,0.018,0.018,0.018,0.018,,
275700,0.017,0.017,0.018,0.018,0.018,,
275760,0.017,0.018,0.018,0.018,0.018,,
275820,0.017,0.017,0.018,0.018,0.018,,
275880,0.017,0.018,0.018,0.018,0.018,,
275940,0.017,0.017,0.018,0.018,0.018,,
276000,0.017,0.017,0.018,0.018,0.018,,
276060,0.017,0.017,0.017,0.017,0.017,,
276120,0.017,0.017,0.018,0.018,0.018,,
276180,0.017,0.017,0.018,0.018,0.018,,
276240,0.017,0.017,0.018,0.018,0.018,,
276300,0.017,0.018,0.018,0.018,0.018,,
276360,0.017,0.017,0.018,0.018,0.018,,
276420,0.017,0.018,0.018,0.018,0.018,,
276480,0.017,0.017,0.017,0.017,0.017,,
276540,0.017,0.017,0.017,0.018,0.018,,
276600,0.017,0.017,0.018,0.018,0.018,,
276660,0.017,0.017,0.017,0.018,0.018,,
276720,0.017,0.017,0.018,0.018,0.018,,
276780,0.017,0.017,0.017,0.017,0.017,,
276840,0.017,0.017,0.017,0.017,0.017,,
276900,0.017,0.017,0.017,0.017,0.017,,
276960,0.017,0.017,0.017,0.017,0.017,,
277020,0.017,0.017,0.017,0.017,0.017,,
277080,0.017,0.017,0.017,0.018,0.018,,
277140,0.017,0.017,0.017,0.018,0.018,,
277200,0.017,0.017,0.017,0.017,0.017,,
277260,0.017,0.017,0.017,0.017,0.017,,
277320,0.017,0.017,0.017,0.017,0.017,,
277380,0.017,0.017,0.017,0.017,0.017,,
277440,0.017,0.017,0.018,0.018,0.018,,
277500,0.017,0.017,0.017,0.017,0.017,,
277560,0.017,0.017,0.017,0.017,0.017,,
277620,0.017,0.017,0.017,0.017,0.017,,
277680,0.017,0.017,0.017,0.018,0.018,,
277740,0.017,0.017,0.017,0.017,0.017,,
277800,0.017,0.017,0.017,0.017,0.017,,
277860,0.017,0.017,0.017,0.017,0.017,,
277920,0.017,0.017,0.017,0.017,0.017,,
277980,0.017,0.017,0.017,0.017,0.017,,
278040,0.017,0.017,0.017,0.017,0.017,,
278100,0.017,0.017,0.017,0.017,0.017,,
278160,0.017,0.017,0.017,0.017,0.017,,
278220,0.017,0.017,0.017,0.017,0.017,,
278280,0.017,0.017,0.017,0.017,0.018,,
278340,0.017,0.017,0.017,0.017,0.017,,
278400,0.017,0.017,0.017,0.017,0.017,,
278460,0.017,0.017,0.017,0.017,0.017,,
278520,0.017,0.017,0.017,0.017,0.017,,
278580,0.016,0.017,0.017,0.017,0.017,,
278640,0.017,0.017,0.017,0.017,0.017,,
278700,0.017,0.017,0.017,0.017,0.017,,
278760,0.017,0.017,0.017,0.017,0.017,,
278820,0.017,0.017,0.017,0.017,0.017,,
278880,0.016,0.017,0.017,0.017,0.017,,
278940,0.016,0.017,0.017,0.017,0.017,,
279000,0.016,0.017,0.017,0.017,0.017,,
279060,0.016,0.017,0.017,0.017,0.017,,
279120,0.016,0.017,0.017,0.017,0.017,,
279180,0.016,0.016,0.016,0.016,0.016,,
279240,0.017,0.017,0.017,0.017,0.017,,
279300,0.016,0.017,0.017,0.017,0.017,,
279360,0.016,0.017,0.017,0.017,0.017,,
279420,0.016,0.016,0.017,0.017,0.017,,
279480,0.016,0.017,0.017,0.017,0.017,,
279540,0.016,0.017,0.017,0.017,0.017,,
279600,0.016,0.017,0.017,0.017,0.017,,
279660,0.016,0.017,0.017,0.017,0.017,,
279720,0.016,0.016,0.017,0.017,0.017,,
279780,0.016,0.016,0.016,0.016,0.016,,
279840,0.016,0.017,0.017,0.017,0.017,,
279900,0.016,0.017,0.017,0.017,0.017,,
279960,0.016,0.017,0.017,0.017,0.017,,
280020,0.016,0.016,0.017,0.017,0.017,,
280080,0.016,0.016,0.017,0.017,0.017,,
280140,0.016,0.016,0.016,0.016,0.016,,
280200,0.016,0.016,0.016,0.016,0.016,,
280260,0.016,0.016,0.016,0.016,0.016,,
280320,0.016,0.016,0.016,0.016,0.016,,
280380,0.016,0.016,0.016,0.016,0.016,,
280440,0.016,0.016,0.016,0.016,0.016,,
280500,0.016,0.016,0.016,0.016,0.016,,
280560,0.016,0.016,0.016,0.016,0.016,,
280620,0.016,0.016,0.016,0.016,0.016,,
280680,0.016,0.016,0.016,0.016,0.016,,
280740,0.016,0.016,0.016,0.016,0.016,,
280800,0.016,0.016,0.016,0.016,0.016,,
280860,0.016,0.016,0.016,0.016,0.016,,
280920,0.016,0.016,0.016,0.016,0.016,,
280980,0.016,0.016,0.016,0.016,0.016,,
281040,0.016,0.016,0.016,0.016,0.016,,
281100,0.016,0.016,0.016,0.016,0.016,,
281160,0.016,0.016,0.016,0.016,0.016,,
281220,0.016,0.016,0.016,0.016,0.016,,
281280,0.016,0.016,0.016,0.016,0.016,,
281340,0.016,0.016,0.016,0.016,0.016,,
281400,0.016,0.016,0.016,0.016,0.016,,
281460,0.015,0.016,0.016,0.016,0.016,,
281520,0.015,0.015,0.015,0.015,0.015,,
281580,0.015,0.015,0.015,0.015,0.015,,
281640,0.015,0.015,0.015,0.015,0.015,,
281700,0.015,0.016,0.016,0.016,0.016,,
281760,0.015,0.015,0.015,0.015,0.015,,
281820,0.015,0.015,0.016,0.016,0.016,,
281880,0.015,0.016,0.016,0.016,0.016,,
281940,0.015,0.015,0.016,0.016,0.016,,
282000,0.015,0.015,0.015,0.015,0.015,,
282060,0.015,0.016,0.016,0.016,0.016,,
282120,0.015,0.015,0.015,0.015,0.015,,
282180,0.015,0.016,0.016,0.016,0.016,,
282240,0.015,0.015,0.015,0.015,0.015,,
282300,0.015,0.015,0.015,0.015,0.015,,
282360,0.015,0.015,0.015,0.016,0.016,,
282420,0.015,0.015,0.015,0.016,0.016,,
282480,0.015,0.016,0.016,0.016,0.016,,
282540,0.015,0.015,0.015,0.015,0.015,,
282600,0.015,0.015,0.015,0.015,0.015,,
282660,0.015,0.015,0.015,0.015,0.015,,
282720,0.015,0.015,0.015,0.015,0.015,,
282780,0.015,0.015,0.015,0.015,0.015,,
282840,0.015,0.015,0.015,0.015,0.015,,
282900,0.015,0.015,0.015,0.015,0.015,,
282960,0.015,0.015,0.015,0.015,0.015,,
283020,0.015,0.015,0.015,0.015,0.015,,
283080,0.015,0.015,0.015,0.015,0.015,,
283140,0.015,0.015,0.015,0.015,0.015,,
283200,0.015,0.015,0.015,0.015,0.015,,
283260,0.015,0.015,0.015,0.015,0.015,,
283320,0.015,0.015,0.015,0.015,0.015,,
283380,0.014,0.014,0.015,0.015,0.015,,
283440,0.014,0.015,0.015,0.015,0.015,,
283500,0.014,0.015,0.015,0.015,0.015,,
283560,0.014,0.014,0.014,0.014,0.014,,
283620,0.014,0.014,0.014,0.014,0.014,,
283680,0.014,0.014,0.015,0.015,0.015,,
283740,0.014,0.015,0.015,0.015,0.015,,
283800,0.014,0.015,0.015,0.015,0.015,,
283860,0.014,0.014,0.014,0.014,0.014,,
283920,0.014,0.014,0.014,0.014,0.014,,
283980,0.014,0.014,0.014,0.014,0.014,,
284040,0.014,0.014,0.014,0.014,0.014,,
284100,0.014,0.014,0.014,0.014,0.014,,
284160,0.014,0.014,0.014,0.014,0.014,,
284220,0.014,0.014,0.014,0.014,0.014,,
284280,0.014,0.014,0.014,0.014,0.014,,
284340,0.014,0.014,0.014,0.014,0.014,,
284400,0.014,0.014,0.014,0.014,0.014,,
284460,0.014,0.014,0.014,0.014,0.014,,
284520,0.014,0.014,0.014,0.014,0.014,,
284580,0.014,0.014,0.014,0.014,0.014,,
284640,0.013,0.014,0.014,0.014,0.014,,
284700,0.014,0.014,0.014,0.014,0.014,,
284760,0.014,0.014,0.014,0.014,0.014,,
284820,0.014,0.014,0.014,0.014,0.014,,
284880,0.013,0.014,0.014,0.014,0.014,,
284940,0.013,0.013,0.014,0.014,0.014,,
285000,0.014,0.014,0.014,0.014,0.014,,
285060,0.014,0.014,0.014,0.014,0.014,,
285120,0.014,0.014,0.014,0.014,0.014,,
285180,0.013,0.013,0.014,0.014,0.014,,
285240,0.013,0.014,0.014,0.014,0.014,,
285300,0.013,0.013,0.014,0.014,0.014,,
285360,0.013,0.013,0.014,0.014,0.014,,
285420,0.013,0.014,0.014,0.014,0.014,,
285480,0.013,0.013,0.013,0.013,0.013,,
285540,0.013,0.013,0.013,0.013,0.013,,
285600,0.013,0.014,0.014,0.014,0.014,,
285660,0.013,0.013,0.013,0.014,0.014,,
285720,0.013,0.013,0.013,0.013,0.013,,
285780,0.013,0.013,0.013,0.013,0.013,,
285840,0.013,0.013,0.013,0.013,0.013,,
285900,0.013,0.013,0.013,0.013,0.014,,
285960,0.013,0.013,0.013,0.013,0.013,,
286020,0.013,0.013,0.013,0.013,0.013,,
286080,0.013,0.013,0.014,0.014,0.014,,
286140,0.013,0.013,0.013,0.013,0.013,,
286200,0.013,0.013,0.013,0.013,0.013,,
286260,0.013,0.013,0.013,0.013,0.013,,
286320,0.013,0.013,0.013,0.013,0.013,,
286380,0.013,0.013,0.013,0.013,0.014,,
286440,0.013,0.013,0.013,0.013,0.013,,
286500,0.013,0.013,0.013,0.013,0.013,,
286560,0.013,0.013,0.013,0.013,0.013,,
286620,0.013,0.013,0.013,0.013,0.013,,
286680,0.013,0.013,0.013,0.013,0.013,,
286740,0.013,0.013,0.013,0.013,0.013,,
286800,0.013,0.013,0.013,0.013,0.013,,
286860,0.013,0.013,0.013,0.013,0.013,,
286920,0.013,0.013,0.013,0.013,0.013,,
286980,0.012,0.013,0.013,0.013,0.013,,
287040,0.013,0.013,0.013,0.013,0.013,,
287100,0.013,0.013,0.013,0.013,0.013,,
287160,0.013,0.013,0.013,0.013,0.013,,
287220,0.012,0.012,0.012,0.012,0.012,,
287280,0.012,0.013,0.013,0.013,0.013,,
287340,0.013,0.013,0.013,0.013,0.013,,
287400,0.013,0.013,0.013,0.013,0.013,,
287460,0.013,0.013,0.013,0.013,0.013,,
287520,0.012,0.012,0.012,0.012,0.012,,
287580,0.012,0.012,0.012,0.012,0.012,,
287640,0.012,0.012,0.012,0.012,0.012,,
287700,0.012,0.013,0.013,0.013,0.013,,
287760,0.012,0.013,0.013,0.013,0.013,,
287820,0.012,0.012,0.012,0.013,0.013,,
287880,0.012,0.013,0.013,0.013,0.013,,
287940,0.012,0.012,0.012,0.012,0.012,,
288000,0.012,0.012,0.012,0.012,0.012,,
288060,0.012,0.012,0.012,0.012,0.012,,
288120,0.012,0.012,0.012,0.012,0.012,,
288180,0.012,0.012,0.012,0.012,0.012,,
288240,0.012,0.012,0.012,0.012,0.012,,
288300,0.012,0.012,0.012,0.012,0.012,,
288360,0.012,0.012,0.012,0.012,0.012,,
288420,0.012,0.012,0.012,0.012,0.012,,
288480,0.012,0.012,0.012,0.012,0.012,,
288540,0.012,0.012,0.012,0.012,0.012,,
288600,0.012,0.012,0.012,0.012,0.012,,
288660,0.012,0.012,0.012,0.012,0.012,,
288720,0.012,0.012,0.012,0.012,0.012,,
288780,0.012,0.012,0.012,0.012,0.012,,
288840,0.012,0.012,0.012,0.012,0.012,,
288900,0.012,0.012,0.012,0.012,0.012,,
288960,0.012,0.012,0.012,0.012,0.012,,
289020,0.012,0.012,0.012,0.012,0.012,,
289080,0.011,0.011,0.012,0.012,0.012,,
289140,0.011,0.012,0.012,0.012,0.012,,
289200,0.011,0.012,0.012,0.012,0.012,,
289260,0.012,0.012,0.012,0.012,0.012,,
289320,0.012,0.012,0.012,0.012,0.012,,
289380,0.011,0.011,0.011,0.012,0.012,,
289440,0.011,0.012,0.012,0.012,0.012,,
289500,0.012,0.012,0.012,0.012,0.012,,
289560,0.012,0.012,0.012,0.012,0.012,,
289620,0.012,0.012,0.012,0.012,0.012,,
289680,0.011,0.012,0.012,0.012,0.012,,
289740,0.011,0.011,0.011,0.011,0.011,,
289800,0.011,0.011,0.012,0.012,0.012,,
289860,0.011,0.011,0.011,0.011,0.011,,
289920,0.011,0.011,0.012,0.012,0.012,,
289980,0.011,0.011,0.011,0.011,0.011,,
290040,0.011,0.011,0.011,0.011,0.012,,
290100,0.011,0.011,0.011,0.011,0.011,,
290160,0.011,0.011,0.011,0.011,0.011,,
290220,0.011,0.011,0.011,0.011,0.011,,
290280,0.011,0.011,0.011,0.011,0.012,,
290340,0.011,0.011,0.011,0.011,0.011,,
290400,0.011,0.011,0.011,0.011,0.011,,
290460,0.011,0.011,0.011,0.011,0.011,,
290520,0.011,0.011,0.011,0.011,0.011,,
290580,0.011,0.011,0.011,0.011,0.011,,
290640,0.011,0.011,0.011,0.012,0.012,,
290700,0.011,0.011,0.011,0.011,0.011,,
290760,0.011,0.011,0.012,0.012,0.012,,
290820,0.011,0.011,0.011,0.011,0.011,,
290880,0.011,0.011,0.011,0.012,0.012,,
290940,0.011,0.011,0.011,0.011,0.011,,
291000,0.011,0.011,0.012,0.012,0.012,,
291060,0.011,0.011,0.011,0.011,0.011,,
291120,0.011,0.011,0.011,0.011,0.011,,
291180,0.011,0.011,0.011,0.011,0.011,,
291240,0.011,0.011,0.011,0.012,0.012,,
291300,0.011,0.011,0.011,0.011,0.011,,
291360,0.011,0.011,0.012,0.012,0.012,,
291420,0.011,0.011,0.011,0.011,0.011,,
291480,0.011,0.012,0.012,0.012,0.012,,
291540,0.011,0.011,0.012,0.012,0.012,,
291600,0.011,0.011,0.011,0.011,0.011,,
291660,0.012,0.012,0.012,0.012,0.012,,
291720,0.011,0.012,0.012,0.012,0.012,,
291780,0.011,0.012,0.012,0.012,0.012,,
291840,0.011,0.011,0.011,0.012,0.012,,
291900,0.011,0.011,0.011,0.012,0.012,,
291960,0.011,0.011,0.012,0.012,0.012,,
292020,0.011,0.012,0.012,0.012,0.012,,
292080,0.011,0.012,0.012,0.012,0.012,,
292140,0.011,0.012,0.012,0.012,0.012,,
292200,0.011,0.012,0.012,0.012,0.012,,
292260,0.011,0.012,0.012,0.012,0.012,,
292320,0.011,0.011,0.012,0.012,0.012,,
292380,0.011,0.011,0.011,0.011,0.011,,
292440,0.011,0.012,0.012,0.012,0.012,,
292500,0.011,0.011,0.011,0.012,0.012,,
292560,0.011,0.011,0.012,0.012,0.012,,
292620,0.011,0.011,0.012,0.012,0.012,,
292680,0.011,0.012,0.012,0.012,0.012,,
292740,0.012,0.012,0.012,0.012,0.012,,
292800,0.011,0.012,0.012,0.012,0.012,,
292860,0.012,0.012,0.012,0.012,0.012,,
292920,0.012,0.012,0.012,0.012,0.012,,
292980,0.011,0.012,0.012,0.012,0.012,,
293040,0.011,0.011,0.011,0.011,0.011,,
293100,0.011,0.012,0.012,0.012,0.012,,
293160,0.011,0.012,0.012,0.012,0.012,,
293220,0.011,0.011,0.012,0.012,0.012,,
293280,0.011,0.012,0.012,0.012,0.012,,
293340,0.011,0.012,0.012,0.012,0.012,,
293400,0.011,0.011,0.012,0.012,0.012,,
293460,0.011,0.012,0.012,0.012,0.012,,
293520,0.011,0.012,0.012,0.012,0.012,,
293580,0.011,0.011,0.011,0.011,0.011,,
293640,0.011,0.011,0.011,0.011,0.011,,
293700,0.011,0.012,0.012,0.012,0.012,,
293760,0.011,0.011,0.012,0.012,0.012,,
293820,0.011,0.011,0.012,0.012,0.012,,
293880,0.011,0.011,0.011,0.011,0.011,,
293940,0.011,0.011,0.011,0.012,0.012,,
294000,0.011,0.011,0.012,0.012,0.012,,
294060,0.011,0.011,0.011,0.011,0.011,,
294120,0.011,0.011,0.012,0.012,0.012,,
294180,0.011,0.011,0.011,0.011,0.011,,
294240,0.011,0.011,0.011,0.011,0.011,,
294300,0.011,0.011,0.011,0.011,0.011,,
294360,0.011,0.011,0.011,0.011,0.011,,
294420,0.011,0.011,0.011,0.011,0.011,,
294480,0.011,0.011,0.011,0.011,0.011,,
294540,0.011,0.011,0.012,0.012,0.012,,
294600,0.011,0.011,0.011,0.011,0.011,,
294660,0.011,0.011,0.011,0.011,0.011,,
294720,0.011,0.011,0.012,0.012,0.012,,
294780,0.011,0.011,0.011,0.011,0.011,,
294840,0.010,0.011,0.011,0.011,0.011,,
294900,0.011,0.011,0.011,0.011,0.011,,
294960,0.011,0.011,0.011,0.011,0.011,,
295020,0.011,0.011,0.011,0.011,0.011,,
295080,0.011,0.011,0.011,0.011,0.011,,
295140,0.011,0.011,0.011,0.011,0.012,,
295200,0.011,0.011,0.011,0.011,0.011,,
295260,0.011,0.011,0.011,0.011,0.011,,
295320,0.011,0.011,0.011,0.011,0.011,,
295380,0.011,0.011,0.011,0.011,0.011,,
295440,0.011,0.011,0.011,0.011,0.011,,
295500,0.011,0.011,0.011,0.011,0.011,,
295560,0.011,0.011,0.011,0.011,0.011,,
295620,0.011,0.011,0.011,0.011,0.011,,
295680,0.011,0.011,0.011,0.011,0.011,,
295740,0.011,0.011,0.011,0.011,0.011,,
295800,0.011,0.011,0.011,0.012,0.012,,
295860,0.011,0.011,0.011,0.011,0.011,,
295920,0.011,0.011,0.011,0.011,0.011,,
295980,0.011,0.011,0.011,0.011,0.011,,
296040,0.011,0.011,0.011,0.011,0.011,,
296100,0.011,0.011,0.011,0.011,0.011,,
296160,0.011,0.011,0.011,0.011,0.011,,
296220,0.011,0.011,0.011,0.011,0.011,,
296280,0.011,0.011,0.011,0.011,0.011,,
296340,0.011,0.011,0.011,0.011,0.011,,
296400,0.011,0.011,0.011,0.011,0.011,,
296460,0.011,0.011,0.011,0.011,0.011,,
296520,0.011,0.011,0.011,0.011,0.011,,
296580,0.011,0.011,0.011,0.011,0.011,,
296640,0.011,0.011,0.011,0.011,0.011,,
296700,0.011,0.011,0.011,0.011,0.011,,
296760,0.011,0.011,0.011,0.011,0.011,,
296820,0.011,0.011,0.011,0.011,0.011,,
296880,0.011,0.011,0.011,0.011,0.011,,
296940,0.011,0.011,0.011,0.011,0.011,,
297000,0.011,0.011,0.011,0.011,0.011,,
297060,0.010,0.011,0.011,0.011,0.011,,
297120,0.011,0.011,0.011,0.011,0.011,,
297180,0.011,0.011,0.011,0.011,0.011,,
297240,0.011,0.011,0.011,0.011,0.011,,
297300,0.011,0.011,0.011,0.011,0.011,,
297360,0.011,0.011,0.011,0.011,0.011,,
297420,0.011,0.011,0.011,0.011,0.011,,
297480,0.011,0.011,0.011,0.011,0.011,,
297540,0.010,0.011,0.011,0.011,0.011,,
297600,0.011,0.011,0.011,0.011,0.011,,
297660,0.010,0.011,0.011,0.011,0.011,,
297720,0.011,0.011,0.011,0.011,0.011,,
297780,0.011,0.011,0.011,0.011,0.011,,
297840,0.011,0.011,0.011,0.011,0.011,,
297900,0.011,0.011,0.011,0.011,0.011,,
297960,0.010,0.011,0.011,0.011,0.011,,
298020,0.010,0.011,0.011,0.011,0.011,,
298080,0.010,0.011,0.011,0.011,0.011,,
298140,0.010,0.011,0.011,0.011,0.011,,
298200,0.010,0.010,0.010,0.011,0.011,,
298260,0.010,0.011,0.011,0.011,0.011,,
298320,0.011,0.011,0.011,0.011,0.011,,
298380,0.010,0.011,0.011,0.011,0.011,,
298440,0.010,0.010,0.011,0.011,0.011,,
298500,0.010,0.011,0.011,0.011,0.011,,
298560,0.010,0.011,0.011,0.011,0.011,,
298620,0.010,0.010,0.010,0.010,0.010,,
298680,0.010,0.010,0.010,0.010,0.010,,
298740,0.010,0.010,0.010,0.011,0.011,,
298800,0.010,0.010,0.010,0.010,0.010,,
298860,0.010,0.011,0.011,0.011,0.011,,
298920,0.010,0.011,0.011,0.011,0.011,,
298980,0.010,0.010,0.010,0.010,0.010,,
299040,0.010,0.010,0.011,0.011,0.011,,
299100,0.010,0.010,0.010,0.011,0.011,,
299160,0.010,0.010,0.010,0.010,0.010,,
299220,0.010,0.010,0.010,0.010,0.010,,
299280,0.010,0.010,0.010,0.010,0.010,,
299340,0.010,0.010,0.010,0.010,0.010,,
299400,0.010,0.010,0.010,0.010,0.010,,
299460,0.010,0.010,0.010,0.010,0.010,,
299520,0.010,0.010,0.010,0.010,0.010,,
299580,0.010,0.010,0.010,0.010,0.010,,
299640,0.010,0.010,0.010,0.010,0.010,,
299700,0.010,0.010,0.010,0.010,0.010,,
299760,0.010,0.010,0.010,0.010,0.010,,
299820,0.010,0.010,0.010,0.010,0.010,,
299880,0.010,0.010,0.010,0.010,0.010,,
299940,0.010,0.010,0.010,0.010,0.010,,
300000,0.010,0.010,0.010,0.010,0.010,,
300060,0.010,0.010,0.010,0.010,0.010,,
300120,0.010,0.010,0.010,0.010,0.010,,
300180,0.010,0.010,0.010,0.010,0.010,,
300240,0.010,0.010,0.010,0.010,0.010,,
300300,0.009,0.010,0.010,0.010,0.010,,
300360,0.010,0.010,0.010,0.010,0.010,,
300420,0.010,0.010,0.010,0.010,0.010,,
300480,0.010,0.010,0.010,0.010,0.010,,
300540,0.009,0.010,0.010,0.010,0.010,,
300600,0.009,0.010,0.010,0.010,0.010,,
300660,0.009,0.009,0.010,0.010,0.010,,
300720,0.009,0.010,0.010,0.010,0.010,,
300780,0.010,0.010,0.010,0.010,0.010,,
300840,0.009,0.009,0.010,0.010,0.010,,
300900,0.009,0.010,0.010,0.010,0.010,,
300960,0.009,0.009,0.009,0.009,0.009,,
301020,0.009,0.009,0.009,0.009,0.009,,
301080,0.009,0.009,0.010,0.010,0.010,,
301140,0.009,0.009,0.009,0.009,0.009,,
301200,0.009,0.009,0.009,0.009,0.009,,
301260,0.009,0.009,0.009,0.009,0.009,,
301320,0.009,0.009,0.009,0.010,0.010,,
301380,0.009,0.009,0.009,0.009,0.009,,
301440,0.009,0.009,0.009,0.009,0.009,,
301500,0.009,0.009,0.009,0.009,0.010,,
301560,0.009,0.009,0.009,0.009,0.009,,
301620,0.009,0.009,0.009,0.009,0.009,,
301680,0.009,0.009,0.009,0.009,0.009,,
301740,0.009,0.009,0.009,0.009,0.009,,
301800,0.009,0.009,0.009,0.009,0.009,,
301860,0.009,0.009,0.009,0.009,0.009,,
301920,0.009,0.009,0.009,0.009,0.009,,
301980,0.009,0.009,0.009,0.009,0.009,,
302040,0.009,0.009,0.009,0.009,0.009,,
302100,0.009,0.009,0.009,0.009,0.009,,
302160,0.009,0.009,0.009,0.009,0.009,,
302220,0.009,0.009,0.009,0.009,0.009,,
302280,0.009,0.009,0.009,0.009,0.009,,
302340,0.009,0.009,0.009,0.009,0.009,,
302400,0.009,0.009,0.009,0.009,0.009,,
302460,0.009,0.009,0.009,0.009,0.009,,
302520,0.009,0.009,0.009,0.009,0.009,,
302580,0.009,0.009,0.009,0.009,0.009,,
302640,0.009,0.009,0.009,0.009,0.009,,
302700,0.009,0.009,0.009,0.009,0.009,,
302760,0.009,0.009,0.009,0.009,0.009,,
302820,0.009,0.009,0.009,0.009,0.009,,
302880,0.009,0.009,0.009,0.009,0.009,,
302940,0.009,0.009,0.009,0.009,0.009,,
303000,0.009,0.009,0.009,0.009,0.009,,
303060,0.009,0.009,0.009,0.009,0.009,,
303120,0.009,0.009,0.009,0.009,0.009,,
303180,0.009,0.009,0.009,0.009,0.009,,
303240,0.009,0.009,0.009,0.009,0.009,,
303300,0.009,0.009,0.009,0.009,0.009,,
303360,0.009,0.009,0.009,0.009,0.009,,
303420,0.009,0.009,0.009,0.009,0.009,,
303480,0.008,0.008,0.008,0.008,0.008,,
303540,0.008,0.009,0.009,0.009,0.009,,
303600,0.009,0.009,0.009,0.009,0.009,,
303660,0.009,0.009,0.009,0.009,0.009,,
303720,0.008,0.009,0.009,0.009,0.009,,
303780,0.009,0.009,0.009,0.009,0.009,,
303840,0.008,0.008,0.008,0.008,0.008,,
303900,0.008,0.008,0.008,0.008,0.008,,
303960,0.008,0.008,0.009,0.009,0.009,,
304020,0.008,0.009,0.009,0.009,0.009,,
304080,0.008,0.009,0.009,0.009,0.009,,
304140,0.008,0.008,0.008,0.008,0.008,,
304200,0.008,0.008,0.008,0.008,0.008,,
304260,0.008,0.008,0.008,0.008,0.008,,
304320,0.008,0.008,0.008,0.008,0.008,,
304380,0.008,0.009,0.009,0.009,0.009,,
304440,0.008,0.008,0.008,0.008,0.008,,
304500,0.008,0.008,0.008,0.008,0.008,,
304560,0.008,0.008,0.008,0.008,0.008,,
304620,0.008,0.008,0.008,0.008,0.008,,
304680,0.008,0.008,0.008,0.008,0.008,,
304740,0.008,0.008,0.008,0.008,0.008,,
304800,0.008,0.008,0.008,0.008,0.008,,
304860,0.008,0.008,0.008,0.008,0.008,,
304920,0.008,0.008,0.008,0.008,0.009,,
304980,0.008,0.008,0.008,0.008,0.008,,
305040,0.008,0.008,0.008,0.008,0.008,,
305100,0.008,0.008,0.008,0.008,0.008,,
305160,0.008,0.008,0.008,0.008,0.008,,
305220,0.008,0.008,0.008,0.008,0.008,,
305280,0.008,0.008,0.008,0.008,0.008,,
305340,0.008,0.008,0.008,0.008,0.008,,
305400,0.008,0.008,0.008,0.008,0.008,,
305460,0.008,0.008,0.008,0.008,0.008,,
305520,0.008,0.008,0.008,0.008,0.008,,
305580,0.008,0.008,0.008,0.008,0.008,,
305640,0.008,0.008,0.008,0.008,0.008,,
305700,0.008,0.008,0.008,0.008,0.008,,
305760,0.008,0.008,0.008,0.008,0.008,,
305820,0.008,0.008,0.008,0.008,0.008,,
305880,0.008,0.008,0.008,0.008,0.008,,
305940,0.008,0.008,0.008,0.008,0.008,,
306000,0.008,0.008,0.008,0.008,0.008,,
306060,0.008,0.008,0.008,0.008,0.008,,
306120,0.008,0.008,0.008,0.008,0.008,,
306180,0.008,0.008,0.008,0.008,0.008,,
306240,0.008,0.008,0.008,0.008,0.008,,
306300,0.008,0.008,0.008,0.008,0.008,,
306360,0.007,0.008,0.008,0.008,0.008,,
306420,0.008,0.008,0.008,0.008,0.008,,
306480,0.008,0.008,0.008,0.008,0.008,,
306540,0.008,0.008,0.008,0.008,0.008,,
306600,0.008,0.008,0.008,0.008,0.008,,
306660,0.008,0.008,0.008,0.008,0.008,,
306720,0.008,0.008,0.008,0.008,0.008,,
306780,0.007,0.008,0.008,0.008,0.008,,
306840,0.007,0.008,0.008,0.008,0.008,,
306900,0.007,0.007,0.008,0.008,0.008,,
306960,0.008,0.008,0.008,0.008,0.008,,
307020,0.008,0.008,0.008,0.008,0.008,,
307080,0.007,0.007,0.008,0.008,0.008,,
307140,0.007,0.008,0.008,0.008,0.008,,
307200,0.007,0.007,0.007,0.007,0.007,,
307260,0.007,0.007,0.008,0.008,0.008,,
307320,0.007,0.007,0.007,0.007,0.007,,
307380,0.007,0.007,0.008,0.008,0.008,,
307440,0.007,0.007,0.007,0.007,0.007,,
307500,0.007,0.007,0.007,0.007,0.007,,
307560,0.007,0.007,0.007,0.007,0.007,,
307620,0.007,0.007,0.007,0.007,0.007,,
307680,0.007,0.007,0.007,0.007,0.007,,
307740,0.007,0.007,0.007,0.007,0.007,,
307800,0.007,0.007,0.007,0.007,0.007,,
307860,0.007,0.007,0.007,0.007,0.007,,
307920,0.007,0.007,0.007,0.007,0.007,,
307980,0.007,0.007,0.007,0.007,0.007,,
308040,0.007,0.007,0.007,0.007,0.007,,
308100,0.007,0.007,0.007,0.007,0.007,,
308160,0.007,0.007,0.007,0.007,0.007,,
308220,0.007,0.007,0.007,0.007,0.007,,
308280,0.007,0.007,0.007,0.007,0.007,,
308340,0.007,0.007,0.007,0.007,0.007,,
308400,0.007,0.007,0.007,0.007,0.007,,
308460,0.007,0.007,0.007,0.007,0.007,,
308520,0.007,0.007,0.007,0.007,0.007,,
308580,0.007,0.007,0.007,0.007,0.007,,
308640,0.007,0.007,0.007,0.007,0.007,,
308700,0.007,0.007,0.007,0.007,0.007,,
308760,0.007,0.007,0.007,0.007,0.007,,
308820,0.007,0.007,0.007,0.007,0.007,,
308880,0.007,0.007,0.007,0.007,0.007,,
308940,0.007,0.007,0.007,0.007,0.007,,
309000,0.007,0.007,0.007,0.007,0.007,,
309060,0.007,0.007,0.007,0.007,0.007,,
309120,0.007,0.007,0.007,0.007,0.007,,
309180,0.007,0.007,0.007,0.007,0.007,,
309240,0.007,0.007,0.007,0.007,0.007,,
309300,0.007,0.007,0.007,0.007,0.007,,
309360,0.007,0.007,0.007,0.007,0.007,,
309420,0.007,0.007,0.007,0.007,0.007,,
309480,0.007,0.007,0.007,0.007,0.007,,
309540,0.007,0.007,0.007,0.007,0.007,,
309600,0.007,0.007,0.007,0.007,0.007,,
309660,0.007,0.007,0.007,0.007,0.007,,
309720,0.007,0.007,0.007,0.007,0.007,,
309780,0.007,0.007,0.007,0.007,0.007,,
309840,0.007,0.007,0.007,0.007,0.007,,
309900,0.007,0.007,0.007,0.007,0.007,,
309960,0.007,0.007,0.007,0.007,0.007,,
310020,0.007,0.007,0.007,0.007,0.007,,
310080,0.007,0.007,0.007,0.007,0.007,,
310140,0.007,0.007,0.007,0.007,0.007,,
310200,0.007,0.007,0.007,0.007,0.007,,
310260,0.007,0.007,0.007,0.007,0.007,,
310320,0.007,0.007,0.007,0.007,0.007,,
310380,0.007,0.007,0.007,0.007,0.007,,
310440,0.007,0.007,0.007,0.007,0.007,,
310500,0.007,0.007,0.007,0.007,0.007,,
310560,0.007,0.007,0.007,0.007,0.007,,
310620,0.007,0.007,0.007,0.007,0.007,,
310680,0.007,0.007,0.007,0.007,0.007,,
310740,0.007,0.007,0.007,0.007,0.007,,
310800,0.007,0.007,0.007,0.007,0.008,,
310860,0.007,0.007,0.007,0.008,0.008,,
310920,0.007,0.007,0.007,0.008,0.008,,
310980,0.007,0.007,0.007,0.008,0.008,,
311040,0.007,0.007,0.007,0.008,0.009,,
311100,0.008,0.008,0.008,0.009,0.009,,
311160,0.008,0.008,0.008,0.009,0.010,,
311220,0.007,0.007,0.007,0.008,0.008,,
311280,0.007,0.007,0.007,0.008,0.008,,
311340,0.007,0.007,0.007,0.008,0.008,,
311400,0.007,0.007,0.008,0.008,0.009,,
311460,0.007,0.007,0.007,0.008,0.008,,
311520,0.007,0.007,0.007,0.008,0.009,,
311580,0.007,0.007,0.008,0.009,0.009,,
311640,0.007,0.007,0.007,0.008,0.010,,
311700,0.007,0.007,0.008,0.008,0.009,,
311760,0.008,0.008,0.008,0.009,0.010,,
311820,0.007,0.007,0.008,0.008,0.008,,
311880,0.007,0.007,0.007,0.008,0.009,,
311940,0.007,0.007,0.007,0.007,0.008,,
312000,0.007,0.007,0.007,0.008,0.008,,
312060,0.007,0.007,0.007,0.008,0.008,,
312120,0.007,0.007,0.007,0.008,0.008,,
312180,0.007,0.007,0.008,0.009,0.009,,
312240,0.007,0.007,0.008,0.008,0.009,,
312300,0.007,0.008,0.008,0.010,0.010,,
312360,0.008,0.008,0.008,0.009,0.010,,
312420,0.008,0.008,0.008,0.010,0.011,,
312480,0.007,0.008,0.008,0.009,0.010,,
312540,0.008,0.008,0.008,0.010,0.011,,
312600,0.008,0.008,0.008,0.010,0.011,,
312660,0.008,0.008,0.009,0.011,0.011,,
312720,0.009,0.009,0.009,0.011,0.012,,
312780,0.008,0.008,0.008,0.010,0.010,,
312840,0.008,0.008,0.009,0.011,0.012,,
312900,0.008,0.008,0.008,0.010,0.010,,
312960,0.008,0.008,0.008,0.010,0.010,,
313020,0.007,0.008,0.008,0.009,0.009,,
313080,0.008,0.008,0.008,0.009,0.010,,
313140,0.008,0.008,0.008,0.010,0.011,,
313200,0.007,0.008,0.008,0.009,0.009,,
313260,0.008,0.008,0.008,0.010,0.010,,
313320,0.007,0.008,0.008,0.010,0.010,,
313380,0.008,0.008,0.009,0.010,0.012,,
313440,0.008,0.008,0.008,0.009,0.010,,
313500,0.008,0.008,0.008,0.010,0.011,,
313560,0.008,0.008,0.008,0.010,0.010,,
313620,0.008,0.008,0.008,0.010,0.011,,
313680,0.008,0.008,0.008,0.009,0.010,,
313740,0.008,0.008,0.008,0.009,0.009,,
313800,0.008,0.008,0.008,0.009,0.010,,
313860,0.007,0.008,0.008,0.009,0.009,,
313920,0.008,0.008,0.008,0.009,0.009,,
313980,0.007,0.008,0.008,0.009,0.009,,
314040,0.008,0.008,0.008,0.010,0.010,,
314100,0.008,0.008,0.008,0.010,0.010,,
314160,0.008,0.008,0.008,0.009,0.010,,
314220,0.007,0.007,0.008,0.008,0.008,,
314280,0.008,0.008,0.008,0.010,0.010,,
314340,0.008,0.008,0.008,0.009,0.009,,
314400,0.008,0.008,0.008,0.009,0.009,,
314460,0.007,0.007,0.008,0.008,0.009,,
314520,0.008,0.008,0.008,0.009,0.009,,
314580,0.008,0.008,0.008,0.010,0.010,,
314640,0.008,0.008,0.009,0.010,0.012,,
314700,0.008,0.008,0.008,0.009,0.009,,
314760,0.007,0.008,0.008,0.009,0.009,,
314820,0.008,0.008,0.008,0.009,0.010,,
314880,0.008,0.008,0.008,0.009,0.010,,
314940,0.007,0.008,0.008,0.009,0.009,,
315000,0.008,0.008,0.008,0.009,0.009,,
315060,0.007,0.008,0.008,0.009,0.009,,
315120,0.008,0.008,0.008,0.009,0.009,,
315180,0.008,0.008,0.008,0.010,0.011,,
315240,0.007,0.008,0.008,0.009,0.009,,
315300,0.007,0.007,0.008,0.008,0.008,,
315360,0.007,0.008,0.008,0.009,0.009,,
315420,0.008,0.008,0.008,0.009,0.010,,
315480,0.008,0.008,0.008,0.009,0.009,,
315540,0.007,0.008,0.008,0.009,0.009,,
315600,0.008,0.008,0.008,0.009,0.010,,
315660,0.007,0.007,0.008,0.009,0.009,,
315720,0.009,0.009,0.010,0.012,0.014,,
315780,0.009,0.009,0.009,0.011,0.014,,
315840,0.008,0.008,0.008,0.010,0.011,,
315900,0.009,0.009,0.010,0.012,0.013,,
315960,0.007,0.008,0.008,0.009,0.010,,
316020,0.008,0.009,0.009,0.010,0.012,,
316080,0.008,0.008,0.008,0.009,0.011,,
316140,0.008,0.009,0.009,0.011,0.014,,
316200,0.008,0.008,0.009,0.012,0.014,,
316260,0.009,0.010,0.010,0.015,0.018,,
316320,0.011,0.011,0.013,0.019,0.024,,
316380,0.014,0.015,0.016,0.029,0.038,,
316440,0.017,0.017,0.020,0.036,0.045,,
316500,0.015,0.016,0.018,0.031,0.040,,
316560,0.020,0.021,0.024,0.040,0.056,,
316620,0.024,0.025,0.029,0.053,0.074,,
316680,0.052,0.054,0.061,0.116,0.168,,
316740,0.063,0.066,0.075,0.153,0.227,,
316800,0.047,0.049,0.057,0.111,0.157,,
316860,0.051,0.053,0.061,0.120,0.172,,
316920,0.073,0.078,0.091,0.188,0.263,,
316980,0.073,0.077,0.087,0.171,0.261,,
317040,0.076,0.080,0.091,0.182,0.271,,
317100,0.056,0.060,0.069,0.137,0.192,,
317160,0.067,0.071,0.082,0.157,0.220,,
317220,0.069,0.073,0.085,0.165,0.251,,
317280,0.061,0.065,0.076,0.146,0.213,,
317340,0.054,0.058,0.068,0.130,0.184,,
317400,0.058,0.062,0.072,0.128,0.197,,
317460,0.054,0.058,0.067,0.127,0.185,,
317520,0.051,0.054,0.064,0.120,0.170,,
317580,0.056,0.059,0.070,0.125,0.177,,
317640,0.051,0.055,0.064,0.120,0.161,,
317700,0.064,0.067,0.078,0.140,0.204,,
317760,0.052,0.055,0.063,0.112,0.158,,
317820,0.053,0.056,0.065,0.117,0.169,,
317880,0.047,0.050,0.057,0.100,0.135,,
317940,0.045,0.048,0.055,0.097,0.136,,
318000,0.045,0.048,0.056,0.096,0.139,,
318060,0.045,0.048,0.056,0.098,0.149,,
318120,0.048,0.050,0.058,0.098,0.148,,
318180,0.041,0.044,0.051,0.087,0.132,,
318240,0.039,0.042,0.048,0.084,0.121,,
318300,0.039,0.041,0.048,0.083,0.121,,
318360,0.038,0.040,0.046,0.078,0.112,,
318420,0.033,0.035,0.041,0.069,0.100,,
318480,0.033,0.035,0.040,0.065,0.092,,
318540,0.030,0.032,0.037,0.061,0.081,,
318600,0.029,0.032,0.037,0.059,0.080,,
318660,0.026,0.028,0.033,0.054,0.072,,
318720,0.027,0.029,0.034,0.053,0.072,,
318780,0.033,0.036,0.041,0.062,0.087,,
318840,0.026,0.028,0.032,0.053,0.070,,
318900,0.027,0.029,0.033,0.052,0.068,,
318960,0.030,0.032,0.036,0.056,0.078,,
319020,0.025,0.027,0.032,0.049,0.071,,
319080,0.027,0.029,0.033,0.052,0.074,,
319140,0.025,0.027,0.031,0.047,0.068,,
319200,0.031,0.033,0.037,0.057,0.084,,
319260,0.033,0.035,0.039,0.057,0.090,,
319320,0.031,0.032,0.037,0.056,0.088,,
319380,0.027,0.028,0.033,0.048,0.070,,
319440,0.029,0.030,0.035,0.053,0.074,,
319500,0.028,0.030,0.034,0.052,0.082,,
319560,0.030,0.031,0.035,0.053,0.082,,
319620,0.028,0.029,0.033,0.050,0.076,,
319680,0.024,0.026,0.029,0.043,0.064,,
319740,0.024,0.025,0.029,0.044,0.064,,
319800,0.026,0.028,0.031,0.047,0.070,,
319860,0.025,0.026,0.030,0.043,0.066,,
319920,0.022,0.024,0.027,0.042,0.063,,
319980,0.021,0.022,0.025,0.036,0.053,,
320040,0.021,0.023,0.025,0.035,0.049,,
320100,0.020,0.021,0.024,0.034,0.049,,
320160,0.020,0.021,0.024,0.035,0.047,,
320220,0.019,0.020,0.023,0.033,0.044,,
320280,0.019,0.021,0.023,0.033,0.047,,
320340,0.018,0.020,0.022,0.032,0.045,,
320400,0.020,0.021,0.024,0.035,0.048,,
320460,0.018,0.019,0.022,0.030,0.042,,
320520,0.017,0.019,0.021,0.029,0.038,,
320580,0.017,0.018,0.020,0.028,0.038,,
320640,0.018,0.019,0.021,0.030,0.043,,
320700,0.017,0.019,0.021,0.030,0.041,,
320760,0.019,0.020,0.023,0.031,0.042,,
320820,0.021,0.022,0.024,0.035,0.052,,
320880,0.019,0.020,0.023,0.032,0.047,,
320940,0.020,0.021,0.024,0.034,0.046,,
321000,0.019,0.020,0.022,0.031,0.043,,
321060,0.017,0.018,0.020,0.028,0.038,,
321120,0.020,0.021,0.023,0.032,0.044,,
321180,0.019,0.020,0.022,0.031,0.044,,
321240,0.020,0.021,0.023,0.033,0.046,,
321300,0.022,0.023,0.025,0.037,0.054,,
321360,0.022,0.023,0.025,0.035,0.053,,
321420,0.019,0.020,0.022,0.031,0.046,,
321480,0.019,0.020,0.022,0.029,0.045,,
321540,0.021,0.022,0.024,0.034,0.051,,
321600,0.019,0.020,0.022,0.030,0.048,,
321660,0.019,0.020,0.022,0.030,0.043,,
321720,0.019,0.020,0.022,0.032,0.053,,
321780,0.020,0.021,0.023,0.032,0.051,,
321840,0.020,0.021,0.024,0.034,0.051,,
321900,0.017,0.018,0.020,0.029,0.042,,
321960,0.019,0.020,0.022,0.028,0.040,,
322020,0.017,0.018,0.020,0.026,0.039,,
322080,0.020,0.021,0.022,0.031,0.049,,
322140,0.018,0.019,0.021,0.027,0.042,,
322200,0.018,0.019,0.021,0.029,0.045,,
322260,0.020,0.021,0.023,0.030,0.052,,
322320,0.024,0.025,0.027,0.038,0.059,,
322380,0.035,0.036,0.039,0.057,0.098,,
322440,0.042,0.043,0.047,0.080,0.137,,
322500,0.038,0.039,0.044,0.075,0.121,,
322560,0.032,0.033,0.037,0.062,0.094,,
322620,0.031,0.032,0.036,0.061,0.091,,
322680,0.027,0.029,0.032,0.053,0.079,,
322740,0.029,0.031,0.034,0.055,0.078,,
322800,0.027,0.029,0.032,0.053,0.078,,
322860,0.030,0.031,0.035,0.056,0.084,,
322920,0.033,0.035,0.039,0.061,0.097,,
322980,0.035,0.036,0.040,0.067,0.105,,
323040,0.034,0.035,0.039,0.063,0.102,,
323100,0.030,0.031,0.035,0.057,0.090,,
323160,0.030,0.032,0.036,0.058,0.089,,
323220,0.029,0.030,0.034,0.054,0.083,,
323280,0.033,0.034,0.037,0.056,0.090,,
323340,0.028,0.029,0.033,0.053,0.088,,
323400,0.032,0.033,0.036,0.059,0.092,,
323460,0.034,0.036,0.040,0.060,0.100,,
323520,0.038,0.039,0.043,0.068,0.115,,
323580,0.033,0.034,0.038,0.060,0.100,,
323640,0.033,0.034,0.038,0.056,0.088,,
323700,0.032,0.034,0.037,0.055,0.088,,
323760,0.048,0.050,0.054,0.083,0.144,,
323820,0.039,0.041,0.045,0.073,0.127,,
323880,0.038,0.040,0.044,0.071,0.119,,
323940,0.034,0.035,0.039,0.061,0.096,,
324000,0.035,0.037,0.041,0.065,0.105,,
324060,0.035,0.037,0.041,0.066,0.111,,
324120,0.033,0.035,0.039,0.061,0.098,,
324180,0.037,0.039,0.043,0.068,0.114,,
324240,0.032,0.034,0.038,0.061,0.095,,
324300,0.039,0.040,0.045,0.070,0.113,,
324360,0.037,0.040,0.045,0.071,0.113,,
324420,0.039,0.041,0.046,0.074,0.120,,
324480,0.043,0.045,0.050,0.077,0.128,,
324540,0.037,0.039,0.044,0.072,0.121,,
324600,0.042,0.045,0.049,0.081,0.129,,
324660,0.038,0.040,0.045,0.075,0.118,,
324720,0.037,0.040,0.045,0.073,0.116,,
324780,0.031,0.033,0.038,0.064,0.095,,
324840,0.036,0.038,0.043,0.066,0.102,,
324900,0.035,0.037,0.042,0.064,0.096,,
324960,0.032,0.034,0.039,0.064,0.089,,
325020,0.029,0.031,0.036,0.056,0.080,,
325080,0.028,0.030,0.034,0.053,0.078,,
325140,0.028,0.030,0.034,0.051,0.073,,
325200,0.027,0.029,0.033,0.049,0.074,,
325260,0.027,0.029,0.033,0.051,0.069,,
325320,0.025,0.027,0.031,0.046,0.062,,
325380,0.023,0.025,0.029,0.044,0.063,,
325440,0.025,0.027,0.031,0.046,0.064,,
325500,0.023,0.025,0.028,0.042,0.062,,
325560,0.021,0.022,0.026,0.042,0.053,,
325620,0.021,0.023,0.027,0.042,0.056,,
325680,0.022,0.024,0.027,0.040,0.054,,
325740,0.025,0.026,0.030,0.045,0.062,,
325800,0.021,0.023,0.026,0.037,0.053,,
325860,0.020,0.022,0.025,0.037,0.046,,
325920,0.023,0.024,0.028,0.040,0.055,,
325980,0.022,0.023,0.027,0.039,0.051,,
326040,0.021,0.023,0.026,0.038,0.051,,
326100,0.022,0.023,0.026,0.039,0.055,,
326160,0.020,0.022,0.025,0.035,0.047,,
326220,0.020,0.021,0.024,0.033,0.047,,
326280,0.023,0.025,0.028,0.041,0.060,,
326340,0.026,0.028,0.031,0.045,0.069,,
326400,0.026,0.027,0.031,0.047,0.071,,
326460,0.024,0.025,0.029,0.041,0.064,,
326520,0.026,0.028,0.031,0.043,0.066,,
326580,0.025,0.027,0.031,0.044,0.065,,
326640,0.023,0.025,0.028,0.043,0.063,,
326700,0.025,0.027,0.030,0.045,0.069,,
326760,0.024,0.026,0.030,0.044,0.064,,
326820,0.025,0.027,0.031,0.045,0.065,,
326880,0.025,0.026,0.030,0.042,0.058,,
326940,0.023,0.024,0.028,0.039,0.056,,
327000,0.025,0.027,0.031,0.043,0.062,,
327060,0.024,0.025,0.029,0.044,0.065,,
327120,0.026,0.028,0.031,0.043,0.067,,
327180,0.025,0.027,0.030,0.043,0.063,,
327240,0.028,0.029,0.033,0.045,0.066,,
327300,0.025,0.027,0.031,0.044,0.067,,
327360,0.026,0.027,0.030,0.043,0.064,,
327420,0.028,0.030,0.033,0.046,0.069,,
327480,0.024,0.026,0.029,0.043,0.060,,
327540,0.029,0.031,0.034,0.050,0.080,,
327600,0.024,0.026,0.029,0.044,0.067,,
327660,0.025,0.027,0.030,0.045,0.062,,
327720,0.023,0.025,0.028,0.041,0.056,,
327780,0.026,0.027,0.031,0.044,0.068,,
327840,0.029,0.031,0.035,0.050,0.079,,
327900,0.029,0.031,0.035,0.050,0.077,,
327960,0.027,0.030,0.033,0.045,0.075,,
328020,0.029,0.031,0.034,0.048,0.073,,
328080,0.028,0.030,0.034,0.051,0.074,,
328140,0.025,0.028,0.031,0.047,0.068,,
328200,0.030,0.033,0.036,0.051,0.079,,
328260,0.024,0.027,0.030,0.042,0.058,,
328320,0.026,0.028,0.031,0.043,0.064,,
328380,0.022,0.024,0.027,0.039,0.056,,
328440,0.023,0.025,0.028,0.038,0.053,,
328500,0.023,0.025,0.028,0.038,0.052,,
328560,0.023,0.025,0.028,0.041,0.053,,
328620,0.021,0.023,0.026,0.036,0.046,,
328680,0.024,0.026,0.029,0.039,0.051,,
328740,0.023,0.025,0.029,0.041,0.053,,
328800,0.025,0.028,0.031,0.043,0.058,,
328860,0.028,0.030,0.033,0.045,0.067,,
328920,0.026,0.028,0.032,0.043,0.067,,
328980,0.030,0.033,0.035,0.050,0.073,,
329040,0.025,0.027,0.030,0.043,0.061,,
329100,0.028,0.030,0.034,0.048,0.074,,
329160,0.029,0.031,0.035,0.050,0.079,,
329220,0.030,0.032,0.036,0.049,0.079,,
329280,0.030,0.032,0.036,0.052,0.077,,
329340,0.032,0.035,0.039,0.058,0.094,,
329400,0.035,0.038,0.042,0.064,0.095,,
329460,0.041,0.044,0.050,0.082,0.117,,
329520,0.045,0.049,0.057,0.097,0.138,,
329580,0.050,0.054,0.064,0.107,0.152,,
329640,0.056,0.060,0.072,0.126,0.167,,
329700,0.054,0.059,0.069,0.122,0.164,,
329760,0.065,0.071,0.084,0.149,0.197,,
329820,0.064,0.069,0.081,0.139,0.186,,
329880,0.059,0.064,0.076,0.134,0.182,,
329940,0.055,0.060,0.072,0.127,0.159,,
330000,0.055,0.060,0.071,0.127,0.174,,
330060,0.063,0.068,0.080,0.139,0.189,,
330120,0.058,0.063,0.074,0.126,0.169,,
330180,0.068,0.073,0.084,0.144,0.193,,
330240,0.064,0.069,0.080,0.135,0.188,,
330300,0.080,0.086,0.100,0.177,0.253,,
330360,0.071,0.077,0.089,0.156,0.212,,
330420,0.067,0.074,0.087,0.151,0.195,,
330480,0.071,0.078,0.092,0.160,0.206,,
330540,0.075,0.082,0.097,0.169,0.226,,
330600,0.073,0.079,0.093,0.161,0.223,,
330660,0.065,0.071,0.085,0.149,0.186,,
330720,0.070,0.076,0.090,0.159,0.215,,
330780,0.069,0.075,0.088,0.155,0.209,,
330840,0.063,0.068,0.082,0.146,0.188,,
330900,0.060,0.066,0.078,0.133,0.169,,
330960,0.067,0.073,0.086,0.146,0.197,,
331020,0.072,0.078,0.092,0.158,0.222,,
331080,0.075,0.081,0.095,0.165,0.234,,
331140,0.073,0.079,0.092,0.161,0.231,,
331200,0.091,0.098,0.114,0.210,0.301,,
331260,0.092,0.098,0.114,0.209,0.297,,
331320,0.095,0.102,0.119,0.219,0.307,,
331380,0.101,0.109,0.127,0.234,0.335,,
331440,0.093,0.101,0.119,0.220,0.292,,
331500,0.092,0.101,0.120,0.217,0.293,,
331560,0.100,0.108,0.129,0.234,0.336,,
331620,0.100,0.109,0.128,0.236,0.331,,
331680,0.092,0.100,0.120,0.208,0.291,,
331740,0.082,0.090,0.108,0.185,0.254,,
331800,0.085,0.093,0.111,0.188,0.255,,
331860,0.076,0.083,0.098,0.161,0.213,,
331920,0.071,0.079,0.093,0.156,0.211,,
331980,0.069,0.075,0.090,0.149,0.188,,
332040,0.068,0.075,0.088,0.144,0.186,,
332100,0.068,0.075,0.088,0.136,0.169,,
332160,0.061,0.067,0.079,0.123,0.159,,
332220,0.058,0.064,0.076,0.120,0.151,,
332280,0.060,0.066,0.078,0.126,0.157,,
332340,0.057,0.063,0.074,0.114,0.143,,
332400,0.054,0.061,0.072,0.108,0.132,,
332460,0.055,0.061,0.072,0.109,0.134,,
332520,0.059,0.065,0.077,0.117,0.153,,
332580,0.062,0.069,0.081,0.127,0.164,,
332640,0.061,0.068,0.080,0.124,0.159,,
332700,0.062,0.068,0.080,0.121,0.159,,
332760,0.058,0.064,0.075,0.117,0.148,,
332820,0.064,0.070,0.082,0.126,0.173,,
332880,0.054,0.061,0.071,0.109,0.140,,
332940,0.059,0.065,0.077,0.121,0.154,,
333000,0.065,0.071,0.084,0.137,0.177,,
333060,0.073,0.080,0.093,0.159,0.221,,
333120,0.082,0.089,0.103,0.188,0.258,,
333180,0.077,0.084,0.098,0.179,0.238,,
333240,0.076,0.082,0.096,0.164,0.222,,
333300,0.072,0.078,0.090,0.152,0.200,,
333360,0.068,0.075,0.088,0.149,0.197,,
333420,0.064,0.071,0.083,0.148,0.190,,
333480,0.067,0.074,0.087,0.148,0.183,,
333540,0.073,0.079,0.093,0.156,0.200,,
333600,0.065,0.071,0.084,0.141,0.178,,
333660,0.069,0.076,0.090,0.154,0.194,,
333720,0.077,0.084,0.099,0.170,0.221,,
333780,0.068,0.074,0.089,0.147,0.191,,
333840,0.071,0.078,0.092,0.153,0.202,,
333900,0.064,0.071,0.085,0.136,0.175,,
333960,0.063,0.070,0.083,0.136,0.172,,
334020,0.062,0.069,0.083,0.135,0.170,,
334080,0.063,0.069,0.083,0.127,0.168,,
334140,0.061,0.068,0.081,0.129,0.163,,
334200,0.060,0.067,0.080,0.125,0.153,,
334260,0.058,0.065,0.078,0.123,0.158,,
334320,0.059,0.066,0.078,0.124,0.158,,
334380,0.057,0.064,0.077,0.123,0.153,,
334440,0.060,0.066,0.078,0.124,0.160,,
334500,0.058,0.064,0.077,0.121,0.150,,
334560,0.058,0.064,0.077,0.125,0.152,,
334620,0.059,0.066,0.078,0.127,0.156,,
334680,0.059,0.066,0.078,0.120,0.153,,
334740,0.061,0.067,0.079,0.127,0.166,,
334800,0.057,0.063,0.076,0.119,0.156,,
334860,0.056,0.062,0.074,0.115,0.148,,
334920,0.056,0.062,0.074,0.117,0.149,,
334980,0.053,0.059,0.071,0.112,0.141,,
335040,0.059,0.065,0.076,0.119,0.151,,
335100,0.060,0.066,0.077,0.116,0.152,,
335160,0.054,0.060,0.070,0.110,0.140,,
335220,0.054,0.059,0.069,0.106,0.139,,
335280,0.052,0.058,0.068,0.100,0.125,,
335340,0.051,0.056,0.066,0.099,0.129,,
335400,0.049,0.054,0.063,0.092,0.120,,
335460,0.049,0.054,0.063,0.092,0.113,,
335520,0.049,0.054,0.063,0.091,0.112,,
335580,0.045,0.050,0.059,0.089,0.108,,
335640,0.048,0.053,0.062,0.092,0.121,,
335700,0.052,0.057,0.066,0.097,0.136,,
335760,0.049,0.054,0.062,0.092,0.128,,
335820,0.051,0.056,0.065,0.097,0.131,,
335880,0.045,0.050,0.058,0.083,0.117,,
335940,0.047,0.052,0.060,0.087,0.118,,
336000,0.040,0.045,0.053,0.074,0.088,,
336060,0.044,0.048,0.057,0.080,0.110,,
336120,0.041,0.046,0.054,0.075,0.089,,
336180,0.042,0.046,0.053,0.074,0.094,,
336240,0.042,0.046,0.053,0.075,0.095,,
336300,0.042,0.046,0.053,0.075,0.096,,
336360,0.040,0.044,0.052,0.072,0.093,,
336420,0.041,0.046,0.053,0.074,0.095,,
336480,0.044,0.049,0.056,0.078,0.104,,
336540,0.043,0.048,0.054,0.073,0.102,,
336600,0.041,0.045,0.052,0.072,0.095,,
336660,0.042,0.046,0.053,0.076,0.096,,
336720,0.040,0.044,0.050,0.069,0.091,,
336780,0.039,0.044,0.050,0.067,0.089,,
336840,0.038,0.042,0.048,0.067,0.085,,
336900,0.040,0.044,0.050,0.067,0.090,,
336960,0.040,0.044,0.050,0.068,0.096,,
337020,0.039,0.043,0.049,0.067,0.089,,
337080,0.038,0.041,0.047,0.064,0.089,,
337140,0.039,0.043,0.049,0.065,0.089,,
337200,0.036,0.040,0.046,0.063,0.081,,
337260,0.036,0.039,0.045,0.060,0.079,,
337320,0.039,0.043,0.048,0.064,0.086,,
337380,0.039,0.043,0.049,0.067,0.091,,
337440,0.038,0.042,0.048,0.063,0.084,,
337500,0.037,0.041,0.047,0.062,0.081,,
337560,0.034,0.038,0.043,0.057,0.071,,
337620,0.037,0.040,0.045,0.060,0.078,,
337680,0.045,0.048,0.054,0.072,0.098,,
337740,0.036,0.040,0.045,0.061,0.081,,
337800,0.037,0.041,0.047,0.062,0.082,,
337860,0.039,0.043,0.048,0.066,0.091,,
337920,0.037,0.040,0.045,0.060,0.081,,
337980,0.033,0.036,0.041,0.053,0.068,,
338040,0.033,0.036,0.041,0.055,0.072,,
338100,0.035,0.038,0.043,0.058,0.078,,
338160,0.033,0.037,0.041,0.054,0.068,,
338220,0.035,0.038,0.043,0.057,0.079,,
338280,0.036,0.040,0.045,0.061,0.083,,
338340,0.036,0.039,0.044,0.058,0.081,,
338400,0.037,0.040,0.045,0.058,0.082,,
338460,0.032,0.036,0.040,0.053,0.069,,
338520,0.035,0.039,0.043,0.055,0.080,,
338580,0.035,0.038,0.042,0.055,0.076,,
338640,0.032,0.035,0.039,0.054,0.068,,
338700,0.035,0.038,0.043,0.055,0.074,,
338760,0.034,0.037,0.041,0.053,0.073,,
338820,0.031,0.035,0.038,0.049,0.062,,
338880,0.033,0.036,0.040,0.051,0.068,,
338940,0.032,0.035,0.038,0.050,0.068,,
339000,0.033,0.037,0.040,0.052,0.071,,
339060,0.032,0.035,0.039,0.051,0.067,,
339120,0.033,0.036,0.040,0.052,0.068,,
339180,0.032,0.035,0.039,0.050,0.065,,
339240,0.030,0.033,0.037,0.048,0.060,,
339300,0.032,0.035,0.038,0.048,0.066,,
339360,0.034,0.037,0.040,0.050,0.071,,
339420,0.034,0.037,0.040,0.052,0.067,,
339480,0.032,0.034,0.038,0.048,0.067,,
339540,0.030,0.033,0.037,0.047,0.061,,
339600,0.034,0.037,0.041,0.051,0.071,,
339660,0.032,0.035,0.039,0.049,0.073,,
339720,0.033,0.036,0.039,0.051,0.071,,
339780,0.033,0.036,0.040,0.052,0.072,,
339840,0.034,0.037,0.040,0.055,0.076,,
339900,0.033,0.035,0.039,0.052,0.069,,
339960,0.036,0.039,0.042,0.052,0.073,,
340020,0.032,0.034,0.038,0.049,0.067,,
340080,0.034,0.037,0.040,0.054,0.075,,
340140,0.036,0.039,0.043,0.058,0.084,,
340200,0.035,0.038,0.041,0.057,0.084,,
340260,0.036,0.039,0.043,0.059,0.086,,
340320,0.042,0.045,0.050,0.073,0.115,,
340380,0.043,0.046,0.050,0.072,0.105,,
340440,0.041,0.044,0.049,0.071,0.106,,
340500,0.041,0.044,0.048,0.069,0.101,,
340560,0.039,0.042,0.047,0.068,0.100,,
340620,0.043,0.047,0.051,0.074,0.109,,
340680,0.040,0.043,0.047,0.065,0.098,,
340740,0.043,0.046,0.051,0.071,0.100,,
340800,0.039,0.042,0.046,0.063,0.100,,
340860,0.041,0.044,0.048,0.067,0.097,,
340920,0.040,0.043,0.048,0.069,0.102,,
340980,0.042,0.046,0.050,0.074,0.110,,
341040,0.043,0.046,0.051,0.074,0.111,,
341100,0.045,0.048,0.053,0.080,0.119,,
341160,0.050,0.054,0.059,0.085,0.137,,
341220,0.048,0.051,0.057,0.088,0.138,,
341280,0.048,0.051,0.057,0.087,0.133,,
341340,0.047,0.051,0.056,0.083,0.121,,
341400,0.037,0.040,0.045,0.064,0.092,,
341460,0.042,0.045,0.051,0.077,0.114,,
341520,0.047,0.050,0.055,0.081,0.126,,
341580,0.047,0.050,0.056,0.081,0.125,,
341640,0.043,0.046,0.052,0.079,0.114,,
341700,0.047,0.050,0.055,0.079,0.117,,
341760,0.040,0.044,0.049,0.073,0.106,,
341820,0.039,0.042,0.047,0.071,0.100,,
341880,0.040,0.043,0.049,0.070,0.100,,
341940,0.039,0.042,0.048,0.068,0.099,,
342000,0.037,0.041,0.046,0.069,0.091,,
342060,0.038,0.041,0.046,0.069,0.090,,
342120,0.037,0.040,0.045,0.065,0.090,,
342180,0.037,0.040,0.046,0.064,0.090,,
342240,0.036,0.039,0.044,0.064,0.090,,
342300,0.032,0.035,0.040,0.057,0.071,,
342360,0.033,0.036,0.041,0.058,0.074,,
342420,0.033,0.036,0.041,0.061,0.080,,
342480,0.034,0.037,0.043,0.061,0.078,,
342540,0.032,0.035,0.040,0.055,0.071,,
342600,0.030,0.033,0.038,0.053,0.067,,
342660,0.032,0.035,0.039,0.055,0.070,,
342720,0.032,0.035,0.040,0.058,0.072,,
342780,0.030,0.033,0.037,0.053,0.064,,
342840,0.034,0.037,0.042,0.059,0.077,,
342900,0.032,0.035,0.039,0.055,0.069,,
342960,0.030,0.033,0.038,0.055,0.069,,
343020,0.035,0.038,0.043,0.061,0.078,,
343080,0.036,0.039,0.045,0.062,0.081,,
343140,0.036,0.039,0.044,0.064,0.078,,
343200,0.036,0.039,0.044,0.063,0.081,,
343260,0.038,0.041,0.047,0.065,0.080,,
343320,0.034,0.038,0.043,0.059,0.072,,
343380,0.032,0.035,0.039,0.053,0.063,,
343440,0.031,0.034,0.039,0.052,0.061,,
343500,0.031,0.034,0.038,0.054,0.063,,
343560,0.041,0.045,0.050,0.075,0.101,,
343620,0.054,0.058,0.066,0.112,0.163,,
343680,0.047,0.050,0.058,0.097,0.130,,
343740,0.049,0.053,0.060,0.095,0.135,,
343800,0.052,0.056,0.064,0.098,0.135,,
343860,0.052,0.056,0.064,0.104,0.140,,
343920,0.050,0.054,0.063,0.103,0.135,,
343980,0.055,0.059,0.068,0.108,0.149,,
344040,0.055,0.059,0.067,0.109,0.151,,
344100,0.049,0.053,0.061,0.098,0.129,,
344160,0.048,0.052,0.060,0.098,0.132,,
344220,0.047,0.051,0.059,0.094,0.126,,
344280,0.044,0.048,0.056,0.089,0.112,,
344340,0.051,0.055,0.065,0.104,0.137,,
344400,0.046,0.050,0.058,0.091,0.123,,
344460,0.045,0.050,0.058,0.088,0.115,,
344520,0.047,0.051,0.059,0.089,0.119,,
344580,0.045,0.049,0.058,0.087,0.106,,
344640,0.045,0.049,0.057,0.088,0.109,,
344700,0.045,0.049,0.057,0.086,0.108,,
344760,0.041,0.045,0.052,0.079,0.099,,
344820,0.041,0.045,0.053,0.080,0.097,,
344880,0.044,0.048,0.055,0.085,0.106,,
344940,0.040,0.044,0.051,0.075,0.091,,
345000,0.038,0.042,0.049,0.078,0.092,,
345060,0.045,0.049,0.056,0.088,0.111,,
345120,0.043,0.046,0.054,0.082,0.101,,
345180,0.038,0.042,0.049,0.072,0.087,,
345240,0.042,0.045,0.052,0.077,0.097,,
345300,0.044,0.048,0.055,0.087,0.104,,
345360,0.041,0.045,0.053,0.078,0.100,,
345420,0.041,0.045,0.052,0.077,0.094,,
345480,0.042,0.046,0.054,0.081,0.097,,
345540,0.044,0.048,0.056,0.083,0.109,,
345600,0.053,0.057,0.067,0.101,0.132,,
345660,0.051,0.055,0.064,0.100,0.128,,
345720,0.053,0.058,0.067,0.108,0.137,,
345780,0.049,0.053,0.061,0.098,0.125,,
345840,0.048,0.052,0.061,0.095,0.123,,
345900,0.046,0.050,0.059,0.093,0.115,,
345960,0.057,0.061,0.070,0.114,0.159,,
346020,0.054,0.058,0.067,0.109,0.148,,
346080,0.047,0.052,0.061,0.098,0.126,,
346140,0.051,0.055,0.064,0.105,0.134,,
346200,0.055,0.059,0.069,0.110,0.151,,
346260,0.075,0.080,0.091,0.157,0.231,,
346320,0.079,0.083,0.095,0.162,0.239,,
346380,0.070,0.074,0.085,0.144,0.208,,
346440,0.059,0.063,0.073,0.122,0.171,,
346500,0.057,0.061,0.071,0.112,0.160,,
346560,0.058,0.062,0.072,0.117,0.157,,
346620,0.062,0.066,0.076,0.126,0.174,,
346680,0.061,0.066,0.076,0.126,0.177,,
346740,0.064,0.068,0.079,0.132,0.186,,
346800,0.058,0.062,0.071,0.117,0.161,,
346860,0.058,0.063,0.072,0.119,0.160,,
346920,0.067,0.071,0.082,0.138,0.189,,
346980,0.058,0.062,0.072,0.118,0.160,,
347040,0.054,0.058,0.067,0.109,0.141,,
347100,0.054,0.058,0.067,0.106,0.144,,
347160,0.056,0.060,0.069,0.110,0.148,,
347220,0.056,0.061,0.069,0.109,0.143,,
347280,0.054,0.058,0.067,0.106,0.145,,
347340,0.050,0.054,0.062,0.095,0.128,,
347400,0.053,0.057,0.066,0.102,0.134,,
347460,0.051,0.055,0.064,0.099,0.129,,
347520,0.053,0.057,0.065,0.102,0.133,,
347580,0.051,0.055,0.063,0.097,0.127,,
347640,0.053,0.057,0.065,0.103,0.134,,
347700,0.051,0.055,0.063,0.096,0.126,,
347760,0.048,0.052,0.060,0.093,0.123,,
347820,0.048,0.052,0.060,0.092,0.118,,
347880,0.046,0.049,0.057,0.084,0.111,,
347940,0.045,0.048,0.055,0.085,0.106,,
348000,0.047,0.051,0.058,0.088,0.111,,
348060,0.046,0.050,0.056,0.082,0.105,,
348120,0.043,0.046,0.052,0.076,0.094,,
348180,0.042,0.045,0.051,0.077,0.098,,
348240,0.072,0.075,0.082,0.108,0.136,,
348300,0.050,0.053,0.060,0.087,0.118,,
348360,0.048,0.051,0.058,0.084,0.113,,
348420,0.047,0.051,0.057,0.084,0.115,,
348480,0.046,0.050,0.056,0.084,0.111,,
348540,0.048,0.051,0.058,0.085,0.117,,
348600,0.046,0.050,0.056,0.082,0.115,,
348660,0.047,0.051,0.057,0.082,0.122,,
348720,0.050,0.053,0.059,0.085,0.116,,
348780,0.049,0.052,0.058,0.083,0.123,,
348840,0.041,0.044,0.049,0.068,0.095,,
348900,0.041,0.044,0.049,0.068,0.098,,
348960,0.041,0.044,0.049,0.065,0.097,,
349020,0.040,0.043,0.048,0.066,0.088,,
349080,0.038,0.041,0.045,0.061,0.083,,
349140,0.037,0.039,0.044,0.059,0.073,,
349200,0.036,0.039,0.043,0.057,0.072,,
349260,0.033,0.036,0.040,0.052,0.069,,
349320,0.035,0.037,0.042,0.055,0.070,,
349380,0.032,0.034,0.038,0.052,0.064,,
349440,0.036,0.038,0.042,0.054,0.069,,
349500,0.033,0.035,0.039,0.049,0.067,,
349560,0.038,0.040,0.044,0.057,0.083,,
349620,0.043,0.045,0.050,0.068,0.103,,
349680,0.039,0.041,0.045,0.062,0.089,,
349740,0.043,0.046,0.050,0.065,0.094,,
349800,0.041,0.044,0.048,0.064,0.092,,
349860,0.038,0.040,0.045,0.059,0.082,,
349920,0.038,0.041,0.046,0.062,0.083,,
349980,0.038,0.041,0.045,0.059,0.083,,
350040,0.038,0.040,0.045,0.059,0.078,,
350100,0.039,0.041,0.045,0.058,0.084,,
350160,0.036,0.039,0.043,0.055,0.074,,
350220,0.035,0.037,0.041,0.056,0.071,,
350280,0.037,0.039,0.043,0.057,0.073,,
350340,0.035,0.037,0.041,0.055,0.066,,
350400,0.036,0.038,0.042,0.055,0.071,,
350460,0.035,0.038,0.042,0.053,0.064,,
350520,0.034,0.037,0.041,0.053,0.064,,
350580,0.034,0.036,0.040,0.052,0.058,,
350640,0.034,0.036,0.040,0.051,0.064,,
350700,0.032,0.035,0.038,0.048,0.058,,
350760,0.032,0.034,0.037,0.047,0.054,,
350820,0.033,0.036,0.039,0.049,0.057,,
350880,0.033,0.035,0.038,0.047,0.057,,
350940,0.033,0.035,0.038,0.047,0.058,,
351000,0.034,0.036,0.039,0.049,0.061,,
351060,0.033,0.035,0.038,0.048,0.056,,
351120,0.034,0.036,0.039,0.048,0.058,,
351180,0.033,0.035,0.038,0.046,0.052,,
351240,0.033,0.034,0.037,0.048,0.053,,
351300,0.031,0.033,0.035,0.043,0.049,,
351360,0.033,0.035,0.038,0.044,0.051,,
351420,0.032,0.034,0.036,0.045,0.048,,
351480,0.032,0.034,0.036,0.045,0.048,,
351540,0.031,0.033,0.035,0.041,0.048,,
351600,0.031,0.032,0.035,0.041,0.046,,
351660,0.030,0.032,0.034,0.040,0.045,,
351720,0.031,0.033,0.035,0.041,0.046,,
351780,0.031,0.033,0.035,0.042,0.045,,
351840,0.030,0.032,0.034,0.040,0.044,,
351900,0.030,0.032,0.034,0.039,0.042,,
351960,0.032,0.034,0.036,0.043,0.048,,
352020,0.031,0.033,0.035,0.040,0.044,,
352080,0.030,0.032,0.034,0.039,0.042,,
352140,0.031,0.032,0.034,0.040,0.045,,
352200,0.031,0.033,0.035,0.041,0.043,,
352260,0.031,0.032,0.034,0.040,0.044,,
352320,0.031,0.032,0.035,0.039,0.043,,
352380,0.031,0.032,0.034,0.039,0.042,,
352440,0.031,0.032,0.034,0.039,0.041,,
352500,0.030,0.031,0.034,0.039,0.040,,
352560,0.030,0.031,0.033,0.038,0.041,,
352620,0.030,0.032,0.034,0.038,0.040,,
352680,0.031,0.032,0.034,0.039,0.041,,
352740,0.030,0.032,0.034,0.039,0.043,,
352800,0.031,0.032,0.034,0.039,0.042,,
352860,0.030,0.031,0.033,0.037,0.042,,
352920,0.031,0.032,0.034,0.040,0.045,,
352980,0.030,0.032,0.033,0.037,0.040,,
353040,0.030,0.031,0.033,0.037,0.040,,
353100,0.031,0.032,0.034,0.038,0.043,,
353160,0.029,0.031,0.033,0.038,0.040,,
353220,0.031,0.032,0.034,0.038,0.043,,
353280,0.030,0.031,0.033,0.038,0.041,,
353340,0.029,0.031,0.033,0.037,0.040,,
353400,0.030,0.032,0.034,0.038,0.039,,
353460,0.031,0.032,0.034,0.038,0.041,,
353520,0.030,0.031,0.033,0.038,0.040,,
353580,0.030,0.031,0.033,0.037,0.039,,
353640,0.031,0.032,0.034,0.039,0.041,,
353700,0.030,0.031,0.033,0.036,0.037,,
353760,0.029,0.031,0.032,0.036,0.037,,
353820,0.030,0.031,0.033,0.037,0.039,,
353880,0.030,0.032,0.034,0.038,0.039,,
353940,0.030,0.031,0.033,0.038,0.040,,
354000,0.029,0.031,0.033,0.036,0.038,,
354060,0.029,0.031,0.032,0.036,0.037,,
354120,0.029,0.031,0.032,0.036,0.037,,
354180,0.028,0.029,0.031,0.034,0.034,,
354240,0.029,0.030,0.032,0.036,0.036,,
354300,0.029,0.030,0.032,0.035,0.035,,
354360,0.029,0.030,0.032,0.035,0.036,,
354420,0.029,0.030,0.032,0.035,0.037,,
354480,0.029,0.030,0.032,0.035,0.037,,
354540,0.029,0.030,0.032,0.035,0.036,,
354600,0.029,0.030,0.032,0.035,0.035,,
354660,0.029,0.030,0.032,0.034,0.036,,
354720,0.028,0.030,0.031,0.034,0.035,,
354780,0.028,0.029,0.031,0.034,0.035,,
354840,0.030,0.031,0.033,0.036,0.038,,
354900,0.028,0.029,0.031,0.034,0.035,,
354960,0.029,0.030,0.031,0.034,0.035,,
355020,0.028,0.029,0.031,0.034,0.034,,
355080,0.029,0.030,0.032,0.035,0.036,,
355140,0.028,0.029,0.031,0.034,0.034,,
355200,0.029,0.030,0.032,0.034,0.036,,
355260,0.028,0.029,0.031,0.033,0.034,,
355320,0.028,0.029,0.030,0.033,0.033,,
355380,0.029,0.030,0.031,0.034,0.036,,
355440,0.027,0.029,0.030,0.032,0.033,,
355500,0.027,0.029,0.030,0.032,0.033,,
355560,0.028,0.030,0.031,0.034,0.034,,
355620,0.028,0.029,0.031,0.033,0.035,,
355680,0.028,0.029,0.031,0.034,0.034,,
355740,0.028,0.029,0.030,0.033,0.033,,
355800,0.028,0.029,0.030,0.033,0.034,,
355860,0.028,0.029,0.031,0.033,0.034,,
355920,0.027,0.029,0.030,0.032,0.033,,
355980,0.028,0.029,0.030,0.033,0.033,,
356040,0.028,0.029,0.031,0.034,0.036,,
356100,0.028,0.029,0.031,0.033,0.034,,
356160,0.028,0.029,0.031,0.033,0.035,,
356220,0.028,0.029,0.030,0.032,0.032,,
356280,0.028,0.029,0.030,0.033,0.033,,
356340,0.027,0.029,0.030,0.032,0.033,,
356400,0.028,0.029,0.030,0.033,0.034,,
356460,0.028,0.029,0.030,0.032,0.033,,
356520,0.027,0.028,0.030,0.031,0.031,,
356580,0.027,0.028,0.030,0.032,0.032,,
356640,0.028,0.029,0.030,0.033,0.034,,
356700,0.028,0.029,0.030,0.032,0.033,,
356760,0.027,0.028,0.030,0.031,0.032,,
356820,0.028,0.029,0.030,0.032,0.033,,
356880,0.027,0.028,0.030,0.032,0.032,,
356940,0.027,0.029,0.030,0.033,0.033,,
357000,0.027,0.028,0.030,0.032,0.033,,
357060,0.027,0.028,0.029,0.031,0.031,,
357120,0.027,0.028,0.030,0.032,0.033,,
357180,0.027,0.028,0.030,0.031,0.032,,
357240,0.027,0.028,0.029,0.032,0.032,,
357300,0.027,0.029,0.030,0.033,0.033,,
357360,0.027,0.028,0.030,0.032,0.032,,
357420,0.027,0.028,0.029,0.031,0.032,,
357480,0.026,0.027,0.028,0.031,0.031,,
357540,0.027,0.028,0.029,0.031,0.032,,
357600,0.026,0.028,0.029,0.031,0.031,,
357660,0.027,0.028,0.029,0.031,0.032,,
357720,0.026,0.027,0.028,0.030,0.030,,
357780,0.026,0.027,0.028,0.030,0.030,,
357840,0.026,0.027,0.029,0.030,0.031,,
357900,0.027,0.028,0.029,0.032,0.032,,
357960,0.026,0.027,0.029,0.030,0.031,,
358020,0.026,0.028,0.029,0.031,0.031,,
358080,0.027,0.028,0.029,0.031,0.032,,
358140,0.026,0.027,0.028,0.030,0.030,,
358200,0.026,0.027,0.028,0.030,0.030,,
358260,0.026,0.027,0.028,0.030,0.030,,
358320,0.026,0.027,0.028,0.030,0.031,,
358380,0.026,0.027,0.028,0.030,0.030,,
358440,0.026,0.027,0.028,0.030,0.030,,
358500,0.026,0.027,0.028,0.030,0.030,,
358560,0.026,0.027,0.028,0.030,0.030,,
358620,0.026,0.027,0.029,0.030,0.031,,
358680,0.026,0.027,0.028,0.030,0.031,,
358740,0.026,0.027,0.028,0.030,0.030,,
358800,0.026,0.027,0.028,0.029,0.030,,
358860,0.026,0.027,0.028,0.029,0.030,,
358920,0.025,0.026,0.027,0.028,0.028,,
358980,0.025,0.026,0.028,0.029,0.029,,
359040,0.026,0.027,0.028,0.030,0.030,,
359100,0.025,0.027,0.028,0.029,0.029,,
359160,0.025,0.026,0.028,0.029,0.029,,
359220,0.025,0.026,0.027,0.029,0.029,,
359280,0.026,0.027,0.028,0.029,0.030,,
359340,0.025,0.026,0.027,0.029,0.029,,
359400,0.025,0.027,0.028,0.030,0.030,,
359460,0.026,0.027,0.028,0.030,0.030,,
359520,0.025,0.026,0.028,0.029,0.029,,
359580,0.026,0.027,0.028,0.030,0.030,,
359640,0.025,0.026,0.027,0.029,0.029,,
359700,0.025,0.026,0.027,0.028,0.029,,
359760,0.025,0.026,0.027,0.029,0.029,,
359820,0.025,0.026,0.027,0.029,0.029,,
359880,0.025,0.026,0.027,0.028,0.028,,
359940,0.025,0.026,0.027,0.028,0.028,,
360000,0.025,0.026,0.027,0.028,0.029,,
360060,0.025,0.026,0.027,0.028,0.029,,
360120,0.024,0.025,0.026,0.028,0.028,,
360180,0.024,0.025,0.026,0.028,0.028,,
360240,0.024,0.025,0.026,0.028,0.028,,
360300,0.024,0.025,0.026,0.027,0.027,,
360360,0.024,0.025,0.026,0.027,0.028,,
360420,0.025,0.026,0.027,0.028,0.028,,
360480,0.025,0.026,0.026,0.028,0.028,,
360540,0.024,0.025,0.026,0.027,0.027,,
360600,0.025,0.026,0.027,0.028,0.028,,
360660,0.024,0.025,0.026,0.028,0.028,,
360720,0.024,0.025,0.026,0.027,0.027,,
360780,0.024,0.025,0.026,0.027,0.027,,
360840,0.024,0.025,0.026,0.027,0.027,,
360900,0.024,0.025,0.026,0.027,0.027,,
360960,0.024,0.025,0.026,0.027,0.028,,
361020,0.024,0.025,0.025,0.026,0.026,,
361080,0.024,0.025,0.026,0.027,0.027,,
361140,0.024,0.025,0.026,0.027,0.027,,
361200,0.024,0.025,0.026,0.027,0.027,,
361260,0.024,0.025,0.026,0.027,0.027,,
361320,0.024,0.025,0.026,0.026,0.026,,
361380,0.024,0.025,0.026,0.026,0.027,,
361440,0.024,0.025,0.026,0.027,0.028,,
361500,0.024,0.025,0.026,0.027,0.028,,
361560,0.024,0.025,0.026,0.028,0.028,,
361620,0.024,0.025,0.025,0.026,0.026,,
361680,0.024,0.025,0.025,0.026,0.027,,
361740,0.023,0.024,0.025,0.026,0.026,,
361800,0.024,0.024,0.025,0.027,0.027,,
361860,0.023,0.024,0.025,0.026,0.026,,
361920,0.024,0.024,0.025,0.027,0.027,,
361980,0.023,0.024,0.025,0.026,0.026,,
362040,0.024,0.025,0.025,0.027,0.027,,
362100,0.024,0.025,0.025,0.027,0.027,,
362160,0.024,0.024,0.025,0.026,0.026,,
362220,0.023,0.024,0.025,0.026,0.026,,
362280,0.023,0.024,0.025,0.026,0.026,,
362340,0.023,0.024,0.025,0.026,0.026,,
362400,0.023,0.024,0.025,0.026,0.026,,
362460,0.023,0.024,0.024,0.026,0.026,,
362520,0.023,0.024,0.024,0.026,0.026,,
362580,0.023,0.024,0.025,0.026,0.026,,
362640,0.023,0.024,0.025,0.026,0.026,,
362700,0.023,0.024,0.024,0.025,0.025,,
362760,0.023,0.024,0.025,0.026,0.026,,
362820,0.023,0.024,0.024,0.025,0.025,,
362880,0.023,0.024,0.024,0.025,0.025,,
362940,0.023,0.023,0.024,0.025,0.025,,
363000,0.023,0.024,0.024,0.025,0.025,,
363060,0.023,0.024,0.024,0.026,0.026,,
363120,0.023,0.024,0.024,0.025,0.026,,
363180,0.022,0.023,0.024,0.025,0.025,,
363240,0.023,0.023,0.024,0.025,0.026,,
363300,0.022,0.023,0.024,0.024,0.025,,
363360,0.022,0.023,0.024,0.024,0.024,,
363420,0.022,0.023,0.024,0.025,0.025,,
363480,0.023,0.023,0.024,0.025,0.025,,
363540,0.022,0.023,0.024,0.024,0.025,,
363600,0.022,0.023,0.024,0.025,0.026,,
363660,0.023,0.024,0.024,0.025,0.025,,
363720,0.022,0.023,0.024,0.025,0.025,,
363780,0.022,0.023,0.024,0.025,0.025,,
363840,0.022,0.023,0.024,0.024,0.024,,
363900,0.022,0.023,0.023,0.024,0.024,,
363960,0.022,0.023,0.024,0.024,0.024,,
364020,0.022,0.023,0.023,0.024,0.024,,
364080,0.022,0.023,0.023,0.024,0.024,,
364140,0.022,0.023,0.023,0.024,0.025,,
364200,0.022,0.023,0.023,0.024,0.024,,
364260,0.022,0.022,0.023,0.024,0.024,,
364320,0.022,0.023,0.024,0.024,0.024,,
364380,0.021,0.022,0.023,0.023,0.023,,
364440,0.022,0.022,0.023,0.023,0.024,,
364500,0.022,0.022,0.023,0.024,0.024,,
364560,0.022,0.022,0.023,0.024,0.024,,
364620,0.021,0.022,0.023,0.023,0.023,,
364680,0.021,0.022,0.023,0.023,0.023,,
364740,0.022,0.022,0.023,0.024,0.024,,
364800,0.022,0.023,0.023,0.024,0.024,,
364860,0.022,0.022,0.023,0.024,0.024,,
364920,0.022,0.022,0.023,0.024,0.024,,
364980,0.021,0.022,0.023,0.023,0.024,,
365040,0.021,0.022,0.022,0.023,0.023,,
365100,0.021,0.022,0.022,0.023,0.023,,
365160,0.021,0.022,0.022,0.023,0.023,,
365220,0.021,0.022,0.022,0.023,0.023,,
365280,0.021,0.022,0.022,0.023,0.023,,
365340,0.021,0.022,0.023,0.024,0.024,,
365400,0.021,0.022,0.022,0.023,0.023,,
365460,0.021,0.022,0.022,0.023,0.023,,
365520,0.021,0.022,0.022,0.023,0.023,,
365580,0.021,0.021,0.022,0.023,0.023,,
365640,0.021,0.022,0.023,0.023,0.023,,
365700,0.021,0.021,0.022,0.022,0.022,,
365760,0.020,0.021,0.022,0.022,0.022,,
365820,0.021,0.022,0.022,0.023,0.023,,
365880,0.021,0.021,0.022,0.023,0.023,,
365940,0.021,0.022,0.022,0.023,0.023,,
366000,0.021,0.022,0.022,0.023,0.023,,
366060,0.021,0.022,0.022,0.023,0.023,,
366120,0.021,0.021,0.022,0.023,0.023,,
366180,0.021,0.022,0.022,0.023,0.023,,
366240,0.021,0.021,0.022,0.022,0.023,,
366300,0.021,0.021,0.022,0.023,0.023,,
366360,0.021,0.021,0.022,0.023,0.023,,
366420,0.021,0.021,0.022,0.023,0.023,,
366480,0.020,0.021,0.021,0.022,0.022,,
366540,0.020,0.021,0.021,0.022,0.022,,
366600,0.021,0.021,0.022,0.022,0.022,,
366660,0.020,0.021,0.022,0.022,0.022,,
366720,0.021,0.021,0.022,0.022,0.022,,
366780,0.020,0.021,0.021,0.021,0.021,,
366840,0.021,0.021,0.022,0.023,0.023,,
366900,0.020,0.020,0.021,0.021,0.021,,
366960,0.020,0.020,0.021,0.021,0.021,,
367020,0.020,0.020,0.021,0.021,0.021,,
367080,0.020,0.021,0.021,0.022,0.022,,
367140,0.019,0.020,0.020,0.021,0.021,,
367200,0.020,0.020,0.021,0.021,0.022,,
367260,0.019,0.020,0.020,0.021,0.021,,
367320,0.019,0.020,0.020,0.021,0.021,,
367380,0.019,0.020,0.021,0.021,0.021,,
367440,0.019,0.020,0.020,0.021,0.021,,
367500,0.020,0.020,0.021,0.021,0.021,,
367560,0.019,0.020,0.021,0.021,0.022,,
367620,0.019,0.020,0.020,0.021,0.021,,
367680,0.019,0.020,0.020,0.021,0.021,,
367740,0.019,0.020,0.020,0.021,0.021,,
367800,0.019,0.020,0.020,0.021,0.021,,
367860,0.019,0.020,0.020,0.021,0.021,,
367920,0.019,0.019,0.020,0.020,0.020,,
367980,0.019,0.020,0.020,0.021,0.021,,
368040,0.019,0.020,0.020,0.021,0.021,,
368100,0.019,0.020,0.020,0.021,0.021,,
368160,0.019,0.020,0.020,0.021,0.021,,
368220,0.019,0.020,0.020,0.021,0.021,,
368280,0.019,0.019,0.020,0.020,0.020,,
368340,0.019,0.019,0.020,0.020,0.020,,
368400,0.019,0.019,0.020,0.021,0.021,,
368460,0.019,0.019,0.019,0.020,0.020,,
368520,0.018,0.019,0.019,0.020,0.020,,
368580,0.018,0.019,0.019,0.019,0.020,,
368640,0.019,0.019,0.020,0.020,0.020,,
368700,0.019,0.019,0.020,0.020,0.020,,
368760,0.019,0.019,0.019,0.020,0.020,,
368820,0.019,0.019,0.020,0.021,0.021,,
368880,0.018,0.019,0.019,0.020,0.020,,
368940,0.019,0.019,0.019,0.020,0.020,,
369000,0.019,0.019,0.020,0.020,0.020,,
369060,0.018,0.019,0.019,0.020,0.020,,
369120,0.018,0.019,0.019,0.019,0.019,,
369180,0.018,0.019,0.019,0.019,0.019,,
369240,0.018,0.018,0.019,0.019,0.019,,
369300,0.018,0.018,0.019,0.019,0.019,,
369360,0.018,0.018,0.019,0.019,0.019,,
369420,0.018,0.019,0.019,0.020,0.020,,
369480,0.018,0.018,0.019,0.019,0.019,,
369540,0.018,0.018,0.019,0.019,0.019,,
369600,0.018,0.019,0.019,0.019,0.019,,
369660,0.018,0.018,0.018,0.019,0.019,,
369720,0.018,0.018,0.019,0.019,0.019,,
369780,0.018,0.018,0.019,0.019,0.019,,
369840,0.018,0.018,0.018,0.019,0.019,,
369900,0.018,0.018,0.019,0.019,0.019,,
369960,0.017,0.018,0.018,0.018,0.018,,
370020,0.018,0.018,0.018,0.019,0.019,,
370080,0.017,0.018,0.018,0.019,0.019,,
370140,0.017,0.018,0.018,0.018,0.018,,
370200,0.017,0.018,0.018,0.018,0.018,,
370260,0.018,0.018,0.019,0.019,0.019,,
370320,0.017,0.018,0.018,0.018,0.019,,
370380,0.017,0.018,0.018,0.018,0.018,,
370440,0.017,0.017,0.018,0.018,0.018,,
370500,0.017,0.017,0.017,0.018,0.018,,
370560,0.017,0.017,0.017,0.018,0.018,,
370620,0.017,0.017,0.018,0.018,0.018,,
370680,0.017,0.017,0.017,0.018,0.018,,
370740,0.017,0.017,0.017,0.018,0.018,,
370800,0.016,0.017,0.017,0.017,0.017,,
370860,0.017,0.017,0.017,0.018,0.018,,
370920,0.017,0.017,0.017,0.018,0.018,,
370980,0.017,0.017,0.017,0.018,0.018,,
371040,0.016,0.017,0.017,0.017,0.017,,
371100,0.016,0.017,0.017,0.017,0.017,,
371160,0.016,0.017,0.017,0.017,0.017,,
371220,0.016,0.017,0.017,0.017,0.017,,
371280,0.016,0.016,0.017,0.017,0.017,,
371340,0.016,0.016,0.017,0.017,0.017,,
371400,0.016,0.016,0.017,0.017,0.017,,
371460,0.016,0.016,0.017,0.017,0.017,,
371520,0.016,0.016,0.017,0.017,0.017,,
371580,0.016,0.016,0.017,0.017,0.017,,
371640,0.016,0.017,0.017,0.017,0.017,,
371700,0.016,0.016,0.017,0.017,0.017,,
371760,0.016,0.016,0.016,0.017,0.017,,
371820,0.016,0.016,0.017,0.017,0.017,,
371880,0.016,0.016,0.016,0.017,0.017,,
371940,0.016,0.016,0.016,0.017,0.017,,
372000,0.016,0.016,0.016,0.017,0.017,,
372060,0.015,0.016,0.016,0.016,0.016,,
372120,0.015,0.015,0.016,0.016,0.016,,
372180,0.015,0.015,0.016,0.016,0.016,,
372240,0.015,0.015,0.016,0.016,0.016,,
372300,0.015,0.015,0.015,0.016,0.016,,
372360,0.015,0.015,0.016,0.016,0.016,,
372420,0.015,0.015,0.016,0.016,0.016,,
372480,0.015,0.015,0.016,0.016,0.016,,
372540,0.015,0.015,0.016,0.016,0.016,,
372600,0.015,0.015,0.015,0.016,0.016,,
372660,0.015,0.015,0.015,0.016,0.016,,
372720,0.015,0.015,0.015,0.016,0.016,,
372780,0.015,0.015,0.015,0.016,0.016,,
372840,0.015,0.015,0.015,0.016,0.016,,
372900,0.014,0.015,0.015,0.015,0.016,,
372960,0.015,0.015,0.015,0.015,0.015,,
373020,0.014,0.015,0.015,0.015,0.015,,
373080,0.014,0.015,0.015,0.015,0.015,,
373140,0.014,0.015,0.015,0.015,0.015,,
373200,0.014,0.015,0.015,0.015,0.015,,
373260,0.014,0.015,0.015,0.015,0.015,,
373320,0.014,0.015,0.015,0.015,0.015,,
373380,0.014,0.014,0.015,0.015,0.015,,
373440,0.014,0.014,0.015,0.015,0.015,,
373500,0.014,0.014,0.015,0.015,0.015,,
373560,0.014,0.014,0.014,0.015,0.015,,
373620,0.014,0.014,0.015,0.015,0.015,,
373680,0.014,0.014,0.015,0.015,0.015,,
373740,0.014,0.014,0.014,0.014,0.014,,
373800,0.014,0.014,0.015,0.015,0.015,,
373860,0.014,0.014,0.014,0.015,0.015,,
373920,0.014,0.014,0.014,0.015,0.015,,
373980,0.014,0.014,0.014,0.014,0.014,,
374040,0.014,0.014,0.014,0.015,0.015,,
374100,0.014,0.014,0.014,0.014,0.014,,
374160,0.013,0.014,0.014,0.014,0.014,,
374220,0.014,0.014,0.014,0.014,0.014,,
374280,0.014,0.014,0.014,0.015,0.015,,
374340,0.013,0.014,0.014,0.014,0.014,,
374400,0.013,0.014,0.014,0.014,0.014,,
374460,0.013,0.014,0.014,0.014,0.014,,
374520,0.013,0.013,0.014,0.014,0.014,,
374580,0.013,0.013,0.014,0.014,0.014,,
374640,0.013,0.013,0.013,0.014,0.014,,
374700,0.013,0.013,0.014,0.014,0.014,,
374760,0.013,0.013,0.013,0.014,0.014,,
374820,0.013,0.014,0.014,0.014,0.014,,
374880,0.013,0.013,0.013,0.014,0.014,,
374940,0.013,0.013,0.014,0.014,0.014,,
375000,0.013,0.013,0.014,0.014,0.014,,
375060,0.013,0.013,0.014,0.014,0.014,,
375120,0.013,0.013,0.013,0.014,0.014,,
375180,0.013,0.013,0.013,0.013,0.013,,
375240,0.013,0.013,0.013,0.014,0.014,,
375300,0.013,0.013,0.013,0.014,0.014,,
375360,0.013,0.013,0.013,0.013,0.013,,
375420,0.013,0.013,0.013,0.013,0.013,,
375480,0.013,0.013,0.013,0.013,0.014,,
375540,0.013,0.013,0.013,0.013,0.013,,
375600,0.013,0.013,0.013,0.013,0.013,,
375660,0.012,0.013,0.013,0.013,0.013,,
375720,0.012,0.013,0.013,0.013,0.013,,
375780,0.013,0.013,0.013,0.013,0.013,,
375840,0.012,0.013,0.013,0.013,0.013,,
375900,0.012,0.013,0.013,0.013,0.013,,
375960,0.012,0.012,0.013,0.013,0.013,,
376020,0.012,0.012,0.012,0.013,0.013,,
376080,0.012,0.012,0.013,0.013,0.013,,
376140,0.012,0.013,0.013,0.013,0.013,,
376200,0.012,0.012,0.012,0.012,0.012,,
376260,0.012,0.012,0.012,0.013,0.013,,
376320,0.012,0.012,0.012,0.013,0.013,,
376380,0.012,0.012,0.013,0.013,0.013,,
376440,0.012,0.012,0.013,0.013,0.013,,
376500,0.012,0.012,0.013,0.013,0.013,,
376560,0.012,0.012,0.012,0.013,0.013,,
376620,0.012,0.013,0.013,0.013,0.013,,
376680,0.012,0.012,0.012,0.013,0.013,,
376740,0.012,0.012,0.012,0.013,0.013,,
376800,0.012,0.012,0.012,0.013,0.013,,
376860,0.012,0.012,0.012,0.013,0.013,,
376920,0.012,0.012,0.012,0.012,0.012,,
376980,0.012,0.012,0.012,0.012,0.012,,
377040,0.012,0.012,0.012,0.012,0.012,,
377100,0.012,0.012,0.012,0.012,0.012,,
377160,0.012,0.012,0.012,0.012,0.012,,
377220,0.012,0.012,0.012,0.012,0.012,,
377280,0.011,0.012,0.012,0.012,0.012,,
377340,0.011,0.012,0.012,0.012,0.012,,
377400,0.011,0.012,0.012,0.012,0.012,,
377460,0.012,0.012,0.012,0.013,0.013,,
377520,0.012,0.012,0.012,0.012,0.012,,
377580,0.011,0.012,0.012,0.012,0.012,,
377640,0.012,0.012,0.012,0.012,0.012,,
377700,0.012,0.012,0.012,0.012,0.012,,
377760,0.011,0.012,0.012,0.012,0.012,,
377820,0.011,0.012,0.012,0.012,0.012,,
377880,0.011,0.011,0.012,0.012,0.012,,
377940,0.011,0.011,0.012,0.012,0.012,,
378000,0.011,0.011,0.012,0.012,0.012,,
378060,0.011,0.011,0.011,0.012,0.012,,
378120,0.011,0.012,0.012,0.012,0.012,,
378180,0.011,0.011,0.012,0.012,0.012,,
378240,0.011,0.011,0.012,0.012,0.012,,
378300,0.011,0.012,0.012,0.012,0.012,,
378360,0.011,0.011,0.012,0.012,0.012,,
378420,0.011,0.011,0.012,0.012,0.012,,
378480,0.011,0.011,0.012,0.012,0.012,,
378540,0.011,0.011,0.012,0.012,0.012,,
378600,0.011,0.011,0.011,0.012,0.012,,
378660,0.011,0.011,0.011,0.012,0.012,,
378720,0.011,0.011,0.012,0.012,0.012,,
378780,0.011,0.011,0.011,0.011,0.011,,
378840,0.011,0.011,0.011,0.012,0.012,,
378900,0.011,0.011,0.011,0.011,0.011,,
378960,0.011,0.011,0.011,0.011,0.011,,
379020,0.011,0.011,0.011,0.012,0.012,,
379080,0.011,0.011,0.011,0.011,0.011,,
379140,0.011,0.011,0.011,0.011,0.011,,
379200,0.011,0.011,0.011,0.012,0.012,,
379260,0.011,0.011,0.011,0.011,0.011,,
379320,0.011,0.011,0.011,0.011,0.011,,
379380,0.011,0.011,0.011,0.011,0.011,,
379440,0.011,0.011,0.011,0.011,0.011,,
379500,0.011,0.011,0.011,0.011,0.011,,
379560,0.011,0.011,0.012,0.012,0.012,,
379620,0.011,0.011,0.011,0.012,0.012,,
379680,0.011,0.011,0.011,0.012,0.012,,
379740,0.011,0.011,0.011,0.011,0.011,,
379800,0.011,0.012,0.012,0.012,0.012,,
379860,0.011,0.011,0.011,0.012,0.012,,
379920,0.011,0.011,0.011,0.011,0.011,,
379980,0.011,0.011,0.012,0.012,0.012,,
380040,0.011,0.011,0.012,0.012,0.012,,
380100,0.011,0.011,0.011,0.011,0.011,,
380160,0.011,0.011,0.012,0.012,0.012,,
380220,0.011,0.011,0.011,0.011,0.011,,
380280,0.011,0.011,0.011,0.012,0.012,,
380340,0.011,0.011,0.011,0.011,0.011,,
380400,0.011,0.011,0.011,0.011,0.011,,
380460,0.011,0.011,0.011,0.011,0.011,,
380520,0.011,0.011,0.011,0.012,0.012,,
380580,0.011,0.011,0.012,0.012,0.012,,
380640,0.011,0.011,0.011,0.011,0.011,,
380700,0.011,0.011,0.011,0.011,0.011,,
380760,0.011,0.011,0.011,0.011,0.011,,
380820,0.011,0.011,0.011,0.012,0.012,,
380880,0.011,0.011,0.011,0.011,0.011,,
380940,0.011,0.011,0.011,0.011,0.011,,
381000,0.011,0.011,0.011,0.012,0.012,,
381060,0.011,0.011,0.011,0.012,0.012,,
381120,0.011,0.011,0.011,0.011,0.011,,
381180,0.011,0.011,0.011,0.011,0.011,,
381240,0.011,0.011,0.011,0.011,0.011,,
381300,0.011,0.011,0.011,0.011,0.011,,
381360,0.011,0.011,0.011,0.011,0.011,,
381420,0.011,0.011,0.011,0.011,0.011,,
381480,0.011,0.011,0.011,0.011,0.011,,
381540,0.011,0.011,0.011,0.011,0.011,,
381600,0.011,0.011,0.011,0.011,0.011,,
381660,0.011,0.011,0.011,0.011,0.011,,
381720,0.011,0.011,0.011,0.011,0.011,,
381780,0.011,0.011,0.011,0.011,0.011,,
381840,0.011,0.011,0.011,0.011,0.011,,
381900,0.011,0.011,0.011,0.011,0.011,,
381960,0.011,0.011,0.011,0.011,0.011,,
382020,0.011,0.011,0.011,0.012,0.012,,
382080,0.011,0.011,0.011,0.011,0.011,,
382140,0.011,0.011,0.011,0.011,0.011,,
382200,0.011,0.011,0.011,0.011,0.011,,
382260,0.011,0.011,0.011,0.011,0.011,,
382320,0.011,0.011,0.011,0.011,0.011,,
382380,0.011,0.011,0.011,0.011,0.011,,
382440,0.011,0.011,0.011,0.011,0.011,,
382500,0.011,0.011,0.011,0.011,0.011,,
382560,0.011,0.011,0.011,0.011,0.011,,
382620,0.011,0.011,0.011,0.011,0.011,,
382680,0.011,0.011,0.011,0.011,0.011,,
382740,0.010,0.011,0.011,0.011,0.011,,
382800,0.010,0.011,0.011,0.011,0.011,,
382860,0.011,0.011,0.011,0.011,0.011,,
382920,0.010,0.011,0.011,0.011,0.011,,
382980,0.010,0.010,0.011,0.011,0.011,,
383040,0.011,0.011,0.011,0.011,0.011,,
383100,0.010,0.011,0.011,0.011,0.011,,
383160,0.011,0.011,0.011,0.011,0.011,,
383220,0.010,0.010,0.011,0.011,0.011,,
383280,0.011,0.011,0.011,0.011,0.011,,
383340,0.010,0.011,0.011,0.011,0.011,,
383400,0.010,0.011,0.011,0.011,0.011,,
383460,0.010,0.011,0.011,0.011,0.011,,
383520,0.010,0.011,0.011,0.011,0.011,,
383580,0.010,0.010,0.010,0.011,0.011,,
383640,0.010,0.011,0.011,0.011,0.011,,
383700,0.011,0.011,0.011,0.011,0.011,,
383760,0.011,0.011,0.011,0.011,0.011,,
383820,0.010,0.011,0.011,0.011,0.011,,
383880,0.010,0.011,0.011,0.011,0.011,,
383940,0.010,0.011,0.011,0.011,0.011,,
384000,0.010,0.011,0.011,0.011,0.011,,
384060,0.010,0.011,0.011,0.011,0.011,,
384120,0.010,0.010,0.010,0.011,0.011,,
384180,0.010,0.011,0.011,0.011,0.011,,
384240,0.010,0.010,0.011,0.011,0.011,,
384300,0.010,0.010,0.010,0.010,0.010,,
384360,0.010,0.010,0.011,0.011,0.011,,
384420,0.010,0.010,0.010,0.011,0.011,,
384480,0.010,0.010,0.010,0.011,0.011,,
384540,0.010,0.010,0.011,0.011,0.011,,
384600,0.010,0.010,0.011,0.011,0.011,,
384660,0.010,0.010,0.010,0.010,0.010,,
384720,0.010,0.010,0.010,0.011,0.011,,
384780,0.010,0.010,0.010,0.010,0.010,,
384840,0.010,0.010,0.010,0.010,0.010,,
384900,0.010,0.010,0.010,0.010,0.010,,
384960,0.009,0.010,0.010,0.010,0.010,,
385020,0.010,0.010,0.010,0.010,0.010,,
385080,0.009,0.010,0.010,0.010,0.010,,
385140,0.009,0.010,0.010,0.010,0.010,,
385200,0.009,0.010,0.010,0.010,0.010,,
385260,0.009,0.010,0.010,0.010,0.010,,
385320,0.009,0.010,0.010,0.010,0.010,,
385380,0.009,0.010,0.010,0.010,0.010,,
385440,0.010,0.010,0.010,0.010,0.010,,
385500,0.010,0.010,0.010,0.010,0.010,,
385560,0.010,0.010,0.010,0.010,0.010,,
385620,0.009,0.010,0.010,0.010,0.010,,
385680,0.009,0.010,0.010,0.010,0.010,,
385740,0.010,0.010,0.010,0.010,0.010,,
385800,0.009,0.010,0.010,0.010,0.010,,
385860,0.010,0.010,0.010,0.010,0.010,,
385920,0.010,0.010,0.010,0.010,0.010,,
385980,0.009,0.010,0.010,0.010,0.010,,
386040,0.009,0.010,0.010,0.010,0.010,,
386100,0.009,0.010,0.010,0.010,0.010,,
386160,0.010,0.010,0.010,0.010,0.010,,
386220,0.010,0.010,0.010,0.010,0.010,,
386280,0.009,0.010,0.010,0.010,0.010,,
386340,0.009,0.010,0.010,0.010,0.010,,
386400,0.009,0.009,0.010,0.010,0.010,,
386460,0.009,0.010,0.010,0.010,0.010,,
386520,0.009,0.010,0.010,0.010,0.010,,
386580,0.009,0.010,0.010,0.010,0.010,,
386640,0.009,0.009,0.010,0.010,0.010,,
386700,0.009,0.010,0.010,0.010,0.010,,
386760,0.009,0.009,0.010,0.010,0.010,,
386820,0.009,0.010,0.010,0.010,0.010,,
386880,0.009,0.010,0.010,0.010,0.010,,
386940,0.009,0.009,0.010,0.010,0.010,,
387000,0.009,0.009,0.010,0.010,0.010,,
387060,0.009,0.009,0.010,0.010,0.010,,
387120,0.009,0.009,0.010,0.010,0.010,,
387180,0.009,0.009,0.010,0.010,0.010,,
387240,0.009,0.010,0.010,0.010,0.010,,
387300,0.009,0.010,0.010,0.010,0.010,,
387360,0.009,0.010,0.010,0.010,0.010,,
387420,0.009,0.010,0.010,0.010,0.010,,
387480,0.009,0.009,0.010,0.010,0.010,,
387540,0.009,0.009,0.010,0.010,0.010,,
387600,0.009,0.009,0.010,0.010,0.010,,
387660,0.009,0.009,0.009,0.010,0.010,,
387720,0.009,0.009,0.009,0.010,0.010,,
387780,0.009,0.010,0.010,0.010,0.010,,
387840,0.009,0.010,0.010,0.010,0.010,,
387900,0.009,0.009,0.010,0.010,0.010,,
387960,0.009,0.010,0.010,0.010,0.010,,
388020,0.009,0.010,0.010,0.010,0.010,,
388080,0.009,0.010,0.010,0.010,0.010,,
388140,0.009,0.010,0.010,0.010,0.010,,
388200,0.009,0.009,0.010,0.010,0.010,,
388260,0.009,0.009,0.010,0.010,0.010,,
388320,0.009,0.010,0.010,0.010,0.010,,
388380,0.009,0.009,0.010,0.010,0.010,,
388440,0.009,0.009,0.010,0.010,0.010,,
388500,0.009,0.009,0.010,0.010,0.010,,
388560,0.009,0.009,0.009,0.009,0.009,,
388620,0.009,0.009,0.010,0.010,0.010,,
388680,0.009,0.009,0.010,0.010,0.010,,
388740,0.009,0.010,0.010,0.010,0.010,,
388800,0.009,0.010,0.010,0.010,0.010,,
388860,0.009,0.010,0.010,0.010,0.010,,
388920,0.009,0.009,0.010,0.010,0.010,,
388980,0.009,0.010,0.010,0.010,0.010,,
389040,0.009,0.010,0.010,0.010,0.010,,
389100,0.009,0.010,0.010,0.010,0.010,,
389160,0.009,0.009,0.009,0.009,0.009,,
389220,0.009,0.010,0.010,0.010,0.010,,
389280,0.009,0.010,0.010,0.010,0.010,,
389340,0.009,0.010,0.010,0.010,0.010,,
389400,0.009,0.010,0.010,0.010,0.010,,
389460,0.009,0.009,0.010,0.010,0.010,,
389520,0.009,0.010,0.010,0.010,0.010,,
389580,0.009,0.010,0.010,0.010,0.010,,
389640,0.009,0.010,0.010,0.010,0.010,,
389700,0.009,0.010,0.010,0.010,0.010,,
389760,0.009,0.009,0.009,0.010,0.010,,
389820,0.009,0.009,0.010,0.010,0.010,,
389880,0.009,0.009,0.009,0.009,0.009,,
389940,0.009,0.010,0.010,0.010,0.010,,
390000,0.009,0.009,0.010,0.010,0.010,,
390060,0.009,0.009,0.009,0.010,0.010,,
390120,0.009,0.009,0.009,0.010,0.010,,
390180,0.009,0.009,0.010,0.010,0.010,,
390240,0.009,0.009,0.010,0.010,0.010,,
390300,0.009,0.009,0.010,0.010,0.010,,
390360,0.009,0.009,0.010,0.010,0.010,,
390420,0.009,0.009,0.010,0.010,0.010,,
390480,0.009,0.009,0.009,0.009,0.009,,
390540,0.009,0.009,0.009,0.009,0.009,,
390600,0.009,0.009,0.010,0.010,0.010,,
390660,0.009,0.009,0.009,0.010,0.010,,
390720,0.009,0.009,0.010,0.010,0.010,,
390780,0.009,0.009,0.010,0.010,0.010,,
390840,0.009,0.009,0.010,0.010,0.010,,
390900,0.009,0.009,0.009,0.010,0.010,,
390960,0.009,0.009,0.010,0.010,0.010,,
391020,0.009,0.009,0.009,0.010,0.010,,
391080,0.009,0.010,0.010,0.010,0.010,,
391140,0.009,0.009,0.010,0.010,0.010,,
391200,0.009,0.009,0.010,0.010,0.010,,
391260,0.009,0.009,0.009,0.010,0.010,,
391320,0.009,0.010,0.010,0.010,0.010,,
391380,0.009,0.009,0.010,0.010,0.010,,
391440,0.009,0.009,0.009,0.010,0.010,,
391500,0.009,0.009,0.010,0.010,0.010,,
391560,0.009,0.009,0.010,0.010,0.010,,
391620,0.009,0.009,0.009,0.009,0.009,,
391680,0.009,0.010,0.010,0.010,0.010,,
391740,0.009,0.010,0.010,0.010,0.011,,
391800,0.009,0.009,0.010,0.010,0.010,,
391860,0.009,0.009,0.010,0.010,0.010,,
391920,0.009,0.009,0.010,0.010,0.010,,
391980,0.009,0.010,0.010,0.010,0.010,,
392040,0.009,0.010,0.010,0.010,0.010,,
392100,0.009,0.009,0.009,0.010,0.010,,
392160,0.009,0.009,0.009,0.009,0.009,,
392220,0.009,0.009,0.009,0.010,0.010,,
392280,0.009,0.009,0.010,0.010,0.010,,
392340,0.009,0.010,0.010,0.010,0.010,,
392400,0.009,0.010,0.010,0.010,0.010,,
392460,0.009,0.010,0.010,0.010,0.010,,
392520,0.009,0.009,0.010,0.010,0.010,,
392580,0.009,0.009,0.009,0.009,0.009,,
392640,0.009,0.009,0.009,0.010,0.010,,
392700,0.009,0.009,0.009,0.009,0.009,,
392760,0.009,0.010,0.010,0.010,0.010,,
392820,0.009,0.009,0.009,0.010,0.010,,
392880,0.009,0.009,0.010,0.010,0.010,,
392940,0.009,0.010,0.010,0.010,0.010,,
393000,0.009,0.009,0.010,0.010,0.010,,
393060,0.009,0.010,0.010,0.010,0.010,,
393120,0.009,0.010,0.010,0.010,0.010,,
393180,0.009,0.010,0.010,0.010,0.010,,
393240,0.009,0.009,0.010,0.010,0.010,,
393300,0.009,0.009,0.010,0.010,0.010,,
393360,0.009,0.010,0.010,0.010,0.010,,
393420,0.009,0.010,0.010,0.010,0.010,,
393480,0.009,0.010,0.010,0.010,0.010,,
393540,0.009,0.010,0.010,0.010,0.010,,
393600,0.009,0.009,0.010,0.010,0.010,,
393660,0.009,0.010,0.010,0.010,0.010,,
393720,0.009,0.010,0.010,0.010,0.010,,
393780,0.009,0.010,0.010,0.010,0.010,,
393840,0.009,0.010,0.010,0.010,0.010,,
393900,0.009,0.010,0.010,0.010,0.010,,
393960,0.009,0.010,0.010,0.010,0.011,,
394020,0.009,0.010,0.010,0.010,0.010,,
394080,0.009,0.010,0.010,0.010,0.010,,
394140,0.009,0.010,0.010,0.010,0.010,,
394200,0.009,0.009,0.010,0.010,0.010,,
394260,0.009,0.010,0.010,0.010,0.010,,
394320,0.009,0.010,0.010,0.010,0.010,,
394380,0.009,0.010,0.010,0.010,0.010,,
394440,0.009,0.010,0.010,0.010,0.010,,
394500,0.009,0.010,0.010,0.010,0.010,,
394560,0.009,0.009,0.010,0.010,0.010,,
394620,0.009,0.010,0.010,0.010,0.010,,
394680,0.009,0.010,0.010,0.010,0.010,,
394740,0.009,0.010,0.010,0.010,0.010,,
394800,0.009,0.010,0.010,0.010,0.010,,
394860,0.009,0.010,0.010,0.010,0.010,,
394920,0.009,0.010,0.010,0.010,0.010,,
394980,0.009,0.010,0.010,0.010,0.010,,
395040,0.009,0.010,0.010,0.011,0.011,,
395100,0.009,0.010,0.010,0.011,0.011,,
395160,0.009,0.010,0.010,0.010,0.010,,
395220,0.009,0.010,0.010,0.010,0.010,,
395280,0.009,0.010,0.010,0.011,0.011,,
395340,0.009,0.010,0.010,0.010,0.010,,
395400,0.009,0.010,0.010,0.011,0.011,,
395460,0.009,0.010,0.010,0.010,0.010,,
395520,0.009,0.010,0.010,0.011,0.011,,
395580,0.009,0.010,0.010,0.010,0.010,,
395640,0.009,0.010,0.010,0.010,0.010,,
395700,0.009,0.010,0.010,0.010,0.010,,
395760,0.009,0.010,0.010,0.010,0.010,,
395820,0.009,0.010,0.010,0.010,0.010,,
395880,0.009,0.010,0.010,0.011,0.011,,
395940,0.010,0.010,0.011,0.011,0.011,,
396000,0.009,0.010,0.010,0.010,0.010,,
396060,0.009,0.010,0.010,0.011,0.011,,
396120,0.009,0.010,0.010,0.010,0.010,,
396180,0.009,0.010,0.010,0.010,0.010,,
396240,0.009,0.010,0.010,0.010,0.010,,
396300,0.010,0.010,0.011,0.011,0.011,,
396360,0.009,0.010,0.010,0.010,0.010,,
396420,0.010,0.010,0.011,0.011,0.011,,
396480,0.010,0.010,0.011,0.011,0.011,,
396540,0.010,0.010,0.011,0.011,0.011,,
396600,0.009,0.010,0.010,0.010,0.010,,
396660,0.010,0.010,0.011,0.011,0.011,,
396720,0.010,0.010,0.011,0.011,0.011,,
396780,0.009,0.010,0.010,0.011,0.011,,
396840,0.009,0.010,0.011,0.011,0.011,,
396900,0.010,0.010,0.011,0.011,0.011,,
396960,0.010,0.011,0.011,0.011,0.011,,
397020,0.009,0.010,0.010,0.011,0.011,,
397080,0.010,0.010,0.011,0.011,0.011,,
397140,0.009,0.010,0.010,0.011,0.011,,
397200,0.010,0.010,0.011,0.011,0.011,,
397260,0.010,0.011,0.011,0.011,0.011,,
397320,0.010,0.011,0.011,0.011,0.011,,
397380,0.010,0.011,0.011,0.011,0.011,,
397440,0.010,0.011,0.011,0.011,0.011,,
397500,0.010,0.010,0.011,0.011,0.011,,
397560,0.009,0.010,0.011,0.011,0.011,,
397620,0.010,0.011,0.011,0.011,0.011,,
397680,0.010,0.011,0.011,0.011,0.011,,
397740,0.009,0.010,0.011,0.011,0.011,,
397800,0.010,0.011,0.011,0.011,0.011,,
397860,0.010,0.010,0.011,0.011,0.011,,
397920,0.010,0.011,0.011,0.011,0.011,,
397980,0.010,0.010,0.011,0.011,0.011,,
398040,0.010,0.011,0.011,0.011,0.011,,
398100,0.010,0.010,0.011,0.011,0.011,,
398160,0.010,0.011,0.011,0.011,0.011,,
398220,0.010,0.011,0.011,0.011,0.011,,
398280,0.010,0.011,0.011,0.011,0.011,,
398340,0.010,0.010,0.011,0.011,0.011,,
398400,0.010,0.011,0.011,0.012,0.012,,
398460,0.010,0.011,0.011,0.011,0.011,,
398520,0.010,0.011,0.011,0.011,0.011,,
398580,0.010,0.011,0.011,0.011,0.011,,
398640,0.010,0.011,0.011,0.011,0.011,,
398700,0.010,0.010,0.011,0.011,0.011,,
398760,0.010,0.011,0.011,0.011,0.011,,
398820,0.010,0.011,0.011,0.011,0.011,,
398880,0.010,0.011,0.011,0.011,0.011,,
398940,0.010,0.011,0.011,0.011,0.011,,
399000,0.010,0.010,0.011,0.011,0.011,,
399060,0.010,0.011,0.011,0.011,0.011,,
399120,0.010,0.011,0.011,0.011,0.011,,
399180,0.010,0.011,0.011,0.011,0.011,,
399240,0.010,0.011,0.011,0.011,0.011,,
399300,0.010,0.010,0.011,0.011,0.011,,
399360,0.010,0.010,0.010,0.010,0.010,,
399420,0.010,0.010,0.011,0.011,0.011,,
399480,0.010,0.010,0.011,0.011,0.012,,
399540,0.009,0.010,0.010,0.010,0.010,,
399600,0.010,0.010,0.011,0.011,0.011,,
399660,0.009,0.010,0.010,0.010,0.010,,
399720,0.010,0.010,0.011,0.011,0.011,,
399780,0.009,0.010,0.010,0.011,0.011,,
399840,0.009,0.010,0.010,0.010,0.010,,
399900,0.009,0.010,0.010,0.010,0.010,,
399960,0.009,0.010,0.010,0.010,0.010,,
400020,0.009,0.010,0.010,0.010,0.010,,
400080,0.010,0.010,0.011,0.011,0.011,,
400140,0.010,0.010,0.011,0.011,0.011,,
400200,0.010,0.010,0.010,0.011,0.011,,
400260,0.010,0.010,0.010,0.011,0.011,,
400320,0.009,0.010,0.010,0.010,0.011,,
400380,0.009,0.010,0.010,0.010,0.010,,
400440,0.009,0.010,0.010,0.011,0.011,,
400500,0.009,0.010,0.010,0.011,0.011,,
400560,0.009,0.010,0.010,0.011,0.011,,
400620,0.009,0.010,0.010,0.011,0.011,,
400680,0.009,0.010,0.010,0.010,0.010,,
400740,0.009,0.010,0.010,0.011,0.011,,
400800,0.009,0.010,0.010,0.011,0.011,,
400860,0.009,0.010,0.010,0.010,0.010,,
400920,0.009,0.010,0.010,0.010,0.010,,
400980,0.010,0.010,0.011,0.011,0.011,,
401040,0.009,0.010,0.010,0.011,0.011,,
401100,0.009,0.010,0.010,0.010,0.010,,
401160,0.009,0.010,0.010,0.010,0.010,,
401220,0.009,0.010,0.010,0.010,0.010,,
401280,0.009,0.010,0.010,0.010,0.010,,
401340,0.009,0.010,0.010,0.010,0.010,,
401400,0.009,0.010,0.010,0.011,0.011,,
401460,0.009,0.010,0.010,0.010,0.010,,
401520,0.009,0.010,0.010,0.010,0.010,,
401580,0.009,0.010,0.010,0.010,0.010,,
401640,0.009,0.010,0.010,0.010,0.010,,
401700,0.009,0.010,0.010,0.010,0.010,,
401760,0.009,0.010,0.010,0.010,0.010,,
401820,0.009,0.010,0.010,0.010,0.010,,
401880,0.009,0.010,0.010,0.010,0.010,,
401940,0.009,0.010,0.010,0.010,0.010,,
402000,0.010,0.010,0.010,0.010,0.011,,
402060,0.009,0.010,0.010,0.010,0.011,,
402120,0.010,0.010,0.011,0.011,0.012,,
402180,0.010,0.011,0.011,0.012,0.013,,
402240,0.009,0.010,0.010,0.011,0.011,,
402300,0.010,0.010,0.011,0.011,0.013,,
402360,0.011,0.012,0.012,0.015,0.018,,
402420,0.010,0.010,0.011,0.011,0.013,,
402480,0.011,0.011,0.012,0.013,0.018,,
402540,0.012,0.012,0.013,0.015,0.021,,
402600,0.012,0.013,0.013,0.017,0.022,,
402660,0.016,0.017,0.018,0.021,0.036,,
402720,0.014,0.015,0.016,0.021,0.033,,
402780,0.015,0.015,0.016,0.021,0.030,,
402840,0.013,0.014,0.015,0.018,0.027,,
402900,0.017,0.018,0.019,0.027,0.041,,
402960,0.017,0.017,0.018,0.023,0.037,,
403020,0.015,0.016,0.016,0.022,0.033,,
403080,0.016,0.017,0.018,0.025,0.039,,
403140,0.018,0.019,0.020,0.029,0.042,,
403200,0.023,0.025,0.027,0.042,0.071,,
403260,0.029,0.030,0.033,0.050,0.079,,
403320,0.029,0.030,0.033,0.050,0.082,,
403380,0.029,0.031,0.034,0.056,0.087,,
403440,0.033,0.034,0.038,0.061,0.103,,
403500,0.035,0.037,0.041,0.061,0.103,,
403560,0.035,0.038,0.041,0.067,0.112,,
403620,0.031,0.033,0.036,0.057,0.096,,
403680,0.036,0.038,0.041,0.062,0.104,,
403740,0.031,0.033,0.036,0.057,0.091,,
403800,0.032,0.034,0.037,0.053,0.086,,
403860,0.030,0.033,0.036,0.052,0.083,,
403920,0.032,0.035,0.038,0.059,0.095,,
403980,0.027,0.030,0.032,0.051,0.074,,
404040,0.030,0.032,0.034,0.050,0.080,,
404100,0.033,0.036,0.039,0.055,0.085,,
404160,0.033,0.036,0.039,0.059,0.096,,
404220,0.033,0.036,0.039,0.056,0.088,,
404280,0.033,0.036,0.039,0.057,0.088,,
404340,0.036,0.038,0.042,0.060,0.098,,
404400,0.033,0.036,0.039,0.056,0.087,,
404460,0.032,0.034,0.037,0.052,0.086,,
404520,0.031,0.033,0.036,0.050,0.073,,
404580,0.026,0.029,0.032,0.045,0.074,,
404640,0.028,0.030,0.033,0.048,0.075,,
404700,0.029,0.031,0.034,0.046,0.074,,
404760,0.025,0.028,0.030,0.041,0.061,,
404820,0.024,0.027,0.029,0.040,0.059,,
404880,0.027,0.029,0.032,0.045,0.065,,
404940,0.027,0.029,0.032,0.043,0.061,,
405000,0.022,0.024,0.026,0.036,0.056,,
405060,0.024,0.026,0.028,0.039,0.054,,
405120,0.029,0.032,0.035,0.048,0.072,,
405180,0.026,0.029,0.031,0.042,0.064,,
405240,0.025,0.027,0.030,0.040,0.060,,
405300,0.022,0.024,0.026,0.035,0.047,,
405360,0.024,0.026,0.028,0.036,0.047,,
405420,0.023,0.025,0.027,0.038,0.055,,
405480,0.026,0.028,0.031,0.040,0.059,,
405540,0.024,0.027,0.029,0.040,0.066,,
405600,0.028,0.030,0.033,0.045,0.073,,
405660,0.029,0.031,0.034,0.046,0.077,,
405720,0.024,0.026,0.029,0.042,0.065,,
405780,0.026,0.029,0.031,0.043,0.065,,
405840,0.023,0.026,0.028,0.040,0.063,,
405900,0.022,0.025,0.027,0.036,0.055,,
405960,0.026,0.028,0.030,0.041,0.064,,
406020,0.022,0.025,0.027,0.038,0.058,,
406080,0.022,0.025,0.027,0.038,0.052,,
406140,0.021,0.024,0.026,0.036,0.048,,
406200,0.023,0.025,0.028,0.037,0.056,,
406260,0.025,0.027,0.029,0.038,0.058,,
406320,0.020,0.022,0.024,0.031,0.041,,
406380,0.020,0.022,0.024,0.031,0.043,,
406440,0.019,0.022,0.024,0.030,0.044,,
406500,0.021,0.024,0.025,0.032,0.047,,
406560,0.019,0.021,0.023,0.029,0.037,,
406620,0.022,0.024,0.026,0.032,0.045,,
406680,0.020,0.022,0.024,0.030,0.040,,
406740,0.021,0.023,0.024,0.032,0.045,,
406800,0.023,0.025,0.027,0.036,0.053,,
406860,0.023,0.025,0.027,0.035,0.049,,
406920,0.022,0.024,0.026,0.034,0.047,,
406980,0.024,0.026,0.028,0.034,0.046,,
407040,0.021,0.023,0.024,0.032,0.042,,
407100,0.022,0.024,0.026,0.034,0.047,,
407160,0.022,0.024,0.026,0.033,0.051,,
407220,0.019,0.021,0.023,0.029,0.039,,
407280,0.020,0.022,0.023,0.028,0.041,,
407340,0.024,0.026,0.028,0.035,0.052,,
407400,0.025,0.027,0.030,0.041,0.061,,
407460,0.024,0.027,0.029,0.039,0.057,,
407520,0.024,0.026,0.029,0.044,0.059,,
407580,0.028,0.030,0.034,0.053,0.077,,
407640,0.029,0.032,0.035,0.053,0.074,,
407700,0.029,0.032,0.035,0.051,0.076,,
407760,0.025,0.027,0.030,0.046,0.064,,
407820,0.026,0.028,0.031,0.046,0.063,,
407880,0.024,0.027,0.030,0.045,0.059,,
407940,0.027,0.029,0.032,0.046,0.062,,
408000,0.024,0.027,0.030,0.044,0.062,,
408060,0.026,0.029,0.032,0.050,0.067,,
408120,0.027,0.030,0.032,0.048,0.068,,
408180,0.025,0.027,0.030,0.043,0.060,,
408240,0.026,0.028,0.031,0.045,0.063,,
408300,0.028,0.031,0.034,0.048,0.067,,
408360,0.028,0.031,0.034,0.048,0.070,,
408420,0.033,0.036,0.039,0.054,0.079,,
408480,0.026,0.029,0.032,0.046,0.067,,
408540,0.035,0.038,0.042,0.061,0.088,,
408600,0.032,0.035,0.038,0.058,0.084,,
408660,0.033,0.036,0.039,0.061,0.091,,
408720,0.032,0.035,0.038,0.060,0.089,,
408780,0.030,0.033,0.037,0.058,0.081,,
408840,0.029,0.032,0.035,0.052,0.077,,
408900,0.034,0.036,0.040,0.060,0.092,,
408960,0.044,0.046,0.050,0.071,0.104,,
409020,0.031,0.034,0.038,0.057,0.086,,
409080,0.033,0.036,0.040,0.060,0.095,,
409140,0.033,0.036,0.040,0.063,0.098,,
409200,0.035,0.038,0.042,0.063,0.096,,
409260,0.037,0.040,0.045,0.073,0.110,,
409320,0.047,0.050,0.055,0.086,0.141,,
409380,0.041,0.044,0.049,0.077,0.118,,
409440,0.038,0.041,0.045,0.071,0.108,,
409500,0.035,0.038,0.042,0.068,0.099,,
409560,0.036,0.039,0.043,0.068,0.103,,
409620,0.032,0.035,0.039,0.061,0.086,,
409680,0.033,0.036,0.040,0.060,0.087,,
409740,0.031,0.034,0.037,0.057,0.078,,
409800,0.032,0.035,0.039,0.059,0.085,,
409860,0.027,0.030,0.033,0.050,0.068,,
409920,0.027,0.030,0.034,0.050,0.066,,
409980,0.029,0.032,0.036,0.051,0.067,,
410040,0.028,0.031,0.035,0.052,0.068,,
410100,0.030,0.032,0.036,0.052,0.065,,
410160,0.025,0.028,0.031,0.045,0.058,,
410220,0.025,0.028,0.031,0.044,0.055,,
410280,0.023,0.025,0.028,0.038,0.051,,
410340,0.023,0.025,0.028,0.040,0.049,,
410400,0.023,0.025,0.028,0.036,0.047,,
410460,0.023,0.026,0.029,0.038,0.050,,
410520,0.022,0.024,0.027,0.037,0.045,,
410580,0.021,0.023,0.026,0.034,0.040,,
410640,0.022,0.024,0.026,0.035,0.042,,
410700,0.022,0.024,0.027,0.035,0.040,,
410760,0.024,0.026,0.029,0.039,0.049,,
410820,0.028,0.031,0.034,0.045,0.064,,
410880,0.024,0.027,0.029,0.041,0.054,,
410940,0.023,0.025,0.028,0.037,0.051,,
411000,0.025,0.027,0.030,0.039,0.053,,
411060,0.025,0.028,0.030,0.043,0.060,,
411120,0.024,0.026,0.029,0.038,0.058,,
411180,0.026,0.028,0.031,0.042,0.055,,
411240,0.022,0.024,0.027,0.037,0.051,,
411300,0.023,0.026,0.028,0.038,0.055,,
411360,0.023,0.025,0.027,0.037,0.056,,
411420,0.025,0.027,0.030,0.040,0.059,,
411480,0.025,0.027,0.030,0.039,0.062,,
411540,0.022,0.025,0.027,0.035,0.050,,
411600,0.021,0.023,0.025,0.033,0.040,,
411660,0.022,0.025,0.027,0.037,0.052,,
411720,0.025,0.027,0.030,0.040,0.057,,
411780,0.025,0.027,0.029,0.038,0.055,,
411840,0.024,0.026,0.028,0.037,0.056,,
411900,0.024,0.026,0.028,0.038,0.056,,
411960,0.022,0.024,0.026,0.034,0.045,,
412020,0.023,0.025,0.027,0.039,0.053,,
412080,0.020,0.022,0.024,0.030,0.044,,
412140,0.023,0.025,0.027,0.036,0.051,,
412200,0.023,0.025,0.027,0.035,0.053,,
412260,0.025,0.027,0.030,0.039,0.058,,
412320,0.020,0.023,0.024,0.031,0.047,,
412380,0.024,0.026,0.028,0.036,0.053,,
412440,0.025,0.027,0.030,0.041,0.063,,
412500,0.022,0.024,0.027,0.036,0.054,,
412560,0.024,0.026,0.028,0.038,0.059,,
412620,0.026,0.028,0.031,0.040,0.060,,
412680,0.023,0.025,0.027,0.036,0.051,,
412740,0.023,0.026,0.028,0.037,0.055,,
412800,0.026,0.028,0.030,0.041,0.065,,
412860,0.021,0.024,0.026,0.034,0.049,,
412920,0.023,0.025,0.027,0.036,0.055,,
412980,0.024,0.026,0.028,0.037,0.059,,
413040,0.025,0.027,0.029,0.038,0.058,,
413100,0.023,0.025,0.028,0.036,0.054,,
413160,0.021,0.023,0.025,0.032,0.049,,
413220,0.022,0.024,0.026,0.034,0.049,,
413280,0.023,0.025,0.027,0.035,0.051,,
413340,0.022,0.024,0.026,0.034,0.050,,
413400,0.024,0.026,0.028,0.037,0.056,,
413460,0.023,0.025,0.027,0.035,0.050,,
413520,0.022,0.024,0.026,0.035,0.046,,
413580,0.023,0.025,0.027,0.036,0.049,,
413640,0.025,0.027,0.029,0.037,0.060,,
413700,0.024,0.026,0.028,0.036,0.056,,
413760,0.021,0.023,0.025,0.034,0.046,,
413820,0.022,0.023,0.025,0.031,0.044,,
413880,0.020,0.022,0.024,0.032,0.047,,
413940,0.020,0.022,0.024,0.031,0.043,,
414000,0.020,0.022,0.024,0.031,0.044,,
414060,0.020,0.022,0.024,0.031,0.046,,
414120,0.021,0.023,0.025,0.033,0.045,,
414180,0.023,0.025,0.027,0.035,0.054,,
414240,0.020,0.022,0.024,0.031,0.043,,
414300,0.019,0.021,0.023,0.029,0.038,,
414360,0.018,0.020,0.021,0.027,0.037,,
414420,0.019,0.020,0.022,0.028,0.039,,
414480,0.020,0.022,0.023,0.030,0.042,,
414540,0.018,0.020,0.022,0.029,0.040,,
414600,0.021,0.023,0.025,0.031,0.043,,
414660,0.020,0.022,0.024,0.031,0.046,,
414720,0.020,0.022,0.024,0.033,0.047,,
414780,0.020,0.022,0.024,0.031,0.043,,
414840,0.021,0.023,0.025,0.031,0.047,,
414900,0.022,0.023,0.025,0.033,0.048,,
414960,0.020,0.022,0.024,0.034,0.048,,
415020,0.025,0.027,0.029,0.038,0.056,,
415080,0.023,0.025,0.027,0.035,0.054,,
415140,0.021,0.023,0.026,0.035,0.053,,
415200,0.024,0.026,0.028,0.039,0.063,,
415260,0.024,0.026,0.029,0.040,0.059,,
415320,0.026,0.027,0.030,0.040,0.066,,
415380,0.025,0.027,0.029,0.039,0.063,,
415440,0.025,0.027,0.030,0.040,0.064,,
415500,0.023,0.025,0.028,0.039,0.059,,
415560,0.030,0.032,0.035,0.046,0.078,,
415620,0.025,0.027,0.030,0.041,0.064,,
415680,0.022,0.024,0.026,0.035,0.051,,
415740,0.025,0.028,0.030,0.043,0.065,,
415800,0.027,0.029,0.032,0.044,0.074,,
415860,0.028,0.030,0.033,0.046,0.080,,
415920,0.032,0.035,0.038,0.053,0.091,,
415980,0.033,0.035,0.039,0.055,0.093,,
416040,0.028,0.031,0.034,0.045,0.070,,
416100,0.029,0.032,0.035,0.050,0.078,,
416160,0.031,0.033,0.037,0.053,0.083,,
416220,0.027,0.029,0.032,0.046,0.069,,
416280,0.027,0.029,0.032,0.046,0.065,,
416340,0.025,0.027,0.030,0.042,0.060,,
416400,0.025,0.027,0.029,0.042,0.058,,
416460,0.023,0.025,0.028,0.038,0.056,,
416520,0.022,0.024,0.027,0.037,0.047,,
416580,0.021,0.023,0.026,0.033,0.045,,
416640,0.020,0.022,0.025,0.034,0.044,,
416700,0.020,0.022,0.024,0.032,0.042,,
416760,0.021,0.023,0.025,0.035,0.044,,
416820,0.021,0.023,0.025,0.033,0.043,,
416880,0.020,0.022,0.024,0.031,0.041,,
416940,0.022,0.024,0.026,0.035,0.046,,
417000,0.020,0.022,0.024,0.033,0.041,,
417060,0.019,0.021,0.023,0.031,0.039,,
417120,0.020,0.022,0.024,0.030,0.039,,
417180,0.021,0.023,0.025,0.033,0.043,,
417240,0.018,0.020,0.022,0.031,0.038,,
417300,0.018,0.020,0.022,0.030,0.039,,
417360,0.019,0.021,0.023,0.031,0.041,,
417420,0.016,0.017,0.019,0.027,0.034,,
417480,0.015,0.017,0.018,0.025,0.031,,
417540,0.017,0.019,0.021,0.029,0.034,,
417600,0.016,0.018,0.020,0.026,0.035,,
417660,0.017,0.019,0.020,0.026,0.032,,
417720,0.017,0.019,0.021,0.027,0.034,,
417780,0.022,0.024,0.026,0.034,0.048,,
417840,0.028,0.030,0.033,0.046,0.071,,
417900,0.037,0.039,0.043,0.066,0.100,,
417960,0.037,0.039,0.042,0.058,0.089,,
418020,0.025,0.027,0.030,0.044,0.070,,
418080,0.025,0.027,0.030,0.044,0.061,,
418140,0.025,0.027,0.029,0.041,0.062,,
418200,0.023,0.025,0.027,0.040,0.057,,
418260,0.023,0.025,0.027,0.039,0.056,,
418320,0.024,0.026,0.028,0.040,0.057,,
418380,0.026,0.027,0.030,0.044,0.069,,
418440,0.022,0.024,0.026,0.038,0.058,,
418500,0.021,0.023,0.025,0.038,0.054,,
418560,0.021,0.023,0.026,0.037,0.054,,
418620,0.023,0.025,0.028,0.041,0.060,,
418680,0.024,0.026,0.028,0.043,0.064,,
418740,0.027,0.028,0.030,0.042,0.059,,
418800,0.021,0.023,0.025,0.040,0.055,,
418860,0.023,0.025,0.027,0.040,0.062,,
418920,0.022,0.024,0.027,0.039,0.058,,
418980,0.017,0.019,0.021,0.031,0.043,,
419040,0.025,0.026,0.028,0.040,0.062,,
419100,0.017,0.018,0.020,0.029,0.042,,
419160,0.022,0.023,0.025,0.035,0.054,,
419220,0.022,0.023,0.025,0.035,0.055,,
419280,0.021,0.022,0.024,0.033,0.052,,
419340,0.020,0.021,0.023,0.034,0.056,,
419400,0.024,0.026,0.028,0.041,0.071,,
419460,0.023,0.024,0.026,0.042,0.068,,
419520,0.021,0.022,0.024,0.038,0.059,,
419580,0.027,0.028,0.029,0.041,0.060,,
419640,0.021,0.022,0.024,0.036,0.056,,
419700,0.016,0.017,0.018,0.026,0.046,,
419760,0.023,0.024,0.026,0.044,0.071,,
419820,0.022,0.023,0.025,0.043,0.063,,
419880,0.020,0.021,0.024,0.039,0.060,,
419940,0.017,0.018,0.020,0.032,0.049,,
420000,0.019,0.021,0.022,0.036,0.059,,
420060,0.017,0.018,0.020,0.030,0.050,,
420120,0.014,0.015,0.016,0.024,0.041,,
420180,0.015,0.016,0.017,0.024,0.041,,
420240,0.013,0.014,0.015,0.025,0.041,,
420300,0.016,0.017,0.018,0.024,0.040,,
420360,0.015,0.016,0.018,0.027,0.042,,
420420,0.021,0.022,0.024,0.036,0.055,,
420480,0.020,0.021,0.023,0.037,0.052,,
420540,0.015,0.016,0.018,0.029,0.042,,
420600,0.014,0.015,0.017,0.024,0.040,,
420660,0.013,0.014,0.015,0.023,0.037,,
420720,0.017,0.018,0.019,0.030,0.043,,
420780,0.022,0.023,0.025,0.037,0.055,,
420840,0.025,0.026,0.028,0.043,0.067,,
420900,0.026,0.027,0.029,0.046,0.071,,
420960,0.024,0.025,0.027,0.046,0.080,,
421020,0.019,0.020,0.022,0.034,0.052,,
421080,0.017,0.018,0.019,0.030,0.046,,
421140,0.016,0.017,0.018,0.028,0.043,,
421200,0.015,0.016,0.017,0.026,0.038,,
421260,0.016,0.017,0.018,0.029,0.043,,
421320,0.015,0.016,0.017,0.026,0.039,,
421380,0.017,0.017,0.019,0.028,0.042,,
421440,0.017,0.018,0.020,0.031,0.049,,
421500,0.021,0.022,0.024,0.036,0.056,,
421560,0.016,0.017,0.019,0.029,0.048,,
421620,0.021,0.022,0.024,0.038,0.063,,
421680,0.019,0.020,0.022,0.032,0.053,,
421740,0.015,0.015,0.017,0.027,0.042,,
421800,0.013,0.014,0.016,0.023,0.036,,
421860,0.012,0.012,0.014,0.020,0.035,,
421920,0.013,0.013,0.015,0.023,0.035,,
421980,0.013,0.014,0.015,0.023,0.034,,
422040,0.013,0.013,0.015,0.022,0.034,,
422100,0.014,0.014,0.016,0.024,0.037,,
422160,0.010,0.011,0.012,0.018,0.026,,
422220,0.012,0.012,0.013,0.021,0.031,,
422280,0.013,0.014,0.015,0.023,0.033,,
422340,0.014,0.015,0.016,0.025,0.043,,
422400,0.018,0.019,0.020,0.030,0.051,,
422460,0.016,0.017,0.019,0.026,0.044,,
422520,0.015,0.015,0.017,0.026,0.044,,
422580,0.023,0.024,0.026,0.040,0.069,,
422640,0.033,0.034,0.036,0.050,0.092,,
422700,0.019,0.020,0.022,0.036,0.060,,
422760,0.025,0.026,0.029,0.045,0.081,,
422820,0.017,0.018,0.019,0.030,0.046,,
422880,0.013,0.014,0.015,0.022,0.037,,
422940,0.013,0.014,0.015,0.022,0.033,,
423000,0.014,0.015,0.016,0.024,0.037,,
423060,0.012,0.013,0.014,0.019,0.031,,
423120,0.013,0.014,0.015,0.023,0.037,,
423180,0.013,0.014,0.015,0.023,0.038,,
423240,0.012,0.013,0.014,0.021,0.031,,
423300,0.017,0.018,0.020,0.029,0.053,,
423360,0.018,0.018,0.020,0.029,0.054,,
423420,0.015,0.016,0.017,0.025,0.044,,
423480,0.016,0.017,0.018,0.025,0.039,,
423540,0.014,0.015,0.016,0.024,0.041,,
423600,0.013,0.014,0.015,0.021,0.032,,
423660,0.015,0.016,0.017,0.025,0.044,,
423720,0.015,0.016,0.017,0.025,0.046,,
423780,0.012,0.013,0.014,0.019,0.032,,
423840,0.015,0.016,0.017,0.022,0.038,,
423900,0.016,0.017,0.018,0.025,0.038,,
423960,0.013,0.014,0.015,0.021,0.034,,
424020,0.018,0.019,0.020,0.028,0.044,,
424080,0.012,0.013,0.014,0.019,0.027,,
424140,0.015,0.016,0.017,0.023,0.038,,
424200,0.012,0.012,0.013,0.018,0.029,,
424260,0.013,0.014,0.015,0.022,0.034,,
424320,0.013,0.014,0.015,0.022,0.034,,
424380,0.012,0.013,0.014,0.020,0.034,,
424440,0.014,0.014,0.016,0.024,0.040,,
424500,0.017,0.018,0.019,0.027,0.046,,
424560,0.016,0.016,0.018,0.025,0.047,,
424620,0.012,0.013,0.014,0.020,0.031,,
424680,0.012,0.013,0.014,0.020,0.032,,
424740,0.013,0.014,0.015,0.022,0.035,,
424800,0.018,0.019,0.020,0.030,0.056,,
424860,0.018,0.019,0.020,0.029,0.051,,
424920,0.015,0.015,0.017,0.024,0.041,,
424980,0.014,0.015,0.016,0.024,0.036,,
425040,0.020,0.021,0.022,0.033,0.056,,
425100,0.013,0.014,0.015,0.022,0.039,,
425160,0.019,0.020,0.021,0.030,0.049,,
425220,0.016,0.016,0.018,0.027,0.046,,
425280,0.021,0.022,0.023,0.036,0.058,,
425340,0.019,0.020,0.021,0.034,0.059,,
425400,0.041,0.042,0.043,0.051,0.072,,
425460,0.016,0.017,0.018,0.027,0.046,,
425520,0.019,0.020,0.022,0.033,0.056,,
425580,0.023,0.024,0.026,0.039,0.067,,
425640,0.016,0.016,0.018,0.028,0.046,,
425700,0.018,0.019,0.021,0.030,0.047,,
425760,0.014,0.015,0.017,0.024,0.042,,
425820,0.017,0.018,0.019,0.029,0.048,,
425880,0.013,0.014,0.015,0.024,0.038,,
425940,0.014,0.015,0.017,0.027,0.046,,
426000,0.013,0.014,0.015,0.024,0.036,,
426060,0.019,0.020,0.022,0.032,0.052,,
426120,0.017,0.018,0.020,0.033,0.055,,
426180,0.021,0.022,0.024,0.039,0.065,,
426240,0.018,0.019,0.021,0.034,0.050,,
426300,0.020,0.021,0.023,0.036,0.059,,
426360,0.023,0.024,0.027,0.043,0.079,,
426420,0.020,0.021,0.024,0.038,0.062,,
426480,0.018,0.019,0.022,0.036,0.058,,
426540,0.016,0.017,0.020,0.033,0.053,,
426600,0.017,0.018,0.021,0.032,0.052,,
426660,0.015,0.016,0.018,0.029,0.046,,
426720,0.018,0.019,0.021,0.034,0.053,,
426780,0.015,0.017,0.019,0.031,0.047,,
426840,0.016,0.017,0.019,0.028,0.045,,
426900,0.016,0.018,0.020,0.030,0.051,,
426960,0.019,0.021,0.023,0.037,0.060,,
427020,0.022,0.023,0.025,0.038,0.068,,
427080,0.020,0.022,0.024,0.037,0.066,,
427140,0.026,0.027,0.030,0.047,0.084,,
427200,0.033,0.034,0.037,0.056,0.101,,
427260,0.030,0.032,0.035,0.056,0.097,,
427320,0.029,0.030,0.033,0.053,0.095,,
427380,0.026,0.027,0.030,0.049,0.086,,
427440,0.021,0.023,0.026,0.040,0.067,,
427500,0.020,0.021,0.023,0.037,0.062,,
427560,0.019,0.020,0.022,0.036,0.055,,
427620,0.020,0.021,0.024,0.036,0.063,,
427680,0.018,0.020,0.022,0.034,0.058,,
427740,0.019,0.020,0.023,0.037,0.056,,
427800,0.020,0.021,0.024,0.037,0.052,,
427860,0.017,0.018,0.020,0.031,0.047,,
427920,0.018,0.019,0.022,0.033,0.053,,
427980,0.015,0.017,0.019,0.032,0.049,,
428040,0.019,0.020,0.023,0.034,0.053,,
428100,0.025,0.026,0.029,0.043,0.072,,
428160,0.015,0.016,0.019,0.030,0.043,,
428220,0.020,0.021,0.023,0.036,0.056,,
428280,0.015,0.016,0.018,0.028,0.041,,
428340,0.016,0.017,0.020,0.031,0.044,,
428400,0.017,0.018,0.021,0.030,0.048,,
428460,0.018,0.020,0.022,0.034,0.059,,
428520,0.021,0.022,0.024,0.037,0.056,,
428580,0.019,0.020,0.023,0.036,0.060,,
428640,0.018,0.019,0.022,0.031,0.050,,
428700,0.016,0.017,0.019,0.030,0.042,,
428760,0.017,0.019,0.021,0.031,0.049,,
428820,0.018,0.019,0.021,0.030,0.050,,
428880,0.014,0.015,0.018,0.026,0.036,,
428940,0.016,0.017,0.020,0.031,0.041,,
429000,0.015,0.016,0.019,0.028,0.039,,
429060,0.016,0.017,0.019,0.028,0.041,,
429120,0.016,0.017,0.019,0.028,0.038,,
429180,0.023,0.024,0.026,0.037,0.060,,
429240,0.019,0.021,0.023,0.034,0.059,,
429300,0.023,0.024,0.026,0.040,0.068,,
429360,0.028,0.029,0.031,0.040,0.060,,
429420,0.018,0.019,0.021,0.031,0.047,,
429480,0.021,0.022,0.024,0.037,0.061,,
429540,0.020,0.022,0.024,0.036,0.058,,
429600,0.023,0.024,0.026,0.037,0.060,,
429660,0.022,0.023,0.025,0.036,0.058,,
429720,0.021,0.022,0.024,0.036,0.059,,
429780,0.019,0.020,0.022,0.034,0.052,,
429840,0.018,0.019,0.021,0.030,0.045,,
429900,0.016,0.017,0.019,0.028,0.041,,
429960,0.019,0.020,0.022,0.032,0.051,,
430020,0.021,0.022,0.024,0.033,0.055,,
430080,0.017,0.018,0.020,0.027,0.043,,
430140,0.019,0.020,0.022,0.033,0.052,,
430200,0.033,0.034,0.036,0.051,0.080,,
430260,0.024,0.025,0.028,0.041,0.068,,
430320,0.033,0.035,0.038,0.058,0.104,,
430380,0.026,0.027,0.030,0.048,0.077,,
430440,0.033,0.034,0.037,0.059,0.106,,
430500,0.037,0.039,0.043,0.068,0.119,,
